/* Generated motor tables (byte-exact from python/motor_tables.py). Do not edit. */
/* Produced by the generated ramp: no vendor data is embedded. The 300/600/1200 */
/* decel tails are the substituted reversed-master-ramp windows.               */
#ifndef CANON8000F_TABLES_H
#define CANON8000F_TABLES_H

static const unsigned char MASTER_RAMP[4712] = {
  0x80,0x03,0xf8,0xfb,0x00,0x03,0x95,0x9a,0x00,0x03,0x43,0xea,0x00,0x02,0xff,0x95,
  0x00,0x02,0xc5,0x94,0x00,0x02,0x93,0xb9,0x00,0x02,0x68,0x6a,0x00,0x02,0x42,0x71,
  0x00,0x02,0x20,0xe1,0x00,0x02,0x02,0xfe,0x00,0x01,0xe8,0x38,0x00,0x01,0xd0,0x16,
  0x00,0x01,0xba,0x3b,0x00,0x01,0xa6,0x57,0x00,0x01,0x94,0x29,0x00,0x01,0x83,0x7c,
  0x00,0x01,0x74,0x21,0x00,0x01,0x65,0xf1,0x00,0x01,0x58,0xcc,0x00,0x01,0x4c,0x96,
  0x00,0x01,0x41,0x35,0x00,0x01,0x36,0x96,0x00,0x01,0x2c,0xa4,0x00,0x01,0x23,0x50,
  0x00,0x01,0x1a,0x8c,0x00,0x01,0x12,0x4b,0x00,0x01,0x0a,0x82,0x00,0x01,0x03,0x27,
  0x00,0x00,0xfc,0x31,0x00,0x00,0xf5,0x99,0x00,0x00,0xef,0x56,0x00,0x00,0xe9,0x63,
  0x00,0x00,0xe3,0xba,0x00,0x00,0xde,0x56,0x00,0x00,0xd9,0x31,0x00,0x00,0xd4,0x48,
  0x00,0x00,0xcf,0x97,0x00,0x00,0xcb,0x19,0x00,0x00,0xc6,0xcd,0x00,0x00,0xc2,0xad,
  0x00,0x00,0xbe,0xb9,0x00,0x00,0xba,0xed,0x00,0x00,0xb7,0x47,0x00,0x00,0xb3,0xc5,
  0x00,0x00,0xb0,0x64,0x00,0x00,0xad,0x24,0x00,0x00,0xaa,0x01,0x00,0x00,0xa6,0xfb,
  0x00,0x00,0xa4,0x10,0x00,0x00,0xa1,0x3f,0x00,0x00,0x9e,0x86,0x00,0x00,0x9b,0xe4,
  0x00,0x00,0x99,0x59,0x00,0x00,0x96,0xe2,0x00,0x00,0x94,0x7f,0x00,0x00,0x92,0x2f,
  0x00,0x00,0x8f,0xf2,0x00,0x00,0x8d,0xc5,0x00,0x00,0x8b,0xa9,0x00,0x00,0x89,0x9d,
  0x00,0x00,0x87,0xa1,0x00,0x00,0x85,0xb2,0x00,0x00,0x83,0xd2,0x00,0x00,0x81,0xfe,
  0x00,0x00,0x80,0x38,0x00,0x00,0x7e,0x7e,0x00,0x00,0x7c,0xcf,0x00,0x00,0x7b,0x2c,
  0x00,0x00,0x79,0x94,0x00,0x00,0x78,0x06,0x00,0x00,0x76,0x82,0x00,0x00,0x75,0x08,
  0x00,0x00,0x73,0x97,0x00,0x00,0x72,0x30,0x00,0x00,0x70,0xd0,0x00,0x00,0x6f,0x79,
  0x00,0x00,0x6e,0x2b,0x00,0x00,0x6c,0xe4,0x00,0x00,0x6b,0xa4,0x00,0x00,0x6a,0x6c,
  0x00,0x00,0x69,0x3a,0x00,0x00,0x68,0x10,0x00,0x00,0x66,0xec,0x00,0x00,0x65,0xce,
  0x00,0x00,0x64,0xb7,0x00,0x00,0x63,0xa5,0x00,0x00,0x62,0x99,0x00,0x00,0x61,0x93,
  0x00,0x00,0x60,0x92,0x00,0x00,0x5f,0x96,0x00,0x00,0x5e,0xa0,0x00,0x00,0x5d,0xae,
  0x00,0x00,0x5c,0xc1,0x00,0x00,0x5b,0xd9,0x00,0x00,0x5a,0xf5,0x00,0x00,0x5a,0x16,
  0x00,0x00,0x59,0x3b,0x00,0x00,0x58,0x64,0x00,0x00,0x57,0x90,0x00,0x00,0x56,0xc1,
  0x00,0x00,0x55,0xf6,0x00,0x00,0x55,0x2e,0x00,0x00,0x54,0x6a,0x00,0x00,0x53,0xaa,
  0x00,0x00,0x52,0xed,0x00,0x00,0x52,0x33,0x00,0x00,0x51,0x7c,0x00,0x00,0x50,0xc9,
  0x00,0x00,0x50,0x18,0x00,0x00,0x4f,0x6b,0x00,0x00,0x4e,0xc0,0x00,0x00,0x4e,0x19,
  0x00,0x00,0x4d,0x74,0x00,0x00,0x4c,0xd2,0x00,0x00,0x4c,0x32,0x00,0x00,0x4b,0x95,
  0x00,0x00,0x4a,0xfa,0x00,0x00,0x4a,0x62,0x00,0x00,0x49,0xcd,0x00,0x00,0x49,0x39,
  0x00,0x00,0x48,0xa8,0x00,0x00,0x48,0x1a,0x00,0x00,0x47,0x8d,0x00,0x00,0x47,0x02,
  0x00,0x00,0x46,0x7a,0x00,0x00,0x45,0xf3,0x00,0x00,0x45,0x6f,0x00,0x00,0x44,0xed,
  0x00,0x00,0x44,0x6c,0x00,0x00,0x43,0xed,0x00,0x00,0x43,0x70,0x00,0x00,0x42,0xf5,
  0x00,0x00,0x42,0x7c,0x00,0x00,0x42,0x04,0x00,0x00,0x41,0x8e,0x00,0x00,0x41,0x1a,
  0x00,0x00,0x40,0xa7,0x00,0x00,0x40,0x36,0x00,0x00,0x3f,0xc6,0x00,0x00,0x3f,0x58,
  0x00,0x00,0x3e,0xeb,0x00,0x00,0x3e,0x80,0x00,0x00,0x3e,0x16,0x00,0x00,0x3d,0xae,
  0x00,0x00,0x3d,0x47,0x00,0x00,0x3c,0xe1,0x00,0x00,0x3c,0x7d,0x00,0x00,0x3c,0x1a,
  0x00,0x00,0x3b,0xb8,0x00,0x00,0x3b,0x57,0x00,0x00,0x3a,0xf8,0x00,0x00,0x3a,0x9a,
  0x00,0x00,0x3a,0x3d,0x00,0x00,0x39,0xe1,0x00,0x00,0x39,0x86,0x00,0x00,0x39,0x2c,
  0x00,0x00,0x38,0xd4,0x00,0x00,0x38,0x7c,0x00,0x00,0x38,0x26,0x00,0x00,0x37,0xd0,
  0x00,0x00,0x37,0x7c,0x00,0x00,0x37,0x28,0x00,0x00,0x36,0xd6,0x00,0x00,0x36,0x84,
  0x00,0x00,0x36,0x34,0x00,0x00,0x35,0xe4,0x00,0x00,0x35,0x95,0x00,0x00,0x35,0x48,
  0x00,0x00,0x34,0xfb,0x00,0x00,0x34,0xaf,0x00,0x00,0x34,0x63,0x00,0x00,0x34,0x19,
  0x00,0x00,0x33,0xcf,0x00,0x00,0x33,0x87,0x00,0x00,0x33,0x3f,0x00,0x00,0x32,0xf7,
  0x00,0x00,0x32,0xb1,0x00,0x00,0x32,0x6b,0x00,0x00,0x32,0x26,0x00,0x00,0x31,0xe2,
  0x00,0x00,0x31,0x9f,0x00,0x00,0x31,0x5c,0x00,0x00,0x31,0x1a,0x00,0x00,0x30,0xd8,
  0x00,0x00,0x30,0x98,0x00,0x00,0x30,0x58,0x00,0x00,0x30,0x18,0x00,0x00,0x2f,0xd9,
  0x00,0x00,0x2f,0x9b,0x00,0x00,0x2f,0x5e,0x00,0x00,0x2f,0x21,0x00,0x00,0x2e,0xe5,
  0x00,0x00,0x2e,0xa9,0x00,0x00,0x2e,0x6e,0x00,0x00,0x2e,0x34,0x00,0x00,0x2d,0xfa,
  0x00,0x00,0x2d,0xc0,0x00,0x00,0x2d,0x87,0x00,0x00,0x2d,0x4f,0x00,0x00,0x2d,0x17,
  0x00,0x00,0x2c,0xe0,0x00,0x00,0x2c,0xaa,0x00,0x00,0x2c,0x74,0x00,0x00,0x2c,0x3e,
  0x00,0x00,0x2c,0x09,0x00,0x00,0x2b,0xd4,0x00,0x00,0x2b,0xa0,0x00,0x00,0x2b,0x6c,
  0x00,0x00,0x2b,0x39,0x00,0x00,0x2b,0x07,0x00,0x00,0x2a,0xd4,0x00,0x00,0x2a,0xa2,
  0x00,0x00,0x2a,0x71,0x00,0x00,0x2a,0x40,0x00,0x00,0x2a,0x10,0x00,0x00,0x29,0xe0,
  0x00,0x00,0x29,0xb0,0x00,0x00,0x29,0x81,0x00,0x00,0x29,0x52,0x00,0x00,0x29,0x24,
  0x00,0x00,0x28,0xf6,0x00,0x00,0x28,0xc8,0x00,0x00,0x28,0x9b,0x00,0x00,0x28,0x6f,
  0x00,0x00,0x28,0x42,0x00,0x00,0x28,0x16,0x00,0x00,0x27,0xea,0x00,0x00,0x27,0xbf,
  0x00,0x00,0x27,0x94,0x00,0x00,0x27,0x6a,0x00,0x00,0x27,0x40,0x00,0x00,0x27,0x16,
  0x00,0x00,0x26,0xec,0x00,0x00,0x26,0xc3,0x00,0x00,0x26,0x9a,0x00,0x00,0x26,0x72,
  0x00,0x00,0x26,0x4a,0x00,0x00,0x26,0x22,0x00,0x00,0x25,0xfa,0x00,0x00,0x25,0xd3,
  0x00,0x00,0x25,0xac,0x00,0x00,0x25,0x86,0x00,0x00,0x25,0x60,0x00,0x00,0x25,0x3a,
  0x00,0x00,0x25,0x14,0x00,0x00,0x24,0xef,0x00,0x00,0x24,0xca,0x00,0x00,0x24,0xa5,
  0x00,0x00,0x24,0x81,0x00,0x00,0x24,0x5c,0x00,0x00,0x24,0x38,0x00,0x00,0x24,0x15,
  0x00,0x00,0x23,0xf1,0x00,0x00,0x23,0xce,0x00,0x00,0x23,0xac,0x00,0x00,0x23,0x89,
  0x00,0x00,0x23,0x67,0x00,0x00,0x23,0x45,0x00,0x00,0x23,0x23,0x00,0x00,0x23,0x01,
  0x00,0x00,0x22,0xe0,0x00,0x00,0x22,0xbf,0x00,0x00,0x22,0x9e,0x00,0x00,0x22,0x7e,
  0x00,0x00,0x22,0x5d,0x00,0x00,0x22,0x3d,0x00,0x00,0x22,0x1d,0x00,0x00,0x21,0xfe,
  0x00,0x00,0x21,0xde,0x00,0x00,0x21,0xbf,0x00,0x00,0x21,0xa0,0x00,0x00,0x21,0x82,
  0x00,0x00,0x21,0x63,0x00,0x00,0x21,0x45,0x00,0x00,0x21,0x27,0x00,0x00,0x21,0x09,
  0x00,0x00,0x20,0xeb,0x00,0x00,0x20,0xce,0x00,0x00,0x20,0xb0,0x00,0x00,0x20,0x93,
  0x00,0x00,0x20,0x77,0x00,0x00,0x20,0x5a,0x00,0x00,0x20,0x3e,0x00,0x00,0x20,0x21,
  0x00,0x00,0x20,0x05,0x00,0x00,0x1f,0xe9,0x00,0x00,0x1f,0xce,0x00,0x00,0x1f,0xb2,
  0x00,0x00,0x1f,0x97,0x00,0x00,0x1f,0x7c,0x00,0x00,0x1f,0x61,0x00,0x00,0x1f,0x46,
  0x00,0x00,0x1f,0x2b,0x00,0x00,0x1f,0x11,0x00,0x00,0x1e,0xf7,0x00,0x00,0x1e,0xdd,
  0x00,0x00,0x1e,0xc3,0x00,0x00,0x1e,0xa9,0x00,0x00,0x1e,0x90,0x00,0x00,0x1e,0x76,
  0x00,0x00,0x1e,0x5d,0x00,0x00,0x1e,0x44,0x00,0x00,0x1e,0x2b,0x00,0x00,0x1e,0x12,
  0x00,0x00,0x1d,0xfa,0x00,0x00,0x1d,0xe1,0x00,0x00,0x1d,0xc9,0x00,0x00,0x1d,0xb1,
  0x00,0x00,0x1d,0x99,0x00,0x00,0x1d,0x81,0x00,0x00,0x1d,0x6a,0x00,0x00,0x1d,0x52,
  0x00,0x00,0x1d,0x3b,0x00,0x00,0x1d,0x23,0x00,0x00,0x1d,0x0c,0x00,0x00,0x1c,0xf5,
  0x00,0x00,0x1c,0xdf,0x00,0x00,0x1c,0xc8,0x00,0x00,0x1c,0xb1,0x00,0x00,0x1c,0x9b,
  0x00,0x00,0x1c,0x85,0x00,0x00,0x1c,0x6f,0x00,0x00,0x1c,0x59,0x00,0x00,0x1c,0x43,
  0x00,0x00,0x1c,0x2d,0x00,0x00,0x1c,0x18,0x00,0x00,0x1c,0x02,0x00,0x00,0x1b,0xed,
  0x00,0x00,0x1b,0xd8,0x00,0x00,0x1b,0xc3,0x00,0x00,0x1b,0xae,0x00,0x00,0x1b,0x99,
  0x00,0x00,0x1b,0x84,0x00,0x00,0x1b,0x6f,0x00,0x00,0x1b,0x5e,0x00,0x00,0x1b,0x4b,
  0x00,0x00,0x1b,0x39,0x00,0x00,0x1b,0x28,0x00,0x00,0x1b,0x16,0x00,0x00,0x1b,0x05,
  0x00,0x00,0x1a,0xf5,0x00,0x00,0x1a,0xe3,0x00,0x00,0x1a,0xd3,0x00,0x00,0x1a,0xc1,
  0x00,0x00,0x1a,0xb1,0x00,0x00,0x1a,0xa1,0x00,0x00,0x1a,0x92,0x00,0x00,0x1a,0x82,
  0x00,0x00,0x1a,0x71,0x00,0x00,0x1a,0x61,0x00,0x00,0x1a,0x52,0x00,0x00,0x1a,0x43,
  0x00,0x00,0x1a,0x34,0x00,0x00,0x1a,0x25,0x00,0x00,0x1a,0x16,0x00,0x00,0x1a,0x07,
  0x00,0x00,0x19,0xf8,0x00,0x00,0x19,0xea,0x00,0x00,0x19,0xdd,0x00,0x00,0x19,0xcf,
  0x00,0x00,0x19,0xc0,0x00,0x00,0x19,0xb2,0x00,0x00,0x19,0xa4,0x00,0x00,0x19,0x97,
  0x00,0x00,0x19,0x89,0x00,0x00,0x19,0x7b,0x00,0x00,0x19,0x6f,0x00,0x00,0x19,0x61,
  0x00,0x00,0x19,0x54,0x00,0x00,0x19,0x48,0x00,0x00,0x19,0x3a,0x00,0x00,0x19,0x2e,
  0x00,0x00,0x19,0x20,0x00,0x00,0x19,0x13,0x00,0x00,0x19,0x07,0x00,0x00,0x18,0xfc,
  0x00,0x00,0x18,0xef,0x00,0x00,0x18,0xe4,0x00,0x00,0x18,0xd7,0x00,0x00,0x18,0xcb,
  0x00,0x00,0x18,0xc0,0x00,0x00,0x18,0xb3,0x00,0x00,0x18,0xa8,0x00,0x00,0x18,0x9b,
  0x00,0x00,0x18,0x90,0x00,0x00,0x18,0x85,0x00,0x00,0x18,0x7b,0x00,0x00,0x18,0x70,
  0x00,0x00,0x18,0x64,0x00,0x00,0x18,0x59,0x00,0x00,0x18,0x4e,0x00,0x00,0x18,0x44,
  0x00,0x00,0x18,0x39,0x00,0x00,0x18,0x2d,0x00,0x00,0x18,0x22,0x00,0x00,0x18,0x17,
  0x00,0x00,0x18,0x0d,0x00,0x00,0x18,0x03,0x00,0x00,0x17,0xf9,0x00,0x00,0x17,0xef,
  0x00,0x00,0x17,0xe5,0x00,0x00,0x17,0xdb,0x00,0x00,0x17,0xd1,0x00,0x00,0x17,0xc7,
  0x00,0x00,0x17,0xbd,0x00,0x00,0x17,0xb3,0x00,0x00,0x17,0xa9,0x00,0x00,0x17,0x9f,
  0x00,0x00,0x17,0x95,0x00,0x00,0x17,0x8c,0x00,0x00,0x17,0x83,0x00,0x00,0x17,0x7b,
  0x00,0x00,0x17,0x72,0x00,0x00,0x17,0x68,0x00,0x00,0x17,0x5f,0x00,0x00,0x17,0x56,
  0x00,0x00,0x17,0x4e,0x00,0x00,0x17,0x45,0x00,0x00,0x17,0x3b,0x00,0x00,0x17,0x32,
  0x00,0x00,0x17,0x29,0x00,0x00,0x17,0x21,0x00,0x00,0x17,0x18,0x00,0x00,0x17,0x0e,
  0x00,0x00,0x17,0x05,0x00,0x00,0x16,0xfe,0x00,0x00,0x16,0xf5,0x00,0x00,0x16,0xed,
  0x00,0x00,0x16,0xe6,0x00,0x00,0x16,0xdd,0x00,0x00,0x16,0xd6,0x00,0x00,0x16,0xcd,
  0x00,0x00,0x16,0xc5,0x00,0x00,0x16,0xbe,0x00,0x00,0x16,0xb5,0x00,0x00,0x16,0xae,
  0x00,0x00,0x16,0xa5,0x00,0x00,0x16,0x9d,0x00,0x00,0x16,0x96,0x00,0x00,0x16,0x8d,
  0x00,0x00,0x16,0x86,0x00,0x00,0x16,0x7d,0x00,0x00,0x16,0x75,0x00,0x00,0x16,0x6e,
  0x00,0x00,0x16,0x65,0x00,0x00,0x16,0x5f,0x00,0x00,0x16,0x57,0x00,0x00,0x16,0x50,
  0x00,0x00,0x16,0x4a,0x00,0x00,0x16,0x42,0x00,0x00,0x16,0x3c,0x00,0x00,0x16,0x34,
  0x00,0x00,0x16,0x2d,0x00,0x00,0x16,0x27,0x00,0x00,0x16,0x1f,0x00,0x00,0x16,0x19,
  0x00,0x00,0x16,0x11,0x00,0x00,0x16,0x0a,0x00,0x00,0x16,0x04,0x00,0x00,0x15,0xfc,
  0x00,0x00,0x15,0xf6,0x00,0x00,0x15,0xee,0x00,0x00,0x15,0xe7,0x00,0x00,0x15,0xe1,
  0x00,0x00,0x15,0xd9,0x00,0x00,0x15,0xd3,0x00,0x00,0x15,0xcb,0x00,0x00,0x15,0xc4,
  0x00,0x00,0x15,0xbf,0x00,0x00,0x15,0xb9,0x00,0x00,0x15,0xb2,0x00,0x00,0x15,0xac,
  0x00,0x00,0x15,0xa6,0x00,0x00,0x15,0xa1,0x00,0x00,0x15,0x9b,0x00,0x00,0x15,0x94,
  0x00,0x00,0x15,0x8e,0x00,0x00,0x15,0x88,0x00,0x00,0x15,0x83,0x00,0x00,0x15,0x7d,
  0x00,0x00,0x15,0x76,0x00,0x00,0x15,0x70,0x00,0x00,0x15,0x6a,0x00,0x00,0x15,0x65,
  0x00,0x00,0x15,0x5f,0x00,0x00,0x15,0x58,0x00,0x00,0x15,0x52,0x00,0x00,0x15,0x4c,
  0x00,0x00,0x15,0x47,0x00,0x00,0x15,0x41,0x00,0x00,0x15,0x3a,0x00,0x00,0x15,0x34,
  0x00,0x00,0x15,0x2e,0x00,0x00,0x15,0x29,0x00,0x00,0x15,0x23,0x00,0x00,0x15,0x1c,
  0x00,0x00,0x15,0x16,0x00,0x00,0x15,0x10,0x00,0x00,0x15,0x0b,0x00,0x00,0x15,0x06,
  0x00,0x00,0x15,0x01,0x00,0x00,0x14,0xfc,0x00,0x00,0x14,0xf7,0x00,0x00,0x14,0xf2,
  0x00,0x00,0x14,0xed,0x00,0x00,0x14,0xe8,0x00,0x00,0x14,0xe3,0x00,0x00,0x14,0xde,
  0x00,0x00,0x14,0xd9,0x00,0x00,0x14,0xd4,0x00,0x00,0x14,0xcf,0x00,0x00,0x14,0xca,
  0x00,0x00,0x14,0xc5,0x00,0x00,0x14,0xc0,0x00,0x00,0x14,0xbb,0x00,0x00,0x14,0xb6,
  0x00,0x00,0x14,0xb1,0x00,0x00,0x14,0xac,0x00,0x00,0x14,0xa7,0x00,0x00,0x14,0xa2,
  0x00,0x00,0x14,0x9d,0x00,0x00,0x14,0x98,0x00,0x00,0x14,0x93,0x00,0x00,0x14,0x8e,
  0x00,0x00,0x14,0x89,0x00,0x00,0x14,0x84,0x00,0x00,0x14,0x7f,0x00,0x00,0x14,0x7a,
  0x00,0x00,0x14,0x75,0x00,0x00,0x14,0x70,0x00,0x00,0x14,0x6b,0x00,0x00,0x14,0x66,
  0x00,0x00,0x14,0x61,0x00,0x00,0x14,0x5c,0x00,0x00,0x14,0x57,0x00,0x00,0x14,0x52,
  0x00,0x00,0x14,0x4d,0x00,0x00,0x14,0x48,0x00,0x00,0x14,0x43,0x00,0x00,0x14,0x3e,
  0x00,0x00,0x14,0x3a,0x00,0x00,0x14,0x36,0x00,0x00,0x14,0x33,0x00,0x00,0x14,0x2f,
  0x00,0x00,0x14,0x2a,0x00,0x00,0x14,0x26,0x00,0x00,0x14,0x22,0x00,0x00,0x14,0x1f,
  0x00,0x00,0x14,0x1b,0x00,0x00,0x14,0x16,0x00,0x00,0x14,0x12,0x00,0x00,0x14,0x0e,
  0x00,0x00,0x14,0x0b,0x00,0x00,0x14,0x07,0x00,0x00,0x14,0x02,0x00,0x00,0x13,0xfe,
  0x00,0x00,0x13,0xfb,0x00,0x00,0x13,0xf7,0x00,0x00,0x13,0xf3,0x00,0x00,0x13,0xee,
  0x00,0x00,0x13,0xea,0x00,0x00,0x13,0xe7,0x00,0x00,0x13,0xe3,0x00,0x00,0x13,0xdf,
  0x00,0x00,0x13,0xda,0x00,0x00,0x13,0xd6,0x00,0x00,0x13,0xd3,0x00,0x00,0x13,0xcf,
  0x00,0x00,0x13,0xcb,0x00,0x00,0x13,0xc6,0x00,0x00,0x13,0xc2,0x00,0x00,0x13,0xbf,
  0x00,0x00,0x13,0xbb,0x00,0x00,0x13,0xb7,0x00,0x00,0x13,0xb2,0x00,0x00,0x13,0xae,
  0x00,0x00,0x13,0xab,0x00,0x00,0x13,0xa7,0x00,0x00,0x13,0xa3,0x00,0x00,0x13,0x9e,
  0x00,0x00,0x13,0x9a,0x00,0x00,0x13,0x97,0x00,0x00,0x13,0x93,0x00,0x00,0x13,0x8f,
  0x00,0x00,0x13,0x8a,0x00,0x00,0x13,0x86,0x00,0x00,0x13,0x83,0x00,0x00,0x13,0x7f,
  0x00,0x00,0x13,0x7b,0x00,0x00,0x13,0x76,0x00,0x00,0x13,0x72,0x00,0x00,0x13,0x6f,
  0x00,0x00,0x13,0x6b,0x00,0x00,0x13,0x67,0x00,0x00,0x13,0x62,0x00,0x00,0x13,0x5e,
  0x00,0x00,0x13,0x5b,0x00,0x00,0x13,0x57,0x00,0x00,0x13,0x53,0x00,0x00,0x13,0x51,
  0x00,0x00,0x13,0x4e,0x00,0x00,0x13,0x4a,0x00,0x00,0x13,0x48,0x00,0x00,0x13,0x44,
  0x00,0x00,0x13,0x42,0x00,0x00,0x13,0x3f,0x00,0x00,0x13,0x3b,0x00,0x00,0x13,0x39,
  0x00,0x00,0x13,0x35,0x00,0x00,0x13,0x33,0x00,0x00,0x13,0x30,0x00,0x00,0x13,0x2c,
  0x00,0x00,0x13,0x2a,0x00,0x00,0x13,0x26,0x00,0x00,0x13,0x24,0x00,0x00,0x13,0x21,
  0x00,0x00,0x13,0x1d,0x00,0x00,0x13,0x1b,0x00,0x00,0x13,0x17,0x00,0x00,0x13,0x15,
  0x00,0x00,0x13,0x12,0x00,0x00,0x13,0x0e,0x00,0x00,0x13,0x0c,0x00,0x00,0x13,0x08,
  0x00,0x00,0x13,0x06,0x00,0x00,0x13,0x03,0x00,0x00,0x12,0xff,0x00,0x00,0x12,0xfd,
  0x00,0x00,0x12,0xf9,0x00,0x00,0x12,0xf7,0x00,0x00,0x12,0xf4,0x00,0x00,0x12,0xf0,
  0x00,0x00,0x12,0xee,0x00,0x00,0x12,0xea,0x00,0x00,0x12,0xe8,0x00,0x00,0x12,0xe5,
  0x00,0x00,0x12,0xe1,0x00,0x00,0x12,0xdf,0x00,0x00,0x12,0xdb,0x00,0x00,0x12,0xd9,
  0x00,0x00,0x12,0xd6,0x00,0x00,0x12,0xd2,0x00,0x00,0x12,0xd0,0x00,0x00,0x12,0xcc,
  0x00,0x00,0x12,0xca,0x00,0x00,0x12,0xc7,0x00,0x00,0x12,0xc3,0x00,0x00,0x12,0xc1,
  0x00,0x00,0x12,0xbd,0x00,0x00,0x12,0xbb,0x00,0x00,0x12,0xb8,0x00,0x00,0x12,0xb4,
  0x00,0x00,0x12,0xb2,0x00,0x00,0x12,0xae,0x00,0x00,0x12,0xac,0x00,0x00,0x12,0xa9,
  0x00,0x00,0x12,0xa5,0x00,0x00,0x12,0xa3,0x00,0x00,0x12,0x9f,0x00,0x00,0x12,0x9d,
  0x00,0x00,0x12,0x9a,0x00,0x00,0x12,0x96,0x00,0x00,0x12,0x94,0x00,0x00,0x12,0x90,
  0x00,0x00,0x12,0x8e,0x00,0x00,0x12,0x8b,0x00,0x00,0x12,0x87,0x00,0x00,0x12,0x85,
  0x00,0x00,0x12,0x81,0x00,0x00,0x12,0x7f,0x00,0x00,0x12,0x7c,0x00,0x00,0x12,0x78,
  0x00,0x00,0x12,0x76,0x00,0x00,0x12,0x72,0x00,0x00,0x12,0x70,0x00,0x00,0x12,0x6d,
  0x00,0x00,0x12,0x69,0x00,0x00,0x12,0x67,0x00,0x00,0x12,0x63,0x00,0x00,0x12,0x61,
  0x00,0x00,0x12,0x5e,0x00,0x00,0x12,0x5a,0x00,0x00,0x12,0x58,0x00,0x00,0x12,0x54,
  0x00,0x00,0x12,0x52,0x00,0x00,0x12,0x4f,0x00,0x00,0x12,0x4b,0x00,0x00,0x12,0x49,
  0x00,0x00,0x12,0x45,0x00,0x00,0x12,0x44,0x00,0x00,0x12,0x41,0x00,0x00,0x12,0x40,
  0x00,0x00,0x12,0x3e,0x00,0x00,0x12,0x3b,0x00,0x00,0x12,0x3a,0x00,0x00,0x12,0x37,
  0x00,0x00,0x12,0x36,0x00,0x00,0x12,0x34,0x00,0x00,0x12,0x31,0x00,0x00,0x12,0x30,
  0x00,0x00,0x12,0x2d,0x00,0x00,0x12,0x2c,0x00,0x00,0x12,0x2a,0x00,0x00,0x12,0x27,
  0x00,0x00,0x12,0x26,0x00,0x00,0x12,0x23,0x00,0x00,0x12,0x22,0x00,0x00,0x12,0x20,
  0x00,0x00,0x12,0x1d,0x00,0x00,0x12,0x1c,0x00,0x00,0x12,0x19,0x00,0x00,0x12,0x18,
  0x00,0x00,0x12,0x16,0x00,0x00,0x12,0x13,0x00,0x00,0x12,0x12,0x00,0x00,0x12,0x0f,
  0x00,0x00,0x12,0x0e,0x00,0x00,0x12,0x0c,0x00,0x00,0x12,0x09,0x00,0x00,0x12,0x08,
  0x00,0x00,0x12,0x05,0x00,0x00,0x12,0x04,0x00,0x00,0x12,0x02,0x00,0x00,0x11,0xff,
  0x00,0x00,0x11,0xfe,0x00,0x00,0x11,0xfb,0x00,0x00,0x11,0xfa,0x00,0x00,0x11,0xf8,
  0x00,0x00,0x11,0xf5,0x00,0x00,0x11,0xf4,0x00,0x00,0x11,0xf1,0x00,0x00,0x11,0xf0,
  0x00,0x00,0x11,0xee,0x00,0x00,0x11,0xeb,0x00,0x00,0x11,0xea,0x00,0x00,0x11,0xe7,
  0x00,0x00,0x11,0xe6,0x00,0x00,0x11,0xe4,0x00,0x00,0x11,0xe1,0x00,0x00,0x11,0xe0,
  0x00,0x00,0x11,0xdd,0x00,0x00,0x11,0xdc,0x00,0x00,0x11,0xda,0x00,0x00,0x11,0xd7,
  0x00,0x00,0x11,0xd6,0x00,0x00,0x11,0xd3,0x00,0x00,0x11,0xd2,0x00,0x00,0x11,0xd0,
  0x00,0x00,0x11,0xcd,0x00,0x00,0x11,0xcc,0x00,0x00,0x11,0xc9,0x00,0x00,0x11,0xc8,
  0x00,0x00,0x11,0xc6,0x00,0x00,0x11,0xc3,0x00,0x00,0x11,0xc2,0x00,0x00,0x11,0xbf,
  0x00,0x00,0x11,0xbe,0x00,0x00,0x11,0xbc,0x00,0x00,0x11,0xb9,0x00,0x00,0x11,0xb8,
  0x00,0x00,0x11,0xb5,0x00,0x00,0x11,0xb4,0x00,0x00,0x11,0xb2,0x00,0x00,0x11,0xaf,
  0x00,0x00,0x11,0xae,0x00,0x00,0x11,0xab,0x00,0x00,0x11,0xaa,0x00,0x00,0x11,0xa8,
  0x00,0x00,0x11,0xa5,0x00,0x00,0x11,0xa4,0x00,0x00,0x11,0xa1,0x00,0x00,0x11,0xa0,
  0x00,0x00,0x11,0x9e,0x00,0x00,0x11,0x9b,0x00,0x00,0x11,0x9a,0x00,0x00,0x11,0x97,
  0x00,0x00,0x11,0x96,0x00,0x00,0x11,0x94,0x00,0x00,0x11,0x91,0x00,0x00,0x11,0x90,
  0x00,0x00,0x11,0x8d,0x00,0x00,0x11,0x8c,0x00,0x00,0x11,0x8a,0x00,0x00,0x11,0x87,
  0x00,0x00,0x11,0x86,0x00,0x00,0x11,0x83,0x00,0x00,0x11,0x82,0x00,0x00,0x11,0x80,
  0x00,0x00,0x11,0x7d,0x00,0x00,0x11,0x7c,0x00,0x00,0x11,0x79,0x00,0x00,0x11,0x78,
  0x00,0x00,0x11,0x76,0x00,0x00,0x11,0x73,0x00,0x00,0x11,0x72,0x00,0x00,0x11,0x6f,
  0x00,0x00,0x11,0x6e,0x00,0x00,0x11,0x6c,0x00,0x00,0x11,0x69,0x00,0x00,0x11,0x68,
  0x00,0x00,0x11,0x65,0x00,0x00,0x11,0x64,0x00,0x00,0x11,0x62,0x00,0x00,0x11,0x5f,
  0x00,0x00,0x11,0x5e,0x00,0x00,0x11,0x5b,0x00,0x00,0x11,0x5a,0x00,0x00,0x11,0x58,
  0x00,0x00,0x11,0x55,0x00,0x00,0x11,0x54,0x00,0x00,0x11,0x51,0x00,0x00,0x11,0x50,
  0x00,0x00,0x11,0x4e,0x00,0x00,0x11,0x4b,0x00,0x00,0x11,0x4a,0x00,0x00,0x11,0x47,
  0x00,0x00,0x11,0x46,0x00,0x00,0x11,0x44,0x00,0x00,0x11,0x41,0x00,0x00,0x11,0x40,
  0x00,0x00,0x11,0x3d,0x00,0x00,0x11,0x3c,0x00,0x00,0x11,0x3a,0x00,0x00,0x11,0x37,
  0x00,0x00,0x11,0x36,0x00,0x00,0x11,0x33,0x00,0x00,0x11,0x32,0x00,0x00,0x11,0x30,
  0x00,0x00,0x11,0x2d,0x00,0x00,0x11,0x2c,0x00,0x00,0x11,0x29,0x00,0x00,0x11,0x28,
  0x00,0x00,0x11,0x26,0x00,0x00,0x11,0x23,0x00,0x00,0x11,0x22,0x00,0x00,0x11,0x1f,
  0x00,0x00,0x11,0x1e,0x00,0x00,0x11,0x1c,0x00,0x00,0x11,0x19,0x00,0x00,0x11,0x18,
  0x00,0x00,0x11,0x15,0x00,0x00,0x11,0x14,0x00,0x00,0x11,0x12,0x00,0x00,0x11,0x0f,
  0x00,0x00,0x11,0x0e,0x00,0x00,0x11,0x0b,0x00,0x00,0x11,0x0a,0x00,0x00,0x11,0x08,
  0x00,0x00,0x11,0x05,0x00,0x00,0x11,0x04,0x00,0x00,0x11,0x01,0x00,0x00,0x11,0x00,
  0x00,0x00,0x10,0xfe,0x00,0x00,0x10,0xfb,0x00,0x00,0x10,0xfa,0x00,0x00,0x10,0xf7,
  0x00,0x00,0x10,0xf6,0x00,0x00,0x10,0xf4,0x00,0x00,0x10,0xf1,0x00,0x00,0x10,0xf0,
  0x00,0x00,0x10,0xed,0x00,0x00,0x10,0xec,0x00,0x00,0x10,0xea,0x00,0x00,0x10,0xe7,
  0x00,0x00,0x10,0xe6,0x00,0x00,0x10,0xe3,0x00,0x00,0x10,0xe2,0x00,0x00,0x10,0xe0,
  0x00,0x00,0x10,0xdd,0x00,0x00,0x10,0xdc,0x00,0x00,0x10,0xd9,0x00,0x00,0x10,0xd8,
  0x00,0x00,0x10,0xd6,0x00,0x00,0x10,0xd3,0x00,0x00,0x10,0xd2,0x00,0x00,0x10,0xcf,
  0x00,0x00,0x10,0xce,0x00,0x00,0x10,0xcc,0x00,0x00,0x10,0xca,0x00,0x00,0x10,0xc9,
  0x00,0x00,0x10,0xc9,0x00,0x00,0x10,0xc8,0x00,0x00,0x10,0xc7,0x00,0x00,0x10,0xc5,
  0x00,0x00,0x10,0xc4,0x00,0x00,0x10,0xc4,0x00,0x00,0x10,0xc3,0x00,0x00,0x10,0xc2,
  0x00,0x00,0x10,0xc0,0x00,0x00,0x10,0xbf,0x00,0x00,0x10,0xbf,0x00,0x00,0x10,0xbe,
  0x00,0x00,0x10,0xbd,0x00,0x00,0x10,0xbb,0x00,0x00,0x10,0xba,0x00,0x00,0x10,0xba,
  0x00,0x00,0x10,0xb9,0x00,0x00,0x10,0xb8,0x00,0x00,0x10,0xb6,0x00,0x00,0x10,0xb5,
  0x00,0x00,0x10,0xb5,0x00,0x00,0x10,0xb4,0x00,0x00,0x10,0xb3,0x00,0x00,0x10,0xb1,
  0x00,0x00,0x10,0xb0,0x00,0x00,0x10,0xb0,0x00,0x00,0x10,0xaf,0x00,0x00,0x10,0xae,
  0x00,0x00,0x10,0xac,0x00,0x00,0x10,0xab,0x00,0x00,0x10,0xab,0x00,0x00,0x10,0xaa,
  0x00,0x00,0x10,0xa9,0x00,0x00,0x10,0xa7,0x00,0x00,0x10,0xa6,0x00,0x00,0x10,0xa6,
  0x00,0x00,0x10,0xa5,0x00,0x00,0x10,0xa4,0x00,0x00,0x10,0xa2,0x00,0x00,0x10,0xa1,
  0x00,0x00,0x10,0xa1,0x00,0x00,0x10,0xa0,0x00,0x00,0x10,0x9f,0x00,0x00,0x10,0x9d,
  0x00,0x00,0x10,0x9c,0x00,0x00,0x10,0x9c,0x00,0x00,0x10,0x9b,0x00,0x00,0x10,0x9a,
  0x00,0x00,0x10,0x98,0x00,0x00,0x10,0x97,0x00,0x00,0x10,0x97,0x00,0x00,0x10,0x96,
  0x00,0x00,0x10,0x95,0x00,0x00,0x10,0x93,0x00,0x00,0x10,0x92,0x00,0x00,0x10,0x92,
  0x00,0x00,0x10,0x91,0x00,0x00,0x10,0x90,0x00,0x00,0x10,0x8e,0x00,0x00,0x10,0x8d,
  0x00,0x00,0x10,0x8d,0x00,0x00,0x10,0x8c,0x00,0x00,0x10,0x8b,0x00,0x00,0x10,0x89,
  0x00,0x00,0x10,0x88,0x00,0x00,0x10,0x88,0x00,0x00,0x10,0x87,0x00,0x00,0x10,0x86,
  0x00,0x00,0x10,0x84,0x00,0x00,0x10,0x83,0x00,0x00,0x10,0x83,0x00,0x00,0x10,0x82,
  0x00,0x00,0x10,0x81,0x00,0x00,0x10,0x7f,0x00,0x00,0x10,0x7e,0x00,0x00,0x10,0x7e,
  0x00,0x00,0x10,0x7d,0x00,0x00,0x10,0x7c,0x00,0x00,0x10,0x7a,0x00,0x00,0x10,0x79,
  0x00,0x00,0x10,0x79,0x00,0x00,0x10,0x78,0x00,0x00,0x10,0x77,0x00,0x00,0x10,0x75,
  0x00,0x00,0x10,0x74,0x00,0x00,0x10,0x74,0x00,0x00,0x10,0x73,0x00,0x00,0x10,0x72,
  0x00,0x00,0x10,0x70,0x00,0x00,0x10,0x6f,0x00,0x00,0x10,0x6f,0x00,0x00,0x10,0x6e,
  0x00,0x00,0x10,0x6d,0x00,0x00,0x10,0x6b,0x00,0x00,0x10,0x6a,0x00,0x00,0x10,0x6a,
  0x00,0x00,0x10,0x69,0x00,0x00,0x10,0x68,0x00,0x00,0x10,0x66,0x00,0x00,0x10,0x65,
  0x00,0x00,0x10,0x65,0x00,0x00,0x10,0x64,0x00,0x00,0x10,0x63,0x00,0x00,0x10,0x61,
  0x00,0x00,0x10,0x60,0x00,0x00,0x10,0x60,0x00,0x00,0x10,0x5f,0x00,0x00,0x10,0x5e,
  0x00,0x00,0x10,0x5c,0x00,0x00,0x10,0x5b,0x00,0x00,0x10,0x5b,0x00,0x00,0x10,0x5a,
  0x00,0x00,0x10,0x59,0x00,0x00,0x10,0x57,0x00,0x00,0x10,0x56,0x00,0x00,0x10,0x56,
  0x00,0x00,0x10,0x55,0x00,0x00,0x10,0x54,0x00,0x00,0x10,0x52,0x00,0x00,0x10,0x51,
  0x00,0x00,0x10,0x51,0x00,0x00,0x10,0x50,0x00,0x00,0x10,0x4f,0x00,0x00,0x10,0x4d,
  0x00,0x00,0x10,0x4c,0x00,0x00,0x10,0x4c,0x00,0x00,0x10,0x4b,0x00,0x00,0x10,0x4a,
  0x00,0x00,0x10,0x48,0x00,0x00,0x10,0x47,0x00,0x00,0x10,0x47,0x00,0x00,0x10,0x46,
  0x00,0x00,0x10,0x45,0x00,0x00,0x10,0x43,0x00,0x00,0x10,0x42,0x00,0x00,0x10,0x42,
  0x00,0x00,0x10,0x41,0x00,0x00,0x10,0x40,0x00,0x00,0x10,0x3e,0x00,0x00,0x10,0x3d,
  0x00,0x00,0x10,0x3d,0x00,0x00,0x10,0x3c,0x00,0x00,0x10,0x3b,0x00,0x00,0x10,0x39,
  0x00,0x00,0x10,0x38,0x00,0x00,0x10,0x38,0x00,0x00,0x10,0x37,0x00,0x00,0x10,0x36,
  0x00,0x00,0x10,0x34,0x00,0x00,0x10,0x33,0x00,0x00,0x10,0x33,0x00,0x00,0x10,0x32,
  0x00,0x00,0x10,0x31,0x00,0x00,0x10,0x2f,0x00,0x00,0x10,0x2e,0x00,0x00,0x10,0x2e,
  0x00,0x00,0x10,0x2d,0x00,0x00,0x10,0x2c,0x00,0x00,0x10,0x2a,0x00,0x00,0x10,0x29,
  0x00,0x00,0x10,0x29,0x00,0x00,0x10,0x28,0x00,0x00,0x10,0x27,0x00,0x00,0x10,0x25,
  0x00,0x00,0x10,0x24,0x00,0x00,0x10,0x24,0x00,0x00,0x10,0x23,0x00,0x00,0x10,0x22,
  0x00,0x00,0x10,0x20,0x00,0x00,0x10,0x1f,0x00,0x00,0x10,0x1f,0x00,0x00,0x10,0x1e,
  0x00,0x00,0x10,0x1d,0x00,0x00,0x10,0x1b,0x00,0x00,0x10,0x1a,0x00,0x00,0x10,0x1a,
  0x00,0x00,0x10,0x19,0x00,0x00,0x10,0x18,0x00,0x00,0x10,0x16,0x00,0x00,0x10,0x15,
  0x00,0x00,0x10,0x15,0x00,0x00,0x10,0x14,0x00,0x00,0x10,0x13,0x00,0x00,0x10,0x11,
  0x00,0x00,0x10,0x10,0x00,0x00,0x10,0x10,0x00,0x00,0x10,0x0f,0x00,0x00,0x10,0x0e,
  0x00,0x00,0x10,0x0c,0x00,0x00,0x10,0x0b,0x00,0x00,0x10,0x0b,0x00,0x00,0x10,0x0a,
  0x00,0x00,0x10,0x09,0x00,0x00,0x10,0x07,0x00,0x00,0x10,0x06,0x00,0x00,0x10,0x06,
  0x00,0x00,0x10,0x05,0x00,0x00,0x10,0x04,0x00,0x00,0x10,0x02,0x00,0x00,0x10,0x01,
  0x00,0x00,0x10,0x01,0x00,0x00,0x10,0x00,0x00,0x00,0x0f,0xfe,0x00,0x00,0x0f,0xfd,
  0x00,0x00,0x0f,0xfc,0x00,0x00,0x0f,0xfc,0x00,0x00,0x0f,0xfb,0x00,0x00,0x0f,0xf9,
  0x00,0x00,0x0f,0xf8,0x00,0x00,0x0f,0xf7,0x00,0x00,0x0f,0xf7,0x00,0x00,0x0f,0xf6,
  0x00,0x00,0x0f,0xf4,0x00,0x00,0x0f,0xf3,0x00,0x00,0x0f,0xf2,0x00,0x00,0x0f,0xf2,
  0x00,0x00,0x0f,0xf1,0x00,0x00,0x0f,0xef,0x00,0x00,0x0f,0xee,0x00,0x00,0x0f,0xed,
  0x00,0x00,0x0f,0xed,0x00,0x00,0x0f,0xec,0x00,0x00,0x0f,0xea,0x00,0x00,0x0f,0xe9,
  0x00,0x00,0x0f,0xe8,0x00,0x00,0x0f,0xe8,0x00,0x00,0x0f,0xe7,0x00,0x00,0x0f,0xe5,
  0x00,0x00,0x0f,0xe4,0x00,0x00,0x0f,0xe3,0x00,0x00,0x0f,0xe3,0x00,0x00,0x0f,0xe2,
  0x00,0x00,0x0f,0xe0,0x00,0x00,0x0f,0xdf,0x00,0x00,0x0f,0xde,0x00,0x00,0x0f,0xde,
  0x00,0x00,0x0f,0xdd,0x00,0x00,0x0f,0xdb,0x00,0x00,0x0f,0xda,0x00,0x00,0x0f,0xd9,
  0x00,0x00,0x0f,0xd9,0x00,0x00,0x0f,0xd8,0x00,0x00,0x0f,0xd6,0x00,0x00,0x0f,0xd5,
  0x00,0x00,0x0f,0xd4,0x00,0x00,0x0f,0xd4,0x00,0x00,0x0f,0xd3,0x00,0x00,0x0f,0xd1,
  0x00,0x00,0x0f,0xd0,0x00,0x00,0x0f,0xcf,0x00,0x00,0x0f,0xcf,0x00,0x00,0x0f,0xce,
  0x00,0x00,0x0f,0xcc,0x00,0x00,0x0f,0xcb,0x00,0x00,0x0f,0xca,0x00,0x00,0x0f,0xca,
  0x00,0x00,0x0f,0xc9,0x00,0x00,0x0f,0xc7,0x00,0x00,0x0f,0xc6,0x00,0x00,0x0f,0xc5,
  0x00,0x00,0x0f,0xc5,0x00,0x00,0x0f,0xc4,0x00,0x00,0x0f,0xc2,0x00,0x00,0x0f,0xc1,
  0x00,0x00,0x0f,0xc0,0x00,0x00,0x0f,0xc0,0x00,0x00,0x0f,0xbf,0x00,0x00,0x0f,0xbd,
  0x00,0x00,0x0f,0xbc,0x00,0x00,0x0f,0xbb,0x00,0x00,0x0f,0xbb,0x00,0x00,0x0f,0xba,
  0x00,0x00,0x0f,0xb8,0x00,0x00,0x0f,0xb7,0x00,0x00,0x0f,0xb6,0x00,0x00,0x0f,0xb6,
  0x00,0x00,0x0f,0xb5,0x00,0x00,0x0f,0xb3,0x00,0x00,0x0f,0xb2,0x00,0x00,0x0f,0xb1,
  0x00,0x00,0x0f,0xb1,0x00,0x00,0x0f,0xb0,0x00,0x00,0x0f,0xae,0x00,0x00,0x0f,0xad,
  0x00,0x00,0x0f,0xac,0x00,0x00,0x0f,0xac,0x00,0x00,0x0f,0xab,0x00,0x00,0x0f,0xa9,
  0x00,0x00,0x0f,0xa8,0x00,0x00,0x0f,0xa7,0x00,0x00,0x0f,0xa7,0x00,0x00,0x0f,0xa6,
  0x00,0x00,0x0f,0xa4,0x00,0x00,0x0f,0xa3,0x00,0x00,0x0f,0xa2,0x00,0x00,0x0f,0xa2,
  0x00,0x00,0x0f,0xa1,0x80,0x00,0x0f,0x9f,
};

static const unsigned char SLOPE_75[9448] = {
  0x00,0x92,0xb8,0x18,0x00,0x03,0xf8,0xfb,0x00,0x03,0x95,0x9a,0x00,0x03,0x43,0xea,
  0x00,0x02,0xff,0x95,0x00,0x02,0xc5,0x94,0x00,0x02,0x93,0xb9,0x00,0x02,0x68,0x6a,
  0x00,0x02,0x42,0x71,0x00,0x02,0x20,0xe1,0x00,0x02,0x02,0xfe,0x00,0x01,0xe8,0x38,
  0x00,0x01,0xd0,0x16,0x00,0x01,0xba,0x3b,0x00,0x01,0xa6,0x57,0x00,0x01,0x94,0x29,
  0x00,0x01,0x83,0x7c,0x00,0x01,0x74,0x21,0x00,0x01,0x65,0xf1,0x00,0x01,0x58,0xcc,
  0x00,0x01,0x4c,0x96,0x00,0x01,0x41,0x35,0x00,0x01,0x36,0x96,0x00,0x01,0x2c,0xa4,
  0x00,0x01,0x23,0x50,0x00,0x01,0x1a,0x8c,0x00,0x01,0x12,0x4b,0x00,0x01,0x0a,0x82,
  0x00,0x01,0x03,0x27,0x00,0x00,0xfc,0x31,0x00,0x00,0xf5,0x99,0x00,0x00,0xef,0x56,
  0x00,0x00,0xe9,0x63,0x00,0x00,0xe3,0xba,0x00,0x00,0xde,0x56,0x00,0x00,0xd9,0x31,
  0x00,0x00,0xd4,0x48,0x00,0x00,0xcf,0x97,0x00,0x00,0xcb,0x19,0x00,0x00,0xc6,0xcd,
  0x00,0x00,0xc2,0xad,0x00,0x00,0xbe,0xb9,0x00,0x00,0xba,0xed,0x00,0x00,0xb7,0x47,
  0x00,0x00,0xb3,0xc5,0x00,0x00,0xb0,0x64,0x00,0x00,0xad,0x24,0x00,0x00,0xaa,0x01,
  0x00,0x00,0xa6,0xfb,0x00,0x00,0xa4,0x10,0x00,0x00,0xa1,0x3f,0x00,0x00,0x9e,0x86,
  0x00,0x00,0x9b,0xe4,0x00,0x00,0x99,0x59,0x00,0x00,0x96,0xe2,0x00,0x00,0x94,0x7f,
  0x00,0x00,0x92,0x2f,0x00,0x00,0x8f,0xf2,0x00,0x00,0x8d,0xc5,0x00,0x00,0x8b,0xa9,
  0x00,0x00,0x89,0x9d,0x00,0x00,0x87,0xa1,0x00,0x00,0x85,0xb2,0x00,0x00,0x83,0xd2,
  0x00,0x00,0x81,0xfe,0x00,0x00,0x80,0x38,0x00,0x00,0x7e,0x7e,0x00,0x00,0x7c,0xcf,
  0x00,0x00,0x7b,0x2c,0x00,0x00,0x79,0x94,0x00,0x00,0x78,0x06,0x00,0x00,0x76,0x82,
  0x00,0x00,0x75,0x08,0x00,0x00,0x73,0x97,0x00,0x00,0x72,0x30,0x00,0x00,0x70,0xd0,
  0x00,0x00,0x6f,0x79,0x00,0x00,0x6e,0x2b,0x00,0x00,0x6c,0xe4,0x00,0x00,0x6b,0xa4,
  0x00,0x00,0x6a,0x6c,0x00,0x00,0x69,0x3a,0x00,0x00,0x68,0x10,0x00,0x00,0x66,0xec,
  0x00,0x00,0x65,0xce,0x00,0x00,0x64,0xb7,0x00,0x00,0x63,0xa5,0x00,0x00,0x62,0x99,
  0x00,0x00,0x61,0x93,0x00,0x00,0x60,0x92,0x00,0x00,0x5f,0x96,0x00,0x00,0x5e,0xa0,
  0x00,0x00,0x5d,0xae,0x00,0x00,0x5c,0xc1,0x00,0x00,0x5b,0xd9,0x00,0x00,0x5a,0xf5,
  0x00,0x00,0x5a,0x16,0x00,0x00,0x59,0x3b,0x00,0x00,0x58,0x64,0x00,0x00,0x57,0x90,
  0x00,0x00,0x56,0xc1,0x00,0x00,0x55,0xf6,0x00,0x00,0x55,0x2e,0x00,0x00,0x54,0x6a,
  0x00,0x00,0x53,0xaa,0x00,0x00,0x52,0xed,0x00,0x00,0x52,0x33,0x00,0x00,0x51,0x7c,
  0x00,0x00,0x50,0xc9,0x00,0x00,0x50,0x18,0x00,0x00,0x4f,0x6b,0x00,0x00,0x4e,0xc0,
  0x00,0x00,0x4e,0x19,0x00,0x00,0x4d,0x74,0x00,0x00,0x4c,0xd2,0x00,0x00,0x4c,0x32,
  0x00,0x00,0x4b,0x95,0x00,0x00,0x4a,0xfa,0x00,0x00,0x4a,0x62,0x00,0x00,0x49,0xcd,
  0x00,0x00,0x49,0x39,0x00,0x00,0x48,0xa8,0x00,0x00,0x48,0x1a,0x00,0x00,0x47,0x8d,
  0x00,0x00,0x47,0x02,0x00,0x00,0x46,0x7a,0x00,0x00,0x45,0xf3,0x00,0x00,0x45,0x6f,
  0x00,0x00,0x44,0xed,0x00,0x00,0x44,0x6c,0x00,0x00,0x43,0xed,0x00,0x00,0x43,0x70,
  0x00,0x00,0x42,0xf5,0x00,0x00,0x42,0x7c,0x00,0x00,0x42,0x04,0x00,0x00,0x41,0x8e,
  0x00,0x00,0x41,0x1a,0x00,0x00,0x40,0xa7,0x00,0x00,0x40,0x36,0x00,0x00,0x3f,0xc6,
  0x00,0x00,0x3f,0x58,0x00,0x00,0x3e,0xeb,0x00,0x00,0x3e,0x80,0x00,0x00,0x3e,0x16,
  0x00,0x00,0x3d,0xae,0x00,0x00,0x3d,0x47,0x00,0x00,0x3c,0xe1,0x00,0x00,0x3c,0x7d,
  0x00,0x00,0x3c,0x1a,0x00,0x00,0x3b,0xb8,0x00,0x00,0x3b,0x57,0x00,0x00,0x3a,0xf8,
  0x00,0x00,0x3a,0x9a,0x00,0x00,0x3a,0x3d,0x00,0x00,0x39,0xe1,0x00,0x00,0x39,0x86,
  0x00,0x00,0x39,0x2c,0x00,0x00,0x38,0xd4,0x00,0x00,0x38,0x7c,0x00,0x00,0x38,0x26,
  0x00,0x00,0x37,0xd0,0x00,0x00,0x37,0x7c,0x00,0x00,0x37,0x28,0x00,0x00,0x36,0xd6,
  0x00,0x00,0x36,0x84,0x00,0x00,0x36,0x34,0x00,0x00,0x35,0xe4,0x00,0x00,0x35,0x95,
  0x00,0x00,0x35,0x48,0x00,0x00,0x34,0xfb,0x00,0x00,0x34,0xaf,0x00,0x00,0x34,0x63,
  0x00,0x00,0x34,0x19,0x00,0x00,0x33,0xcf,0x00,0x00,0x33,0x87,0x00,0x00,0x33,0x3f,
  0x00,0x00,0x32,0xf7,0x00,0x00,0x32,0xb1,0x00,0x00,0x32,0x6b,0x00,0x00,0x32,0x26,
  0x00,0x00,0x31,0xe2,0x00,0x00,0x31,0x9f,0x00,0x00,0x31,0x5c,0x00,0x00,0x31,0x1a,
  0x00,0x00,0x30,0xd8,0x00,0x00,0x30,0x98,0x00,0x00,0x30,0x58,0x00,0x00,0x30,0x18,
  0x00,0x00,0x2f,0xd9,0x00,0x00,0x2f,0x9b,0x00,0x00,0x2f,0x5e,0x00,0x00,0x2f,0x21,
  0x00,0x00,0x2e,0xe5,0x00,0x00,0x2e,0xa9,0x00,0x00,0x2e,0x6e,0x00,0x00,0x2e,0x34,
  0x00,0x00,0x2d,0xfa,0x00,0x00,0x2d,0xc0,0x00,0x00,0x2d,0x87,0x00,0x00,0x2d,0x4f,
  0x00,0x00,0x2d,0x17,0x00,0x00,0x2c,0xe0,0x00,0x00,0x2c,0xaa,0x00,0x00,0x2c,0x74,
  0x00,0x00,0x2c,0x3e,0x00,0x00,0x2c,0x09,0x00,0x00,0x2b,0xd4,0x00,0x00,0x2b,0xa0,
  0x00,0x00,0x2b,0x6c,0x00,0x00,0x2b,0x39,0x00,0x00,0x2b,0x07,0x00,0x00,0x2a,0xd4,
  0x00,0x00,0x2a,0xa2,0x00,0x00,0x2a,0x71,0x00,0x00,0x2a,0x40,0x00,0x00,0x2a,0x10,
  0x00,0x00,0x29,0xe0,0x00,0x00,0x29,0xb0,0x00,0x00,0x29,0x81,0x00,0x00,0x29,0x52,
  0x00,0x00,0x29,0x24,0x00,0x00,0x28,0xf6,0x00,0x00,0x28,0xc8,0x00,0x00,0x28,0x9b,
  0x00,0x00,0x28,0x6f,0x00,0x00,0x28,0x42,0x00,0x00,0x28,0x16,0x00,0x00,0x27,0xea,
  0x00,0x00,0x27,0xbf,0x00,0x00,0x27,0x94,0x00,0x00,0x27,0x6a,0x00,0x00,0x27,0x40,
  0x00,0x00,0x27,0x16,0x00,0x00,0x26,0xec,0x00,0x00,0x26,0xc3,0x00,0x00,0x26,0x9a,
  0x00,0x00,0x26,0x72,0x00,0x00,0x26,0x4a,0x00,0x00,0x26,0x22,0x00,0x00,0x25,0xfa,
  0x00,0x00,0x25,0xd3,0x00,0x00,0x25,0xac,0x00,0x00,0x25,0x86,0x00,0x00,0x25,0x60,
  0x00,0x00,0x25,0x3a,0x00,0x00,0x25,0x14,0x00,0x00,0x24,0xef,0x00,0x00,0x24,0xca,
  0x00,0x00,0x24,0xa5,0x00,0x00,0x24,0x81,0x00,0x00,0x24,0x5c,0x00,0x00,0x24,0x38,
  0x00,0x00,0x24,0x15,0x00,0x00,0x23,0xf1,0x00,0x00,0x23,0xce,0x00,0x00,0x23,0xac,
  0x00,0x00,0x23,0x89,0x00,0x00,0x23,0x67,0x00,0x00,0x23,0x45,0x00,0x00,0x23,0x23,
  0x00,0x00,0x23,0x01,0x00,0x00,0x22,0xe0,0x00,0x00,0x22,0xbf,0x00,0x00,0x22,0x9e,
  0x00,0x00,0x22,0x7e,0x00,0x00,0x22,0x5d,0x00,0x00,0x22,0x3d,0x00,0x00,0x22,0x1d,
  0x00,0x00,0x21,0xfe,0x00,0x00,0x21,0xde,0x00,0x00,0x21,0xbf,0x00,0x00,0x21,0xa0,
  0x00,0x00,0x21,0x82,0x00,0x00,0x21,0x63,0x00,0x00,0x21,0x45,0x00,0x00,0x21,0x27,
  0x00,0x00,0x21,0x09,0x00,0x00,0x20,0xeb,0x00,0x00,0x20,0xce,0x00,0x00,0x20,0xb0,
  0x00,0x00,0x20,0x93,0x00,0x00,0x20,0x77,0x00,0x00,0x20,0x5a,0x00,0x00,0x20,0x3e,
  0x00,0x00,0x20,0x21,0x00,0x00,0x20,0x05,0x00,0x00,0x1f,0xe9,0x00,0x00,0x1f,0xce,
  0x00,0x00,0x1f,0xb2,0x00,0x00,0x1f,0x97,0x00,0x00,0x1f,0x7c,0x00,0x00,0x1f,0x61,
  0x00,0x00,0x1f,0x46,0x00,0x00,0x1f,0x2b,0x00,0x00,0x1f,0x11,0x00,0x00,0x1e,0xf7,
  0x00,0x00,0x1e,0xdd,0x00,0x00,0x1e,0xc3,0x00,0x00,0x1e,0xa9,0x00,0x00,0x1e,0x90,
  0x00,0x00,0x1e,0x76,0x00,0x00,0x1e,0x5d,0x00,0x00,0x1e,0x44,0x00,0x00,0x1e,0x2b,
  0x00,0x00,0x1e,0x12,0x00,0x00,0x1d,0xfa,0x00,0x00,0x1d,0xe1,0x00,0x00,0x1d,0xc9,
  0x00,0x00,0x1d,0xb1,0x00,0x00,0x1d,0x99,0x00,0x00,0x1d,0x81,0x00,0x00,0x1d,0x6a,
  0x00,0x00,0x1d,0x52,0x00,0x00,0x1d,0x3b,0x00,0x00,0x1d,0x23,0x00,0x00,0x1d,0x0c,
  0x00,0x00,0x1c,0xf5,0x00,0x00,0x1c,0xdf,0x00,0x00,0x1c,0xc8,0x00,0x00,0x1c,0xb1,
  0x00,0x00,0x1c,0x9b,0x00,0x00,0x1c,0x85,0x00,0x00,0x1c,0x6f,0x00,0x00,0x1c,0x59,
  0x00,0x00,0x1c,0x43,0x00,0x00,0x1c,0x2d,0x00,0x00,0x1c,0x18,0x00,0x00,0x1c,0x02,
  0x00,0x00,0x1b,0xed,0x00,0x00,0x1b,0xd8,0x00,0x00,0x1b,0xc3,0x00,0x00,0x1b,0xae,
  0x00,0x00,0x1b,0x99,0x00,0x00,0x1b,0x84,0x00,0x00,0x1b,0x6f,0x00,0x00,0x1b,0x5e,
  0x00,0x00,0x1b,0x4b,0x00,0x00,0x1b,0x39,0x00,0x00,0x1b,0x28,0x00,0x00,0x1b,0x16,
  0x00,0x00,0x1b,0x05,0x00,0x00,0x1a,0xf5,0x00,0x00,0x1a,0xe3,0x00,0x00,0x1a,0xd3,
  0x00,0x00,0x1a,0xc1,0x00,0x00,0x1a,0xb1,0x00,0x00,0x1a,0xa1,0x00,0x00,0x1a,0x92,
  0x00,0x00,0x1a,0x82,0x00,0x00,0x1a,0x71,0x00,0x00,0x1a,0x61,0x00,0x00,0x1a,0x52,
  0x00,0x00,0x1a,0x43,0x00,0x00,0x1a,0x34,0x00,0x00,0x1a,0x25,0x00,0x00,0x1a,0x16,
  0x00,0x00,0x1a,0x07,0x00,0x00,0x19,0xf8,0x00,0x00,0x19,0xea,0x00,0x00,0x19,0xdd,
  0x00,0x00,0x19,0xcf,0x00,0x00,0x19,0xc0,0x00,0x00,0x19,0xb2,0x00,0x00,0x19,0xa4,
  0x00,0x00,0x19,0x97,0x00,0x00,0x19,0x89,0x00,0x00,0x19,0x7b,0x00,0x00,0x19,0x6f,
  0x00,0x00,0x19,0x61,0x00,0x00,0x19,0x54,0x00,0x00,0x19,0x48,0x00,0x00,0x19,0x3a,
  0x00,0x00,0x19,0x2e,0x00,0x00,0x19,0x20,0x00,0x00,0x19,0x13,0x00,0x00,0x19,0x07,
  0x00,0x00,0x18,0xfc,0x00,0x00,0x18,0xef,0x00,0x00,0x18,0xe4,0x00,0x00,0x18,0xd7,
  0x00,0x00,0x18,0xcb,0x00,0x00,0x18,0xc0,0x00,0x00,0x18,0xb3,0x00,0x00,0x18,0xa8,
  0x00,0x00,0x18,0x9b,0x00,0x00,0x18,0x90,0x00,0x00,0x18,0x85,0x00,0x00,0x18,0x7b,
  0x00,0x00,0x18,0x70,0x00,0x00,0x18,0x64,0x00,0x00,0x18,0x59,0x00,0x00,0x18,0x4e,
  0x00,0x00,0x18,0x44,0x00,0x00,0x18,0x39,0x00,0x00,0x18,0x2d,0x00,0x00,0x18,0x22,
  0x00,0x00,0x18,0x17,0x00,0x00,0x18,0x0d,0x00,0x00,0x18,0x03,0x00,0x00,0x17,0xf9,
  0x00,0x00,0x17,0xef,0x00,0x00,0x17,0xe5,0x00,0x00,0x17,0xdb,0x00,0x00,0x17,0xd1,
  0x00,0x00,0x17,0xc7,0x00,0x00,0x17,0xbd,0x00,0x00,0x17,0xb3,0x00,0x00,0x17,0xa9,
  0x00,0x00,0x17,0x9f,0x00,0x00,0x17,0x95,0x00,0x00,0x17,0x8c,0x00,0x00,0x17,0x83,
  0x00,0x00,0x17,0x7b,0x00,0x00,0x17,0x72,0x00,0x00,0x17,0x68,0x00,0x00,0x17,0x5f,
  0x00,0x00,0x17,0x56,0x00,0x00,0x17,0x4e,0x00,0x00,0x17,0x45,0x00,0x00,0x17,0x3b,
  0x00,0x00,0x17,0x32,0x00,0x00,0x17,0x29,0x00,0x00,0x17,0x21,0x00,0x00,0x17,0x18,
  0x00,0x00,0x17,0x0e,0x00,0x00,0x17,0x05,0x00,0x00,0x16,0xfe,0x00,0x00,0x16,0xf5,
  0x00,0x00,0x16,0xed,0x00,0x00,0x16,0xe6,0x00,0x00,0x16,0xdd,0x00,0x00,0x16,0xd6,
  0x00,0x00,0x16,0xcd,0x00,0x00,0x16,0xc5,0x00,0x00,0x16,0xbe,0x00,0x00,0x16,0xb5,
  0x00,0x00,0x16,0xae,0x00,0x00,0x16,0xa5,0x00,0x00,0x16,0x9d,0x00,0x00,0x16,0x96,
  0x00,0x00,0x16,0x8d,0x00,0x00,0x16,0x86,0x00,0x00,0x16,0x7d,0x00,0x00,0x16,0x75,
  0x00,0x00,0x16,0x6e,0x00,0x00,0x16,0x65,0x00,0x00,0x16,0x5f,0x00,0x00,0x16,0x57,
  0x00,0x00,0x16,0x50,0x00,0x00,0x16,0x4a,0x00,0x00,0x16,0x42,0x00,0x00,0x16,0x3c,
  0x00,0x00,0x16,0x34,0x00,0x00,0x16,0x2d,0x00,0x00,0x16,0x27,0x00,0x00,0x16,0x1f,
  0x00,0x00,0x16,0x19,0x00,0x00,0x16,0x11,0x00,0x00,0x16,0x0a,0x00,0x00,0x16,0x04,
  0x00,0x00,0x15,0xfc,0x00,0x00,0x15,0xf6,0x00,0x00,0x15,0xee,0x00,0x00,0x15,0xe7,
  0x00,0x00,0x15,0xe1,0x00,0x00,0x15,0xd9,0x00,0x00,0x15,0xd3,0x00,0x00,0x15,0xcb,
  0x00,0x00,0x15,0xc4,0x00,0x00,0x15,0xbf,0x00,0x00,0x15,0xb9,0x00,0x00,0x15,0xb2,
  0x00,0x00,0x15,0xac,0x00,0x00,0x15,0xa6,0x00,0x00,0x15,0xa1,0x00,0x00,0x15,0x9b,
  0x00,0x00,0x15,0x94,0x00,0x00,0x15,0x8e,0x00,0x00,0x15,0x88,0x00,0x00,0x15,0x83,
  0x00,0x00,0x15,0x7d,0x00,0x00,0x15,0x76,0x00,0x00,0x15,0x70,0x00,0x00,0x15,0x6a,
  0x00,0x00,0x15,0x65,0x00,0x00,0x15,0x5f,0x00,0x00,0x15,0x58,0x00,0x00,0x15,0x52,
  0x00,0x00,0x15,0x4c,0x00,0x00,0x15,0x47,0x00,0x00,0x15,0x41,0x00,0x00,0x15,0x3a,
  0x00,0x00,0x15,0x34,0x00,0x00,0x15,0x2e,0x00,0x00,0x15,0x29,0x00,0x00,0x15,0x23,
  0x00,0x00,0x15,0x1c,0x00,0x00,0x15,0x16,0x00,0x00,0x15,0x10,0x00,0x00,0x15,0x0b,
  0x00,0x00,0x15,0x06,0x00,0x00,0x15,0x01,0x00,0x00,0x14,0xfc,0x00,0x00,0x14,0xf7,
  0x00,0x00,0x14,0xf2,0x00,0x00,0x14,0xed,0x00,0x00,0x14,0xe8,0x00,0x00,0x14,0xe3,
  0x00,0x00,0x14,0xde,0x00,0x00,0x14,0xd9,0x00,0x00,0x14,0xd4,0x00,0x00,0x14,0xcf,
  0x00,0x00,0x14,0xca,0x00,0x00,0x14,0xc5,0x00,0x00,0x14,0xc0,0x00,0x00,0x14,0xbb,
  0x00,0x00,0x14,0xb6,0x00,0x00,0x14,0xb1,0x00,0x00,0x14,0xac,0x00,0x00,0x14,0xa7,
  0x00,0x00,0x14,0xa2,0x00,0x00,0x14,0x9d,0x00,0x00,0x14,0x98,0x00,0x00,0x14,0x93,
  0x00,0x00,0x14,0x8e,0x00,0x00,0x14,0x89,0x00,0x00,0x14,0x84,0x00,0x00,0x14,0x7f,
  0x00,0x00,0x14,0x7a,0x00,0x00,0x14,0x75,0x00,0x00,0x14,0x70,0x00,0x00,0x14,0x6b,
  0x00,0x00,0x14,0x66,0x00,0x00,0x14,0x61,0x00,0x00,0x14,0x5c,0x00,0x00,0x14,0x57,
  0x00,0x00,0x14,0x52,0x00,0x00,0x14,0x4d,0x00,0x00,0x14,0x48,0x00,0x00,0x14,0x43,
  0x00,0x00,0x14,0x3e,0x00,0x00,0x14,0x3a,0x00,0x00,0x14,0x36,0x00,0x00,0x14,0x33,
  0x00,0x00,0x14,0x2f,0x00,0x00,0x14,0x2a,0x00,0x00,0x14,0x26,0x00,0x00,0x14,0x22,
  0x00,0x00,0x14,0x1f,0x00,0x00,0x14,0x1b,0x00,0x00,0x14,0x16,0x00,0x00,0x14,0x12,
  0x00,0x00,0x14,0x0e,0x00,0x00,0x14,0x0b,0x00,0x00,0x14,0x07,0x00,0x00,0x14,0x02,
  0x00,0x00,0x13,0xfe,0x00,0x00,0x13,0xfb,0x00,0x00,0x13,0xf7,0x00,0x00,0x13,0xf3,
  0x00,0x00,0x13,0xee,0x00,0x00,0x13,0xea,0x00,0x00,0x13,0xe7,0x00,0x00,0x13,0xe3,
  0x00,0x00,0x13,0xdf,0x00,0x00,0x13,0xda,0x00,0x00,0x13,0xd6,0x00,0x00,0x13,0xd3,
  0x00,0x00,0x13,0xcf,0x00,0x00,0x13,0xcb,0x00,0x00,0x13,0xc6,0x00,0x00,0x13,0xc2,
  0x00,0x00,0x13,0xbf,0x00,0x00,0x13,0xbb,0x00,0x00,0x13,0xb7,0x00,0x00,0x13,0xb2,
  0x00,0x00,0x13,0xae,0x00,0x00,0x13,0xab,0x00,0x00,0x13,0xa7,0x00,0x00,0x13,0xa3,
  0x00,0x00,0x13,0x9e,0x00,0x00,0x13,0x9a,0x00,0x00,0x13,0x97,0x00,0x00,0x13,0x93,
  0x00,0x00,0x13,0x8f,0x00,0x00,0x13,0x8a,0x00,0x00,0x13,0x86,0x00,0x00,0x13,0x83,
  0x00,0x00,0x13,0x7f,0x00,0x00,0x13,0x7b,0x00,0x00,0x13,0x76,0x00,0x00,0x13,0x72,
  0x00,0x00,0x13,0x6f,0x00,0x00,0x13,0x6b,0x00,0x00,0x13,0x67,0x00,0x00,0x13,0x62,
  0x00,0x00,0x13,0x5e,0x00,0x00,0x13,0x5b,0x00,0x00,0x13,0x57,0x00,0x00,0x13,0x53,
  0x00,0x00,0x13,0x51,0x00,0x00,0x13,0x4e,0x00,0x00,0x13,0x4a,0x00,0x00,0x13,0x48,
  0x00,0x00,0x13,0x44,0x00,0x00,0x13,0x42,0x00,0x00,0x13,0x3f,0x00,0x00,0x13,0x3b,
  0x00,0x00,0x13,0x39,0x00,0x00,0x13,0x35,0x00,0x00,0x13,0x33,0x00,0x00,0x13,0x30,
  0x00,0x00,0x13,0x2c,0x00,0x00,0x13,0x2a,0x00,0x00,0x13,0x26,0x00,0x00,0x13,0x24,
  0x00,0x00,0x13,0x21,0x00,0x00,0x13,0x1d,0x00,0x00,0x13,0x1b,0x00,0x00,0x13,0x17,
  0x00,0x00,0x13,0x15,0x00,0x00,0x13,0x12,0x00,0x00,0x13,0x0e,0x00,0x00,0x13,0x0c,
  0x00,0x00,0x13,0x08,0x00,0x00,0x13,0x06,0x00,0x00,0x13,0x03,0x00,0x00,0x12,0xff,
  0x00,0x00,0x12,0xfd,0x00,0x00,0x12,0xf9,0x00,0x00,0x12,0xf7,0x00,0x00,0x12,0xf4,
  0x00,0x00,0x12,0xf0,0x00,0x00,0x12,0xee,0x00,0x00,0x12,0xea,0x00,0x00,0x12,0xe8,
  0x00,0x00,0x12,0xe5,0x00,0x00,0x12,0xe1,0x00,0x00,0x12,0xdf,0x00,0x00,0x12,0xdb,
  0x00,0x00,0x12,0xd9,0x00,0x00,0x12,0xd6,0x00,0x00,0x12,0xd2,0x00,0x00,0x12,0xd0,
  0x00,0x00,0x12,0xcc,0x00,0x00,0x12,0xca,0x00,0x00,0x12,0xc7,0x00,0x00,0x12,0xc3,
  0x00,0x00,0x12,0xc1,0x00,0x00,0x12,0xbd,0x00,0x00,0x12,0xbb,0x00,0x00,0x12,0xb8,
  0x00,0x00,0x12,0xb4,0x00,0x00,0x12,0xb2,0x00,0x00,0x12,0xae,0x00,0x00,0x12,0xac,
  0x00,0x00,0x12,0xa9,0x00,0x00,0x12,0xa5,0x00,0x00,0x12,0xa3,0x00,0x00,0x12,0x9f,
  0x00,0x00,0x12,0x9d,0x00,0x00,0x12,0x9a,0x00,0x00,0x12,0x96,0x00,0x00,0x12,0x94,
  0x00,0x00,0x12,0x90,0x00,0x00,0x12,0x8e,0x00,0x00,0x12,0x8b,0x00,0x00,0x12,0x87,
  0x00,0x00,0x12,0x85,0x00,0x00,0x12,0x81,0x00,0x00,0x12,0x7f,0x00,0x00,0x12,0x7c,
  0x00,0x00,0x12,0x78,0x00,0x00,0x12,0x76,0x00,0x00,0x12,0x72,0x00,0x00,0x12,0x70,
  0x00,0x00,0x12,0x6d,0x00,0x00,0x12,0x69,0x00,0x00,0x12,0x67,0x00,0x00,0x12,0x63,
  0x00,0x00,0x12,0x61,0x00,0x00,0x12,0x5e,0x00,0x00,0x12,0x5a,0x00,0x00,0x12,0x58,
  0x00,0x00,0x12,0x54,0x00,0x00,0x12,0x52,0x00,0x00,0x12,0x4f,0x00,0x00,0x12,0x4b,
  0x00,0x00,0x12,0x49,0x00,0x00,0x12,0x45,0x00,0x00,0x12,0x44,0x00,0x00,0x12,0x41,
  0x00,0x00,0x12,0x40,0x00,0x00,0x12,0x3e,0x00,0x00,0x12,0x3b,0x00,0x00,0x12,0x3a,
  0x00,0x00,0x12,0x37,0x00,0x00,0x12,0x36,0x00,0x00,0x12,0x34,0x00,0x00,0x12,0x31,
  0x00,0x00,0x12,0x30,0x00,0x00,0x12,0x2d,0x00,0x00,0x12,0x2c,0x00,0x00,0x12,0x2a,
  0x00,0x00,0x12,0x27,0x00,0x00,0x12,0x26,0x00,0x00,0x12,0x23,0x00,0x00,0x12,0x22,
  0x00,0x00,0x12,0x20,0x00,0x00,0x12,0x1d,0x00,0x00,0x12,0x1c,0x00,0x00,0x12,0x19,
  0x00,0x00,0x12,0x18,0x00,0x00,0x12,0x16,0x00,0x00,0x12,0x13,0x00,0x00,0x12,0x12,
  0x00,0x00,0x12,0x0f,0x00,0x00,0x12,0x0e,0x00,0x00,0x12,0x0c,0x00,0x00,0x12,0x09,
  0x00,0x00,0x12,0x08,0x00,0x00,0x12,0x05,0x00,0x00,0x12,0x04,0x00,0x00,0x12,0x02,
  0x00,0x00,0x11,0xff,0x00,0x00,0x11,0xfe,0x00,0x00,0x11,0xfb,0x00,0x00,0x11,0xfa,
  0x00,0x00,0x11,0xf8,0x00,0x00,0x11,0xf5,0x00,0x00,0x11,0xf4,0x00,0x00,0x11,0xf1,
  0x00,0x00,0x11,0xf0,0x00,0x00,0x11,0xee,0x00,0x00,0x11,0xeb,0x00,0x00,0x11,0xea,
  0x00,0x00,0x11,0xe7,0x00,0x00,0x11,0xe6,0x00,0x00,0x11,0xe4,0x00,0x00,0x11,0xe1,
  0x00,0x00,0x11,0xe0,0x00,0x00,0x11,0xdd,0x00,0x00,0x11,0xdc,0x00,0x00,0x11,0xda,
  0x00,0x00,0x11,0xd7,0x00,0x00,0x11,0xd6,0x00,0x00,0x11,0xd3,0x00,0x00,0x11,0xd2,
  0x00,0x00,0x11,0xd0,0x00,0x00,0x11,0xcd,0x00,0x00,0x11,0xcc,0x00,0x00,0x11,0xc9,
  0x00,0x00,0x11,0xc8,0x00,0x00,0x11,0xc6,0x00,0x00,0x11,0xc3,0x00,0x00,0x11,0xc2,
  0x00,0x00,0x11,0xbf,0x00,0x00,0x11,0xbe,0x00,0x00,0x11,0xbc,0x00,0x00,0x11,0xb9,
  0x00,0x00,0x11,0xb8,0x00,0x00,0x11,0xb5,0x00,0x00,0x11,0xb4,0x00,0x00,0x11,0xb2,
  0x00,0x00,0x11,0xaf,0x00,0x00,0x11,0xae,0x00,0x00,0x11,0xab,0x00,0x00,0x11,0xaa,
  0x00,0x00,0x11,0xa8,0x00,0x00,0x11,0xa5,0x00,0x00,0x11,0xa4,0x00,0x00,0x11,0xa1,
  0x00,0x00,0x11,0xa0,0x00,0x00,0x11,0x9e,0x00,0x00,0x11,0x9b,0x00,0x00,0x11,0x9a,
  0x00,0x00,0x11,0x97,0x00,0x00,0x11,0x96,0x00,0x00,0x11,0x94,0x00,0x00,0x11,0x91,
  0x00,0x00,0x11,0x90,0x00,0x00,0x11,0x8d,0x00,0x00,0x11,0x8c,0x00,0x00,0x11,0x8a,
  0x00,0x00,0x11,0x87,0x00,0x00,0x11,0x86,0x00,0x00,0x11,0x83,0x00,0x00,0x11,0x82,
  0x00,0x00,0x11,0x80,0x00,0x00,0x11,0x7d,0x00,0x00,0x11,0x7c,0x00,0x00,0x11,0x79,
  0x00,0x00,0x11,0x78,0x00,0x00,0x11,0x76,0x00,0x00,0x11,0x73,0x00,0x00,0x11,0x72,
  0x00,0x00,0x11,0x6f,0x00,0x00,0x11,0x6e,0x00,0x00,0x11,0x6c,0x00,0x00,0x11,0x69,
  0x00,0x00,0x11,0x68,0x00,0x00,0x11,0x65,0x00,0x00,0x11,0x64,0x00,0x00,0x11,0x62,
  0x00,0x00,0x11,0x5f,0x00,0x00,0x11,0x5e,0x00,0x00,0x11,0x5b,0x00,0x00,0x11,0x5a,
  0x00,0x00,0x11,0x58,0x00,0x00,0x11,0x55,0x00,0x00,0x11,0x54,0x00,0x00,0x11,0x51,
  0x00,0x00,0x11,0x50,0x00,0x00,0x11,0x4e,0x00,0x00,0x11,0x4b,0x00,0x00,0x11,0x4a,
  0x00,0x00,0x11,0x47,0x00,0x00,0x11,0x46,0x00,0x00,0x11,0x44,0x00,0x00,0x11,0x41,
  0x00,0x00,0x11,0x40,0x00,0x00,0x11,0x3d,0x00,0x00,0x11,0x3c,0x00,0x00,0x11,0x3a,
  0x00,0x00,0x11,0x37,0x00,0x00,0x11,0x36,0x00,0x00,0x11,0x33,0x00,0x00,0x11,0x32,
  0x00,0x00,0x11,0x30,0x00,0x00,0x11,0x2d,0x00,0x00,0x11,0x2c,0x00,0x00,0x11,0x29,
  0x00,0x00,0x11,0x28,0x00,0x00,0x11,0x26,0x00,0x00,0x11,0x23,0x00,0x00,0x11,0x22,
  0x00,0x00,0x11,0x1f,0x00,0x00,0x11,0x1e,0x00,0x00,0x11,0x1c,0x00,0x00,0x11,0x19,
  0x00,0x00,0x11,0x18,0x00,0x00,0x11,0x15,0x00,0x00,0x11,0x14,0x00,0x00,0x11,0x12,
  0x00,0x00,0x11,0x0f,0x00,0x00,0x11,0x0e,0x00,0x00,0x11,0x0b,0x00,0x00,0x11,0x0a,
  0x00,0x00,0x11,0x08,0x00,0x00,0x11,0x05,0x00,0x00,0x11,0x04,0x00,0x00,0x11,0x01,
  0x00,0x00,0x11,0x00,0x00,0x00,0x10,0xfe,0x00,0x00,0x10,0xfb,0x00,0x00,0x10,0xfa,
  0x00,0x00,0x10,0xf7,0x00,0x00,0x10,0xf6,0x00,0x00,0x10,0xf4,0x00,0x00,0x10,0xf1,
  0x00,0x00,0x10,0xf0,0x00,0x00,0x10,0xed,0x00,0x00,0x10,0xec,0x00,0x00,0x10,0xea,
  0x00,0x00,0x10,0xe7,0x00,0x00,0x10,0xe6,0x00,0x00,0x10,0xe3,0x00,0x00,0x10,0xe2,
  0x00,0x00,0x10,0xe0,0x00,0x00,0x10,0xdd,0x00,0x00,0x10,0xdc,0x00,0x00,0x10,0xd9,
  0x00,0x00,0x10,0xd8,0x00,0x00,0x10,0xd6,0x00,0x00,0x10,0xd3,0x00,0x00,0x10,0xd2,
  0x00,0x00,0x10,0xcf,0x00,0x00,0x10,0xce,0x00,0x00,0x10,0xcc,0x00,0x00,0x10,0xca,
  0x00,0x00,0x10,0xc9,0x00,0x00,0x10,0xc9,0x00,0x00,0x10,0xc8,0x00,0x00,0x10,0xc7,
  0x00,0x00,0x10,0xc5,0x00,0x00,0x10,0xc4,0x00,0x00,0x10,0xc4,0x00,0x00,0x10,0xc3,
  0x00,0x00,0x10,0xc2,0x00,0x00,0x10,0xc0,0x00,0x00,0x10,0xbf,0x00,0x00,0x10,0xbf,
  0x00,0x00,0x10,0xbe,0x00,0x00,0x10,0xbd,0x00,0x00,0x10,0xbb,0x00,0x00,0x10,0xba,
  0x00,0x00,0x10,0xba,0x00,0x00,0x10,0xb9,0x00,0x00,0x10,0xb8,0x00,0x00,0x10,0xb6,
  0x00,0x00,0x10,0xb5,0x00,0x00,0x10,0xb5,0x00,0x00,0x10,0xb4,0x00,0x00,0x10,0xb3,
  0x00,0x00,0x10,0xb1,0x00,0x00,0x10,0xb0,0x00,0x00,0x10,0xb0,0x00,0x00,0x10,0xaf,
  0x00,0x00,0x10,0xae,0x00,0x00,0x10,0xac,0x00,0x00,0x10,0xab,0x00,0x00,0x10,0xab,
  0x00,0x00,0x10,0xaa,0x00,0x00,0x10,0xa9,0x00,0x00,0x10,0xa7,0x00,0x00,0x10,0xa6,
  0x00,0x00,0x10,0xa6,0x00,0x00,0x10,0xa5,0x00,0x00,0x10,0xa4,0x00,0x00,0x10,0xa2,
  0x00,0x00,0x10,0xa1,0x00,0x00,0x10,0xa1,0x00,0x00,0x10,0xa0,0x00,0x00,0x10,0x9f,
  0x00,0x00,0x10,0x9d,0x00,0x00,0x10,0x9c,0x00,0x00,0x10,0x9c,0x00,0x00,0x10,0x9b,
  0x00,0x00,0x10,0x9a,0x00,0x00,0x10,0x98,0x00,0x00,0x10,0x97,0x00,0x00,0x10,0x97,
  0x00,0x00,0x10,0x96,0x00,0x00,0x10,0x95,0x00,0x00,0x10,0x93,0x00,0x00,0x10,0x92,
  0x00,0x00,0x10,0x92,0x00,0x00,0x10,0x91,0x00,0x00,0x10,0x90,0x00,0x00,0x10,0x8e,
  0x00,0x00,0x10,0x8d,0x00,0x00,0x10,0x8d,0x00,0x00,0x10,0x8c,0x00,0x00,0x10,0x8b,
  0x00,0x00,0x10,0x89,0x00,0x00,0x10,0x88,0x00,0x00,0x10,0x88,0x00,0x00,0x10,0x87,
  0x00,0x00,0x10,0x86,0x00,0x00,0x10,0x84,0x00,0x00,0x10,0x83,0x00,0x00,0x10,0x83,
  0x00,0x00,0x10,0x82,0x00,0x00,0x10,0x81,0x00,0x00,0x10,0x7f,0x00,0x00,0x10,0x7e,
  0x00,0x00,0x10,0x7e,0x00,0x00,0x10,0x7d,0x00,0x00,0x10,0x7c,0x00,0x00,0x10,0x7a,
  0x00,0x00,0x10,0x79,0x00,0x00,0x10,0x79,0x00,0x00,0x10,0x78,0x00,0x00,0x10,0x77,
  0x00,0x00,0x10,0x75,0x00,0x00,0x10,0x74,0x00,0x00,0x10,0x74,0x00,0x00,0x10,0x73,
  0x00,0x00,0x10,0x72,0x00,0x00,0x10,0x70,0x00,0x00,0x10,0x6f,0x00,0x00,0x10,0x6f,
  0x00,0x00,0x10,0x6e,0x00,0x00,0x10,0x6d,0x00,0x00,0x10,0x6b,0x00,0x00,0x10,0x6a,
  0x00,0x00,0x10,0x6a,0x00,0x00,0x10,0x69,0x00,0x00,0x10,0x68,0x00,0x00,0x10,0x66,
  0x00,0x00,0x10,0x65,0x00,0x00,0x10,0x65,0x00,0x00,0x10,0x64,0x00,0x00,0x10,0x63,
  0x00,0x00,0x10,0x61,0x00,0x00,0x10,0x60,0x00,0x00,0x10,0x60,0x00,0x00,0x10,0x5f,
  0x00,0x00,0x10,0x5e,0x00,0x00,0x10,0x5c,0x00,0x00,0x10,0x5b,0x00,0x00,0x10,0x5b,
  0x00,0x00,0x10,0x5a,0x00,0x00,0x10,0x59,0x00,0x00,0x10,0x57,0x00,0x00,0x10,0x56,
  0x00,0x00,0x10,0x56,0x00,0x00,0x10,0x55,0x00,0x00,0x10,0x54,0x00,0x00,0x10,0x52,
  0x00,0x00,0x10,0x51,0x00,0x00,0x10,0x51,0x00,0x00,0x10,0x50,0x00,0x00,0x10,0x4f,
  0x00,0x00,0x10,0x4d,0x00,0x00,0x10,0x4c,0x00,0x00,0x10,0x4c,0x00,0x00,0x10,0x4b,
  0x00,0x00,0x10,0x4a,0x00,0x00,0x10,0x48,0x00,0x00,0x10,0x47,0x00,0x00,0x10,0x47,
  0x00,0x00,0x10,0x46,0x00,0x00,0x10,0x45,0x00,0x00,0x10,0x43,0x00,0x00,0x10,0x42,
  0x00,0x00,0x10,0x42,0x00,0x00,0x10,0x41,0x00,0x00,0x10,0x40,0x00,0x00,0x10,0x3e,
  0x00,0x00,0x10,0x3d,0x00,0x00,0x10,0x3d,0x00,0x00,0x10,0x3c,0x00,0x00,0x10,0x3b,
  0x00,0x00,0x10,0x39,0x00,0x00,0x10,0x38,0x00,0x00,0x10,0x38,0x00,0x00,0x10,0x37,
  0x00,0x00,0x10,0x36,0x00,0x00,0x10,0x34,0x00,0x00,0x10,0x33,0x00,0x00,0x10,0x33,
  0x00,0x00,0x10,0x32,0x00,0x00,0x10,0x31,0x00,0x00,0x10,0x2f,0x00,0x00,0x10,0x2e,
  0x00,0x00,0x10,0x2e,0x00,0x00,0x10,0x2d,0x00,0x00,0x10,0x2c,0x00,0x00,0x10,0x2a,
  0x00,0x00,0x10,0x29,0x00,0x00,0x10,0x29,0x00,0x00,0x10,0x28,0x00,0x00,0x10,0x27,
  0x00,0x00,0x10,0x25,0x00,0x00,0x10,0x24,0x00,0x00,0x10,0x24,0x00,0x00,0x10,0x23,
  0x00,0x00,0x10,0x22,0x00,0x00,0x10,0x20,0x00,0x00,0x10,0x1f,0x00,0x00,0x10,0x1f,
  0x00,0x00,0x10,0x1e,0x00,0x00,0x10,0x1d,0x00,0x00,0x10,0x1b,0x00,0x00,0x10,0x1a,
  0x00,0x00,0x10,0x1a,0x00,0x00,0x10,0x19,0x00,0x00,0x10,0x18,0x00,0x00,0x10,0x16,
  0x00,0x00,0x10,0x15,0x00,0x00,0x10,0x15,0x00,0x00,0x10,0x14,0x00,0x00,0x10,0x13,
  0x00,0x00,0x10,0x11,0x00,0x00,0x10,0x10,0x00,0x00,0x10,0x10,0x00,0x00,0x10,0x0f,
  0x00,0x00,0x10,0x0e,0x00,0x00,0x10,0x0c,0x00,0x00,0x10,0x0b,0x00,0x00,0x10,0x0b,
  0x00,0x00,0x10,0x0a,0x00,0x00,0x10,0x09,0x00,0x00,0x10,0x07,0x00,0x00,0x10,0x06,
  0x00,0x00,0x10,0x06,0x00,0x00,0x10,0x05,0x00,0x00,0x10,0x04,0x00,0x00,0x10,0x02,
  0x00,0x00,0x10,0x01,0x00,0x00,0x10,0x01,0x00,0x00,0x10,0x00,0x00,0x00,0x0f,0xfe,
  0x00,0x00,0x0f,0xfd,0x00,0x00,0x0f,0xfc,0x00,0x00,0x0f,0xfc,0x00,0x00,0x0f,0xfb,
  0x00,0x00,0x0f,0xf9,0x00,0x00,0x0f,0xf8,0x00,0x00,0x0f,0xf7,0x00,0x00,0x0f,0xf7,
  0x00,0x00,0x0f,0xf6,0x00,0x00,0x0f,0xf4,0x00,0x00,0x0f,0xf3,0x00,0x00,0x0f,0xf2,
  0x00,0x00,0x0f,0xf2,0x00,0x00,0x0f,0xf1,0x00,0x00,0x0f,0xef,0x00,0x00,0x0f,0xee,
  0x00,0x00,0x0f,0xed,0x00,0x00,0x0f,0xed,0x00,0x00,0x0f,0xec,0x00,0x00,0x0f,0xea,
  0x00,0x00,0x0f,0xe9,0x00,0x00,0x0f,0xe8,0x00,0x00,0x0f,0xe8,0x00,0x00,0x0f,0xe7,
  0x00,0x00,0x0f,0xe5,0x00,0x00,0x0f,0xe4,0x00,0x00,0x0f,0xe3,0x00,0x00,0x0f,0xe3,
  0x00,0x00,0x0f,0xe2,0x00,0x00,0x0f,0xe0,0x00,0x00,0x0f,0xdf,0x00,0x00,0x0f,0xde,
  0x00,0x00,0x0f,0xde,0x00,0x00,0x0f,0xdd,0x00,0x00,0x0f,0xdb,0x00,0x00,0x0f,0xda,
  0x00,0x00,0x0f,0xd9,0x00,0x00,0x0f,0xd9,0x00,0x00,0x0f,0xd8,0x00,0x00,0x0f,0xd6,
  0x00,0x00,0x0f,0xd5,0x00,0x00,0x0f,0xd4,0x00,0x00,0x0f,0xd4,0x00,0x00,0x0f,0xd3,
  0x00,0x00,0x0f,0xd1,0x00,0x00,0x0f,0xd0,0x00,0x00,0x0f,0xcf,0x00,0x00,0x0f,0xcf,
  0x00,0x00,0x0f,0xce,0x00,0x00,0x0f,0xcc,0x00,0x00,0x0f,0xcb,0x00,0x00,0x0f,0xca,
  0x00,0x00,0x0f,0xca,0x00,0x00,0x0f,0xc9,0x00,0x00,0x0f,0xc7,0x00,0x00,0x0f,0xc6,
  0x00,0x00,0x0f,0xc5,0x00,0x00,0x0f,0xc5,0x00,0x00,0x0f,0xc4,0x00,0x00,0x0f,0xc2,
  0x00,0x00,0x0f,0xc1,0x00,0x00,0x0f,0xc0,0x00,0x00,0x0f,0xc0,0x00,0x00,0x0f,0xbf,
  0x00,0x00,0x0f,0xbd,0x00,0x00,0x0f,0xbc,0x00,0x00,0x0f,0xbb,0x00,0x00,0x0f,0xbb,
  0x00,0x00,0x0f,0xba,0x00,0x00,0x0f,0xb8,0x00,0x00,0x0f,0xb7,0x00,0x00,0x0f,0xb6,
  0x00,0x00,0x0f,0xb6,0x00,0x00,0x0f,0xb5,0x00,0x00,0x0f,0xb3,0x00,0x00,0x0f,0xb2,
  0x00,0x00,0x0f,0xb1,0x00,0x00,0x0f,0xb1,0x00,0x00,0x0f,0xb0,0x00,0x00,0x0f,0xae,
  0x00,0x00,0x0f,0xad,0x00,0x00,0x0f,0xac,0x00,0x00,0x0f,0xac,0x00,0x00,0x0f,0xab,
  0x00,0x00,0x0f,0xa9,0x00,0x00,0x0f,0xa8,0x00,0x00,0x0f,0xa7,0x00,0x00,0x0f,0xa7,
  0x00,0x00,0x0f,0xa6,0x00,0x00,0x0f,0xa4,0x00,0x00,0x0f,0xa3,0x00,0x00,0x0f,0xa2,
  0x00,0x00,0x0f,0xa2,0x00,0x00,0x0f,0xa1,0x80,0x00,0x0f,0x9f,0x00,0x00,0x02,0xa5,
  0x00,0x00,0x0f,0x9f,0x00,0x00,0x0f,0xa1,0x00,0x00,0x0f,0xa2,0x00,0x00,0x0f,0xa2,
  0x00,0x00,0x0f,0xa3,0x00,0x00,0x0f,0xa4,0x00,0x00,0x0f,0xa6,0x00,0x00,0x0f,0xa7,
  0x00,0x00,0x0f,0xa7,0x00,0x00,0x0f,0xa8,0x00,0x00,0x0f,0xa9,0x00,0x00,0x0f,0xab,
  0x00,0x00,0x0f,0xac,0x00,0x00,0x0f,0xac,0x00,0x00,0x0f,0xad,0x00,0x00,0x0f,0xae,
  0x00,0x00,0x0f,0xb0,0x00,0x00,0x0f,0xb1,0x00,0x00,0x0f,0xb1,0x00,0x00,0x0f,0xb2,
  0x00,0x00,0x0f,0xb3,0x00,0x00,0x0f,0xb5,0x00,0x00,0x0f,0xb6,0x00,0x00,0x0f,0xb6,
  0x00,0x00,0x0f,0xb7,0x00,0x00,0x0f,0xb8,0x00,0x00,0x0f,0xba,0x00,0x00,0x0f,0xbb,
  0x00,0x00,0x0f,0xbb,0x00,0x00,0x0f,0xbc,0x00,0x00,0x0f,0xbd,0x80,0x00,0x0f,0xc0,
  0x00,0x00,0x00,0x14,0x80,0x00,0x0f,0xc0,0x80,0x00,0x00,0x00,0x80,0x00,0x0f,0xc0,
  0x00,0x00,0x0f,0xc0,0x00,0x00,0x0f,0xc0,0x00,0x00,0x0f,0xc1,0x00,0x00,0x0f,0xc2,
  0x00,0x00,0x0f,0xc4,0x00,0x00,0x0f,0xc5,0x00,0x00,0x0f,0xc5,0x00,0x00,0x0f,0xc6,
  0x00,0x00,0x0f,0xc7,0x00,0x00,0x0f,0xc9,0x00,0x00,0x0f,0xca,0x00,0x00,0x0f,0xca,
  0x00,0x00,0x0f,0xcb,0x00,0x00,0x0f,0xcc,0x00,0x00,0x0f,0xce,0x00,0x00,0x0f,0xcf,
  0x00,0x00,0x0f,0xcf,0x00,0x00,0x0f,0xd0,0x00,0x00,0x0f,0xd1,0x00,0x00,0x0f,0xd3,
  0x00,0x00,0x0f,0xd4,0x00,0x00,0x0f,0xd4,0x00,0x00,0x0f,0xd5,0x00,0x00,0x0f,0xd6,
  0x00,0x00,0x0f,0xd8,0x00,0x00,0x0f,0xd9,0x00,0x00,0x0f,0xd9,0x00,0x00,0x0f,0xda,
  0x00,0x00,0x0f,0xdb,0x00,0x00,0x0f,0xdd,0x00,0x00,0x0f,0xde,0x00,0x00,0x0f,0xde,
  0x00,0x00,0x0f,0xdf,0x00,0x00,0x0f,0xe0,0x00,0x00,0x0f,0xe2,0x00,0x00,0x0f,0xe3,
  0x00,0x00,0x0f,0xe3,0x00,0x00,0x0f,0xe4,0x00,0x00,0x0f,0xe5,0x00,0x00,0x0f,0xe7,
  0x00,0x00,0x0f,0xe8,0x00,0x00,0x0f,0xe8,0x00,0x00,0x0f,0xe9,0x00,0x00,0x0f,0xea,
  0x00,0x00,0x0f,0xec,0x00,0x00,0x0f,0xed,0x00,0x00,0x0f,0xed,0x00,0x00,0x0f,0xee,
  0x00,0x00,0x0f,0xef,0x00,0x00,0x0f,0xf1,0x00,0x00,0x0f,0xf2,0x00,0x00,0x0f,0xf2,
  0x00,0x00,0x0f,0xf3,0x00,0x00,0x0f,0xf4,0x00,0x00,0x0f,0xf6,0x00,0x00,0x0f,0xf7,
  0x00,0x00,0x0f,0xf7,0x00,0x00,0x0f,0xf8,0x00,0x00,0x0f,0xf9,0x00,0x00,0x0f,0xfb,
  0x00,0x00,0x0f,0xfc,0x00,0x00,0x0f,0xfc,0x00,0x00,0x0f,0xfd,0x00,0x00,0x0f,0xfe,
  0x00,0x00,0x10,0x00,0x00,0x00,0x10,0x01,0x00,0x00,0x10,0x01,0x00,0x00,0x10,0x02,
  0x00,0x00,0x10,0x04,0x00,0x00,0x10,0x05,0x00,0x00,0x10,0x06,0x00,0x00,0x10,0x06,
  0x00,0x00,0x10,0x07,0x00,0x00,0x10,0x09,0x00,0x00,0x10,0x0a,0x00,0x00,0x10,0x0b,
  0x00,0x00,0x10,0x0b,0x00,0x00,0x10,0x0c,0x00,0x00,0x10,0x0e,0x00,0x00,0x10,0x0f,
  0x00,0x00,0x10,0x10,0x00,0x00,0x10,0x10,0x00,0x00,0x10,0x11,0x00,0x00,0x10,0x13,
  0x00,0x00,0x10,0x14,0x00,0x00,0x10,0x15,0x00,0x00,0x10,0x15,0x00,0x00,0x10,0x16,
  0x00,0x00,0x10,0x18,0x00,0x00,0x10,0x19,0x00,0x00,0x10,0x1a,0x00,0x00,0x10,0x1a,
  0x00,0x00,0x10,0x1b,0x00,0x00,0x10,0x1d,0x00,0x00,0x10,0x1e,0x00,0x00,0x10,0x1f,
  0x00,0x00,0x10,0x1f,0x00,0x00,0x10,0x20,0x00,0x00,0x10,0x22,0x00,0x00,0x10,0x23,
  0x00,0x00,0x10,0x24,0x00,0x00,0x10,0x24,0x00,0x00,0x10,0x25,0x00,0x00,0x10,0x27,
  0x00,0x00,0x10,0x28,0x00,0x00,0x10,0x29,0x00,0x00,0x10,0x29,0x00,0x00,0x10,0x2a,
  0x00,0x00,0x10,0x2c,0x00,0x00,0x10,0x2d,0x00,0x00,0x10,0x2e,0x00,0x00,0x10,0x2e,
  0x00,0x00,0x10,0x2f,0x00,0x00,0x10,0x31,0x00,0x00,0x10,0x32,0x00,0x00,0x10,0x33,
  0x00,0x00,0x10,0x33,0x00,0x00,0x10,0x34,0x00,0x00,0x10,0x36,0x00,0x00,0x10,0x37,
  0x00,0x00,0x10,0x38,0x00,0x00,0x10,0x38,0x00,0x00,0x10,0x39,0x00,0x00,0x10,0x3b,
  0x00,0x00,0x10,0x3c,0x00,0x00,0x10,0x3d,0x00,0x00,0x10,0x3d,0x00,0x00,0x10,0x3e,
  0x00,0x00,0x10,0x40,0x00,0x00,0x10,0x41,0x00,0x00,0x10,0x42,0x00,0x00,0x10,0x42,
  0x00,0x00,0x10,0x43,0x00,0x00,0x10,0x45,0x00,0x00,0x10,0x46,0x00,0x00,0x10,0x47,
  0x00,0x00,0x10,0x47,0x00,0x00,0x10,0x48,0x00,0x00,0x10,0x4a,0x00,0x00,0x10,0x4b,
  0x00,0x00,0x10,0x4c,0x00,0x00,0x10,0x4c,0x00,0x00,0x10,0x4d,0x00,0x00,0x10,0x4f,
  0x00,0x00,0x10,0x50,0x00,0x00,0x10,0x51,0x00,0x00,0x10,0x51,0x00,0x00,0x10,0x52,
  0x00,0x00,0x10,0x54,0x00,0x00,0x10,0x55,0x00,0x00,0x10,0x56,0x00,0x00,0x10,0x56,
  0x00,0x00,0x10,0x57,0x00,0x00,0x10,0x59,0x00,0x00,0x10,0x5a,0x00,0x00,0x10,0x5b,
  0x00,0x00,0x10,0x5b,0x00,0x00,0x10,0x5c,0x00,0x00,0x10,0x5e,0x00,0x00,0x10,0x5f,
  0x00,0x00,0x10,0x60,0x00,0x00,0x10,0x60,0x00,0x00,0x10,0x61,0x00,0x00,0x10,0x63,
  0x00,0x00,0x10,0x64,0x00,0x00,0x10,0x65,0x00,0x00,0x10,0x65,0x00,0x00,0x10,0x66,
  0x00,0x00,0x10,0x68,0x00,0x00,0x10,0x69,0x00,0x00,0x10,0x6a,0x00,0x00,0x10,0x6a,
  0x00,0x00,0x10,0x6b,0x00,0x00,0x10,0x6d,0x00,0x00,0x10,0x6e,0x00,0x00,0x10,0x6f,
  0x00,0x00,0x10,0x6f,0x00,0x00,0x10,0x70,0x00,0x00,0x10,0x72,0x00,0x00,0x10,0x73,
  0x00,0x00,0x10,0x74,0x00,0x00,0x10,0x74,0x00,0x00,0x10,0x75,0x00,0x00,0x10,0x77,
  0x00,0x00,0x10,0x78,0x00,0x00,0x10,0x79,0x00,0x00,0x10,0x79,0x00,0x00,0x10,0x7a,
  0x00,0x00,0x10,0x7c,0x00,0x00,0x10,0x7d,0x00,0x00,0x10,0x7e,0x00,0x00,0x10,0x7e,
  0x00,0x00,0x10,0x7f,0x00,0x00,0x10,0x81,0x00,0x00,0x10,0x82,0x00,0x00,0x10,0x83,
  0x00,0x00,0x10,0x83,0x00,0x00,0x10,0x84,0x00,0x00,0x10,0x86,0x00,0x00,0x10,0x87,
  0x00,0x00,0x10,0x88,0x00,0x00,0x10,0x88,0x00,0x00,0x10,0x89,0x00,0x00,0x10,0x8b,
  0x00,0x00,0x10,0x8c,0x00,0x00,0x10,0x8d,0x00,0x00,0x10,0x8d,0x00,0x00,0x10,0x8e,
  0x00,0x00,0x10,0x90,0x00,0x00,0x10,0x91,0x00,0x00,0x10,0x92,0x00,0x00,0x10,0x92,
  0x00,0x00,0x10,0x93,0x00,0x00,0x10,0x95,0x00,0x00,0x10,0x96,0x00,0x00,0x10,0x97,
  0x00,0x00,0x10,0x97,0x00,0x00,0x10,0x98,0x00,0x00,0x10,0x9a,0x00,0x00,0x10,0x9b,
  0x00,0x00,0x10,0x9c,0x00,0x00,0x10,0x9c,0x00,0x00,0x10,0x9d,0x00,0x00,0x10,0x9f,
  0x00,0x00,0x10,0xa0,0x00,0x00,0x10,0xa1,0x00,0x00,0x10,0xa1,0x00,0x00,0x10,0xa2,
  0x00,0x00,0x10,0xa4,0x00,0x00,0x10,0xa5,0x00,0x00,0x10,0xa6,0x00,0x00,0x10,0xa6,
  0x00,0x00,0x10,0xa7,0x00,0x00,0x10,0xa9,0x00,0x00,0x10,0xaa,0x00,0x00,0x10,0xab,
  0x00,0x00,0x10,0xab,0x00,0x00,0x10,0xac,0x00,0x00,0x10,0xae,0x00,0x00,0x10,0xaf,
  0x00,0x00,0x10,0xb0,0x00,0x00,0x10,0xb0,0x00,0x00,0x10,0xb1,0x00,0x00,0x10,0xb3,
  0x00,0x00,0x10,0xb4,0x00,0x00,0x10,0xb5,0x00,0x00,0x10,0xb5,0x00,0x00,0x10,0xb6,
  0x00,0x00,0x10,0xb8,0x00,0x00,0x10,0xb9,0x00,0x00,0x10,0xba,0x00,0x00,0x10,0xba,
  0x00,0x00,0x10,0xbb,0x00,0x00,0x10,0xbd,0x00,0x00,0x10,0xbe,0x00,0x00,0x10,0xbf,
  0x00,0x00,0x10,0xbf,0x00,0x00,0x10,0xc0,0x00,0x00,0x10,0xc2,0x00,0x00,0x10,0xc3,
  0x00,0x00,0x10,0xc4,0x00,0x00,0x10,0xc4,0x00,0x00,0x10,0xc5,0x00,0x00,0x10,0xc7,
  0x00,0x00,0x10,0xc8,0x00,0x00,0x10,0xc9,0x00,0x00,0x10,0xc9,0x00,0x00,0x10,0xca,
  0x00,0x00,0x10,0xcc,0x00,0x00,0x10,0xce,0x00,0x00,0x10,0xcf,0x00,0x00,0x10,0xd2,
  0x00,0x00,0x10,0xd3,0x00,0x00,0x10,0xd6,0x00,0x00,0x10,0xd8,0x00,0x00,0x10,0xd9,
  0x00,0x00,0x10,0xdc,0x00,0x00,0x10,0xdd,0x00,0x00,0x10,0xe0,0x00,0x00,0x10,0xe2,
  0x00,0x00,0x10,0xe3,0x00,0x00,0x10,0xe6,0x00,0x00,0x10,0xe7,0x00,0x00,0x10,0xea,
  0x00,0x00,0x10,0xec,0x00,0x00,0x10,0xed,0x00,0x00,0x10,0xf0,0x00,0x00,0x10,0xf1,
  0x00,0x00,0x10,0xf4,0x00,0x00,0x10,0xf6,0x00,0x00,0x10,0xf7,0x00,0x00,0x10,0xfa,
  0x00,0x00,0x10,0xfb,0x00,0x00,0x10,0xfe,0x00,0x00,0x11,0x00,0x00,0x00,0x11,0x01,
  0x00,0x00,0x11,0x04,0x00,0x00,0x11,0x05,0x00,0x00,0x11,0x08,0x00,0x00,0x11,0x0a,
  0x00,0x00,0x11,0x0b,0x00,0x00,0x11,0x0e,0x00,0x00,0x11,0x0f,0x00,0x00,0x11,0x12,
  0x00,0x00,0x11,0x14,0x00,0x00,0x11,0x15,0x00,0x00,0x11,0x18,0x00,0x00,0x11,0x19,
  0x00,0x00,0x11,0x1c,0x00,0x00,0x11,0x1e,0x00,0x00,0x11,0x1f,0x00,0x00,0x11,0x22,
  0x00,0x00,0x11,0x23,0x00,0x00,0x11,0x26,0x00,0x00,0x11,0x28,0x00,0x00,0x11,0x29,
  0x00,0x00,0x11,0x2c,0x00,0x00,0x11,0x2d,0x00,0x00,0x11,0x30,0x00,0x00,0x11,0x32,
  0x00,0x00,0x11,0x33,0x00,0x00,0x11,0x36,0x00,0x00,0x11,0x37,0x00,0x00,0x11,0x3a,
  0x00,0x00,0x11,0x3c,0x00,0x00,0x11,0x3d,0x00,0x00,0x11,0x40,0x00,0x00,0x11,0x41,
  0x00,0x00,0x11,0x44,0x00,0x00,0x11,0x46,0x00,0x00,0x11,0x47,0x00,0x00,0x11,0x4a,
  0x00,0x00,0x11,0x4b,0x00,0x00,0x11,0x4e,0x00,0x00,0x11,0x50,0x00,0x00,0x11,0x51,
  0x00,0x00,0x11,0x54,0x00,0x00,0x11,0x55,0x00,0x00,0x11,0x58,0x00,0x00,0x11,0x5a,
  0x00,0x00,0x11,0x5b,0x00,0x00,0x11,0x5e,0x00,0x00,0x11,0x5f,0x00,0x00,0x11,0x62,
  0x00,0x00,0x11,0x64,0x00,0x00,0x11,0x65,0x00,0x00,0x11,0x68,0x00,0x00,0x11,0x69,
  0x00,0x00,0x11,0x6c,0x00,0x00,0x11,0x6e,0x00,0x00,0x11,0x6f,0x00,0x00,0x11,0x72,
  0x00,0x00,0x11,0x73,0x00,0x00,0x11,0x76,0x00,0x00,0x11,0x78,0x00,0x00,0x11,0x79,
  0x00,0x00,0x11,0x7c,0x00,0x00,0x11,0x7d,0x00,0x00,0x11,0x80,0x00,0x00,0x11,0x82,
  0x00,0x00,0x11,0x83,0x00,0x00,0x11,0x86,0x00,0x00,0x11,0x87,0x00,0x00,0x11,0x8a,
  0x00,0x00,0x11,0x8c,0x00,0x00,0x11,0x8d,0x00,0x00,0x11,0x90,0x00,0x00,0x11,0x91,
  0x00,0x00,0x11,0x94,0x00,0x00,0x11,0x96,0x00,0x00,0x11,0x97,0x00,0x00,0x11,0x9a,
  0x00,0x00,0x11,0x9b,0x00,0x00,0x11,0x9e,0x00,0x00,0x11,0xa0,0x00,0x00,0x11,0xa1,
  0x00,0x00,0x11,0xa4,0x00,0x00,0x11,0xa5,0x00,0x00,0x11,0xa8,0x00,0x00,0x11,0xaa,
  0x00,0x00,0x11,0xab,0x00,0x00,0x11,0xae,0x00,0x00,0x11,0xaf,0x00,0x00,0x11,0xb2,
  0x00,0x00,0x11,0xb4,0x00,0x00,0x11,0xb5,0x00,0x00,0x11,0xb8,0x00,0x00,0x11,0xb9,
  0x00,0x00,0x11,0xbc,0x00,0x00,0x11,0xbe,0x00,0x00,0x11,0xbf,0x00,0x00,0x11,0xc2,
  0x00,0x00,0x11,0xc3,0x00,0x00,0x11,0xc6,0x00,0x00,0x11,0xc8,0x00,0x00,0x11,0xc9,
  0x00,0x00,0x11,0xcc,0x00,0x00,0x11,0xcd,0x00,0x00,0x11,0xd0,0x00,0x00,0x11,0xd2,
  0x00,0x00,0x11,0xd3,0x00,0x00,0x11,0xd6,0x00,0x00,0x11,0xd7,0x00,0x00,0x11,0xda,
  0x00,0x00,0x11,0xdc,0x00,0x00,0x11,0xdd,0x00,0x00,0x11,0xe0,0x00,0x00,0x11,0xe1,
  0x00,0x00,0x11,0xe4,0x00,0x00,0x11,0xe6,0x00,0x00,0x11,0xe7,0x00,0x00,0x11,0xea,
  0x00,0x00,0x11,0xeb,0x00,0x00,0x11,0xee,0x00,0x00,0x11,0xf0,0x00,0x00,0x11,0xf1,
  0x00,0x00,0x11,0xf4,0x00,0x00,0x11,0xf5,0x00,0x00,0x11,0xf8,0x00,0x00,0x11,0xfa,
  0x00,0x00,0x11,0xfb,0x00,0x00,0x11,0xfe,0x00,0x00,0x11,0xff,0x00,0x00,0x12,0x02,
  0x00,0x00,0x12,0x04,0x00,0x00,0x12,0x05,0x00,0x00,0x12,0x08,0x00,0x00,0x12,0x09,
  0x00,0x00,0x12,0x0c,0x00,0x00,0x12,0x0e,0x00,0x00,0x12,0x0f,0x00,0x00,0x12,0x12,
  0x00,0x00,0x12,0x13,0x00,0x00,0x12,0x16,0x00,0x00,0x12,0x18,0x00,0x00,0x12,0x19,
  0x00,0x00,0x12,0x1c,0x00,0x00,0x12,0x1d,0x00,0x00,0x12,0x20,0x00,0x00,0x12,0x22,
  0x00,0x00,0x12,0x23,0x00,0x00,0x12,0x26,0x00,0x00,0x12,0x27,0x00,0x00,0x12,0x2a,
  0x00,0x00,0x12,0x2c,0x00,0x00,0x12,0x2d,0x00,0x00,0x12,0x30,0x00,0x00,0x12,0x31,
  0x00,0x00,0x12,0x34,0x00,0x00,0x12,0x36,0x00,0x00,0x12,0x37,0x00,0x00,0x12,0x3a,
  0x00,0x00,0x12,0x3b,0x00,0x00,0x12,0x3e,0x00,0x00,0x12,0x40,0x00,0x00,0x12,0x41,
  0x00,0x00,0x12,0x44,0x00,0x00,0x12,0x45,0x00,0x00,0x12,0x49,0x00,0x00,0x12,0x4b,
  0x00,0x00,0x12,0x4f,0x00,0x00,0x12,0x52,0x00,0x00,0x12,0x54,0x00,0x00,0x12,0x58,
  0x00,0x00,0x12,0x5a,0x00,0x00,0x12,0x5e,0x00,0x00,0x12,0x61,0x00,0x00,0x12,0x63,
  0x00,0x00,0x12,0x67,0x00,0x00,0x12,0x69,0x00,0x00,0x12,0x6d,0x00,0x00,0x12,0x70,
  0x00,0x00,0x12,0x72,0x00,0x00,0x12,0x76,0x00,0x00,0x12,0x78,0x00,0x00,0x12,0x7c,
  0x00,0x00,0x12,0x7f,0x00,0x00,0x12,0x81,0x00,0x00,0x12,0x85,0x00,0x00,0x12,0x87,
  0x00,0x00,0x12,0x8b,0x00,0x00,0x12,0x8e,0x00,0x00,0x12,0x90,0x00,0x00,0x12,0x94,
  0x00,0x00,0x12,0x96,0x00,0x00,0x12,0x9a,0x00,0x00,0x12,0x9d,0x00,0x00,0x12,0x9f,
  0x00,0x00,0x12,0xa3,0x00,0x00,0x12,0xa5,0x00,0x00,0x12,0xa9,0x00,0x00,0x12,0xac,
  0x00,0x00,0x12,0xae,0x00,0x00,0x12,0xb2,0x00,0x00,0x12,0xb4,0x00,0x00,0x12,0xb8,
  0x00,0x00,0x12,0xbb,0x00,0x00,0x12,0xbd,0x00,0x00,0x12,0xc1,0x00,0x00,0x12,0xc3,
  0x00,0x00,0x12,0xc7,0x00,0x00,0x12,0xca,0x00,0x00,0x12,0xcc,0x00,0x00,0x12,0xd0,
  0x00,0x00,0x12,0xd2,0x00,0x00,0x12,0xd6,0x00,0x00,0x12,0xd9,0x00,0x00,0x12,0xdb,
  0x00,0x00,0x12,0xdf,0x00,0x00,0x12,0xe1,0x00,0x00,0x12,0xe5,0x00,0x00,0x12,0xe8,
  0x00,0x00,0x12,0xea,0x00,0x00,0x12,0xee,0x00,0x00,0x12,0xf0,0x00,0x00,0x12,0xf4,
  0x00,0x00,0x12,0xf7,0x00,0x00,0x12,0xf9,0x00,0x00,0x12,0xfd,0x00,0x00,0x12,0xff,
  0x00,0x00,0x13,0x03,0x00,0x00,0x13,0x06,0x00,0x00,0x13,0x08,0x00,0x00,0x13,0x0c,
  0x00,0x00,0x13,0x0e,0x00,0x00,0x13,0x12,0x00,0x00,0x13,0x15,0x00,0x00,0x13,0x17,
  0x00,0x00,0x13,0x1b,0x00,0x00,0x13,0x1d,0x00,0x00,0x13,0x21,0x00,0x00,0x13,0x24,
  0x00,0x00,0x13,0x26,0x00,0x00,0x13,0x2a,0x00,0x00,0x13,0x2c,0x00,0x00,0x13,0x30,
  0x00,0x00,0x13,0x33,0x00,0x00,0x13,0x35,0x00,0x00,0x13,0x39,0x00,0x00,0x13,0x3b,
  0x00,0x00,0x13,0x3f,0x00,0x00,0x13,0x42,0x00,0x00,0x13,0x44,0x00,0x00,0x13,0x48,
  0x00,0x00,0x13,0x4a,0x00,0x00,0x13,0x4e,0x00,0x00,0x13,0x51,0x00,0x00,0x13,0x53,
  0x00,0x00,0x13,0x57,0x00,0x00,0x13,0x5b,0x00,0x00,0x13,0x5e,0x00,0x00,0x13,0x62,
  0x00,0x00,0x13,0x67,0x00,0x00,0x13,0x6b,0x00,0x00,0x13,0x6f,0x00,0x00,0x13,0x72,
  0x00,0x00,0x13,0x76,0x00,0x00,0x13,0x7b,0x00,0x00,0x13,0x7f,0x00,0x00,0x13,0x83,
  0x00,0x00,0x13,0x86,0x00,0x00,0x13,0x8a,0x00,0x00,0x13,0x8f,0x00,0x00,0x13,0x93,
  0x00,0x00,0x13,0x97,0x00,0x00,0x13,0x9a,0x00,0x00,0x13,0x9e,0x00,0x00,0x13,0xa3,
  0x00,0x00,0x13,0xa7,0x00,0x00,0x13,0xab,0x00,0x00,0x13,0xae,0x00,0x00,0x13,0xb2,
  0x00,0x00,0x13,0xb7,0x00,0x00,0x13,0xbb,0x00,0x00,0x13,0xbf,0x00,0x00,0x13,0xc2,
  0x00,0x00,0x13,0xc6,0x00,0x00,0x13,0xcb,0x00,0x00,0x13,0xcf,0x00,0x00,0x13,0xd3,
  0x00,0x00,0x13,0xd6,0x00,0x00,0x13,0xda,0x00,0x00,0x13,0xdf,0x00,0x00,0x13,0xe3,
  0x00,0x00,0x13,0xe7,0x00,0x00,0x13,0xea,0x00,0x00,0x13,0xee,0x00,0x00,0x13,0xf3,
  0x00,0x00,0x13,0xf7,0x00,0x00,0x13,0xfb,0x00,0x00,0x13,0xfe,0x00,0x00,0x14,0x02,
  0x00,0x00,0x14,0x07,0x00,0x00,0x14,0x0b,0x00,0x00,0x14,0x0e,0x00,0x00,0x14,0x12,
  0x00,0x00,0x14,0x16,0x00,0x00,0x14,0x1b,0x00,0x00,0x14,0x1f,0x00,0x00,0x14,0x22,
  0x00,0x00,0x14,0x26,0x00,0x00,0x14,0x2a,0x00,0x00,0x14,0x2f,0x00,0x00,0x14,0x33,
  0x00,0x00,0x14,0x36,0x00,0x00,0x14,0x3a,0x00,0x00,0x14,0x3e,0x00,0x00,0x14,0x43,
  0x00,0x00,0x14,0x48,0x00,0x00,0x14,0x4d,0x00,0x00,0x14,0x52,0x00,0x00,0x14,0x57,
  0x00,0x00,0x14,0x5c,0x00,0x00,0x14,0x61,0x00,0x00,0x14,0x66,0x00,0x00,0x14,0x6b,
  0x00,0x00,0x14,0x70,0x00,0x00,0x14,0x75,0x00,0x00,0x14,0x7a,0x00,0x00,0x14,0x7f,
  0x00,0x00,0x14,0x84,0x00,0x00,0x14,0x89,0x00,0x00,0x14,0x8e,0x00,0x00,0x14,0x93,
  0x00,0x00,0x14,0x98,0x00,0x00,0x14,0x9d,0x00,0x00,0x14,0xa2,0x00,0x00,0x14,0xa7,
  0x00,0x00,0x14,0xac,0x00,0x00,0x14,0xb1,0x00,0x00,0x14,0xb6,0x00,0x00,0x14,0xbb,
  0x00,0x00,0x14,0xc0,0x00,0x00,0x14,0xc5,0x00,0x00,0x14,0xca,0x00,0x00,0x14,0xcf,
  0x00,0x00,0x14,0xd4,0x00,0x00,0x14,0xd9,0x00,0x00,0x14,0xde,0x00,0x00,0x14,0xe3,
  0x00,0x00,0x14,0xe8,0x00,0x00,0x14,0xed,0x00,0x00,0x14,0xf2,0x00,0x00,0x14,0xf7,
  0x00,0x00,0x14,0xfc,0x00,0x00,0x15,0x01,0x00,0x00,0x15,0x06,0x00,0x00,0x15,0x0b,
  0x00,0x00,0x15,0x10,0x00,0x00,0x15,0x16,0x00,0x00,0x15,0x1c,0x00,0x00,0x15,0x23,
  0x00,0x00,0x15,0x29,0x00,0x00,0x15,0x2e,0x00,0x00,0x15,0x34,0x00,0x00,0x15,0x3a,
  0x00,0x00,0x15,0x41,0x00,0x00,0x15,0x47,0x00,0x00,0x15,0x4c,0x00,0x00,0x15,0x52,
  0x00,0x00,0x15,0x58,0x00,0x00,0x15,0x5f,0x00,0x00,0x15,0x65,0x00,0x00,0x15,0x6a,
  0x00,0x00,0x15,0x70,0x00,0x00,0x15,0x76,0x00,0x00,0x15,0x7d,0x00,0x00,0x15,0x83,
  0x00,0x00,0x15,0x88,0x00,0x00,0x15,0x8e,0x00,0x00,0x15,0x94,0x00,0x00,0x15,0x9b,
  0x00,0x00,0x15,0xa1,0x00,0x00,0x15,0xa6,0x00,0x00,0x15,0xac,0x00,0x00,0x15,0xb2,
  0x00,0x00,0x15,0xb9,0x00,0x00,0x15,0xbf,0x00,0x00,0x15,0xc4,0x00,0x00,0x15,0xcb,
  0x00,0x00,0x15,0xd3,0x00,0x00,0x15,0xd9,0x00,0x00,0x15,0xe1,0x00,0x00,0x15,0xe7,
  0x00,0x00,0x15,0xee,0x00,0x00,0x15,0xf6,0x00,0x00,0x15,0xfc,0x00,0x00,0x16,0x04,
  0x00,0x00,0x16,0x0a,0x00,0x00,0x16,0x11,0x00,0x00,0x16,0x19,0x00,0x00,0x16,0x1f,
  0x00,0x00,0x16,0x27,0x00,0x00,0x16,0x2d,0x00,0x00,0x16,0x34,0x00,0x00,0x16,0x3c,
  0x00,0x00,0x16,0x42,0x00,0x00,0x16,0x4a,0x00,0x00,0x16,0x50,0x00,0x00,0x16,0x57,
  0x00,0x00,0x16,0x5f,0x00,0x00,0x16,0x65,0x00,0x00,0x16,0x6e,0x00,0x00,0x16,0x75,
  0x00,0x00,0x16,0x7d,0x00,0x00,0x16,0x86,0x00,0x00,0x16,0x8d,0x00,0x00,0x16,0x96,
  0x00,0x00,0x16,0x9d,0x00,0x00,0x16,0xa5,0x00,0x00,0x16,0xae,0x00,0x00,0x16,0xb5,
  0x00,0x00,0x16,0xbe,0x00,0x00,0x16,0xc5,0x00,0x00,0x16,0xcd,0x00,0x00,0x16,0xd6,
  0x00,0x00,0x16,0xdd,0x00,0x00,0x16,0xe6,0x00,0x00,0x16,0xed,0x00,0x00,0x16,0xf5,
  0x00,0x00,0x16,0xfe,0x00,0x00,0x17,0x05,0x00,0x00,0x17,0x0e,0x00,0x00,0x17,0x18,
  0x00,0x00,0x17,0x21,0x00,0x00,0x17,0x29,0x00,0x00,0x17,0x32,0x00,0x00,0x17,0x3b,
  0x00,0x00,0x17,0x45,0x00,0x00,0x17,0x4e,0x00,0x00,0x17,0x56,0x00,0x00,0x17,0x5f,
  0x00,0x00,0x17,0x68,0x00,0x00,0x17,0x72,0x00,0x00,0x17,0x7b,0x00,0x00,0x17,0x83,
  0x00,0x00,0x17,0x8c,0x00,0x00,0x17,0x95,0x00,0x00,0x17,0x9f,0x00,0x00,0x17,0xa9,
  0x00,0x00,0x17,0xb3,0x00,0x00,0x17,0xbd,0x00,0x00,0x17,0xc7,0x00,0x00,0x17,0xd1,
  0x00,0x00,0x17,0xdb,0x00,0x00,0x17,0xe5,0x00,0x00,0x17,0xef,0x00,0x00,0x17,0xf9,
  0x00,0x00,0x18,0x03,0x00,0x00,0x18,0x0d,0x00,0x00,0x18,0x17,0x00,0x00,0x18,0x22,
  0x00,0x00,0x18,0x2d,0x00,0x00,0x18,0x39,0x00,0x00,0x18,0x44,0x00,0x00,0x18,0x4e,
  0x00,0x00,0x18,0x59,0x00,0x00,0x18,0x64,0x00,0x00,0x18,0x70,0x00,0x00,0x18,0x7b,
  0x00,0x00,0x18,0x85,0x00,0x00,0x18,0x90,0x00,0x00,0x18,0x9b,0x00,0x00,0x18,0xa8,
  0x00,0x00,0x18,0xb3,0x00,0x00,0x18,0xc0,0x00,0x00,0x18,0xcb,0x00,0x00,0x18,0xd7,
  0x00,0x00,0x18,0xe4,0x00,0x00,0x18,0xef,0x00,0x00,0x18,0xfc,0x00,0x00,0x19,0x07,
  0x00,0x00,0x19,0x13,0x00,0x00,0x19,0x20,0x00,0x00,0x19,0x2e,0x00,0x00,0x19,0x3a,
  0x00,0x00,0x19,0x48,0x00,0x00,0x19,0x54,0x00,0x00,0x19,0x61,0x00,0x00,0x19,0x6f,
  0x00,0x00,0x19,0x7b,0x00,0x00,0x19,0x89,0x00,0x00,0x19,0x97,0x00,0x00,0x19,0xa4,
  0x00,0x00,0x19,0xb2,0x00,0x00,0x19,0xc0,0x00,0x00,0x19,0xcf,0x00,0x00,0x19,0xdd,
  0x00,0x00,0x19,0xea,0x00,0x00,0x19,0xf8,0x00,0x00,0x1a,0x07,0x00,0x00,0x1a,0x16,
  0x00,0x00,0x1a,0x25,0x00,0x00,0x1a,0x34,0x00,0x00,0x1a,0x43,0x00,0x00,0x1a,0x52,
  0x00,0x00,0x1a,0x61,0x00,0x00,0x1a,0x71,0x00,0x00,0x1a,0x82,0x00,0x00,0x1a,0x92,
  0x00,0x00,0x1a,0xa1,0x00,0x00,0x1a,0xb1,0x00,0x00,0x1a,0xc1,0x00,0x00,0x1a,0xd3,
  0x00,0x00,0x1a,0xe3,0x00,0x00,0x1a,0xf5,0x00,0x00,0x1b,0x05,0x00,0x00,0x1b,0x16,
  0x00,0x00,0x1b,0x28,0x00,0x00,0x1b,0x39,0x00,0x00,0x1b,0x4b,0x00,0x00,0x1b,0x5e,
  0x00,0x00,0x1b,0x6f,0x00,0x00,0x1b,0x84,0x00,0x00,0x1b,0x99,0x00,0x00,0x1b,0xae,
  0x00,0x00,0x1b,0xc3,0x00,0x00,0x1b,0xd8,0x00,0x00,0x1b,0xed,0x00,0x00,0x1c,0x02,
  0x00,0x00,0x1c,0x18,0x00,0x00,0x1c,0x2d,0x00,0x00,0x1c,0x43,0x00,0x00,0x1c,0x59,
  0x00,0x00,0x1c,0x6f,0x00,0x00,0x1c,0x85,0x00,0x00,0x1c,0x9b,0x00,0x00,0x1c,0xb1,
  0x00,0x00,0x1c,0xc8,0x00,0x00,0x1c,0xdf,0x00,0x00,0x1c,0xf5,0x00,0x00,0x1d,0x0c,
  0x00,0x00,0x1d,0x23,0x00,0x00,0x1d,0x3b,0x00,0x00,0x1d,0x52,0x00,0x00,0x1d,0x6a,
  0x00,0x00,0x1d,0x81,0x00,0x00,0x1d,0x99,0x00,0x00,0x1d,0xb1,0x00,0x00,0x1d,0xc9,
  0x00,0x00,0x1d,0xe1,0x00,0x00,0x1d,0xfa,0x00,0x00,0x1e,0x12,0x00,0x00,0x1e,0x2b,
  0x00,0x00,0x1e,0x44,0x00,0x00,0x1e,0x5d,0x00,0x00,0x1e,0x76,0x00,0x00,0x1e,0x90,
  0x00,0x00,0x1e,0xa9,0x00,0x00,0x1e,0xc3,0x00,0x00,0x1e,0xdd,0x00,0x00,0x1e,0xf7,
  0x00,0x00,0x1f,0x11,0x00,0x00,0x1f,0x2b,0x00,0x00,0x1f,0x46,0x00,0x00,0x1f,0x61,
  0x00,0x00,0x1f,0x7c,0x00,0x00,0x1f,0x97,0x00,0x00,0x1f,0xb2,0x00,0x00,0x1f,0xce,
  0x00,0x00,0x1f,0xe9,0x00,0x00,0x20,0x05,0x00,0x00,0x20,0x21,0x00,0x00,0x20,0x3e,
  0x00,0x00,0x20,0x5a,0x00,0x00,0x20,0x77,0x00,0x00,0x20,0x93,0x00,0x00,0x20,0xb0,
  0x00,0x00,0x20,0xce,0x00,0x00,0x20,0xeb,0x00,0x00,0x21,0x09,0x00,0x00,0x21,0x27,
  0x00,0x00,0x21,0x45,0x00,0x00,0x21,0x63,0x00,0x00,0x21,0x82,0x00,0x00,0x21,0xa0,
  0x00,0x00,0x21,0xbf,0x00,0x00,0x21,0xde,0x00,0x00,0x21,0xfe,0x00,0x00,0x22,0x1d,
  0x00,0x00,0x22,0x3d,0x00,0x00,0x22,0x5d,0x00,0x00,0x22,0x7e,0x00,0x00,0x22,0x9e,
  0x00,0x00,0x22,0xbf,0x00,0x00,0x22,0xe0,0x00,0x00,0x23,0x01,0x00,0x00,0x23,0x23,
  0x00,0x00,0x23,0x45,0x00,0x00,0x23,0x67,0x00,0x00,0x23,0x89,0x00,0x00,0x23,0xac,
  0x00,0x00,0x23,0xce,0x00,0x00,0x23,0xf1,0x00,0x00,0x24,0x15,0x00,0x00,0x24,0x38,
  0x00,0x00,0x24,0x5c,0x00,0x00,0x24,0x81,0x00,0x00,0x24,0xa5,0x00,0x00,0x24,0xca,
  0x00,0x00,0x24,0xef,0x00,0x00,0x25,0x14,0x00,0x00,0x25,0x3a,0x00,0x00,0x25,0x60,
  0x00,0x00,0x25,0x86,0x00,0x00,0x25,0xac,0x00,0x00,0x25,0xd3,0x00,0x00,0x25,0xfa,
  0x00,0x00,0x26,0x22,0x00,0x00,0x26,0x4a,0x00,0x00,0x26,0x72,0x00,0x00,0x26,0x9a,
  0x00,0x00,0x26,0xc3,0x00,0x00,0x26,0xec,0x00,0x00,0x27,0x16,0x00,0x00,0x27,0x40,
  0x00,0x00,0x27,0x6a,0x00,0x00,0x27,0x94,0x00,0x00,0x27,0xbf,0x00,0x00,0x27,0xea,
  0x00,0x00,0x28,0x16,0x00,0x00,0x28,0x42,0x00,0x00,0x28,0x6f,0x00,0x00,0x28,0x9b,
  0x00,0x00,0x28,0xc8,0x00,0x00,0x28,0xf6,0x00,0x00,0x29,0x24,0x00,0x00,0x29,0x52,
  0x00,0x00,0x29,0x81,0x00,0x00,0x29,0xb0,0x00,0x00,0x29,0xe0,0x00,0x00,0x2a,0x10,
  0x00,0x00,0x2a,0x40,0x00,0x00,0x2a,0x71,0x00,0x00,0x2a,0xa2,0x00,0x00,0x2a,0xd4,
  0x00,0x00,0x2b,0x07,0x00,0x00,0x2b,0x39,0x00,0x00,0x2b,0x6c,0x00,0x00,0x2b,0xa0,
  0x00,0x00,0x2b,0xd4,0x00,0x00,0x2c,0x09,0x00,0x00,0x2c,0x3e,0x00,0x00,0x2c,0x74,
  0x00,0x00,0x2c,0xaa,0x00,0x00,0x2c,0xe0,0x00,0x00,0x2d,0x17,0x00,0x00,0x2d,0x4f,
  0x00,0x00,0x2d,0x87,0x00,0x00,0x2d,0xc0,0x00,0x00,0x2d,0xfa,0x00,0x00,0x2e,0x34,
  0x00,0x00,0x2e,0x6e,0x00,0x00,0x2e,0xa9,0x00,0x00,0x2e,0xe5,0x00,0x00,0x2f,0x21,
  0x00,0x00,0x2f,0x5e,0x00,0x00,0x2f,0x9b,0x00,0x00,0x2f,0xd9,0x00,0x00,0x30,0x18,
  0x00,0x00,0x30,0x58,0x00,0x00,0x30,0x98,0x00,0x00,0x30,0xd8,0x00,0x00,0x31,0x1a,
  0x00,0x00,0x31,0x5c,0x00,0x00,0x31,0x9f,0x00,0x00,0x31,0xe2,0x00,0x00,0x32,0x26,
  0x00,0x00,0x32,0x6b,0x00,0x00,0x32,0xb1,0x00,0x00,0x32,0xf7,0x00,0x00,0x33,0x3f,
  0x00,0x00,0x33,0x87,0x00,0x00,0x33,0xcf,0x00,0x00,0x34,0x19,0x00,0x00,0x34,0x63,
  0x00,0x00,0x34,0xaf,0x00,0x00,0x34,0xfb,0x00,0x00,0x35,0x48,0x00,0x00,0x35,0x95,
  0x00,0x00,0x35,0xe4,0x00,0x00,0x36,0x34,0x00,0x00,0x36,0x84,0x00,0x00,0x36,0xd6,
  0x00,0x00,0x37,0x28,0x00,0x00,0x37,0x7c,0x00,0x00,0x37,0xd0,0x00,0x00,0x38,0x26,
  0x00,0x00,0x38,0x7c,0x00,0x00,0x38,0xd4,0x00,0x00,0x39,0x2c,0x00,0x00,0x39,0x86,
  0x00,0x00,0x39,0xe1,0x00,0x00,0x3a,0x3d,0x00,0x00,0x3a,0x9a,0x00,0x00,0x3a,0xf8,
  0x00,0x00,0x3b,0x57,0x00,0x00,0x3b,0xb8,0x00,0x00,0x3c,0x1a,0x00,0x00,0x3c,0x7d,
  0x00,0x00,0x3c,0xe1,0x00,0x00,0x3d,0x47,0x00,0x00,0x3d,0xae,0x00,0x00,0x3e,0x16,
  0x00,0x00,0x3e,0x80,0x00,0x00,0x3e,0xeb,0x00,0x00,0x3f,0x58,0x00,0x00,0x3f,0xc6,
  0x00,0x00,0x40,0x36,0x00,0x00,0x40,0xa7,0x00,0x00,0x41,0x1a,0x00,0x00,0x41,0x8e,
  0x00,0x00,0x42,0x04,0x00,0x00,0x42,0x7c,0x00,0x00,0x42,0xf5,0x00,0x00,0x43,0x70,
  0x00,0x00,0x43,0xed,0x00,0x00,0x44,0x6c,0x00,0x00,0x44,0xed,0x00,0x00,0x45,0x6f,
  0x00,0x00,0x45,0xf3,0x00,0x00,0x46,0x7a,0x00,0x00,0x47,0x02,0x00,0x00,0x47,0x8d,
  0x00,0x00,0x48,0x1a,0x00,0x00,0x48,0xa8,0x00,0x00,0x49,0x39,0x00,0x00,0x49,0xcd,
  0x00,0x00,0x4a,0x62,0x00,0x00,0x4a,0xfa,0x00,0x00,0x4b,0x95,0x00,0x00,0x4c,0x32,
  0x00,0x00,0x4c,0xd2,0x00,0x00,0x4d,0x74,0x00,0x00,0x4e,0x19,0x00,0x00,0x4e,0xc0,
  0x00,0x00,0x4f,0x6b,0x00,0x00,0x50,0x18,0x00,0x00,0x50,0xc9,0x00,0x00,0x51,0x7c,
  0x00,0x00,0x52,0x33,0x00,0x00,0x52,0xed,0x00,0x00,0x53,0xaa,0x00,0x00,0x54,0x6a,
  0x00,0x00,0x55,0x2e,0x00,0x00,0x55,0xf6,0x00,0x00,0x56,0xc1,0x00,0x00,0x57,0x90,
  0x00,0x00,0x58,0x64,0x00,0x00,0x59,0x3b,0x00,0x00,0x5a,0x16,0x00,0x00,0x5a,0xf5,
  0x00,0x00,0x5b,0xd9,0x00,0x00,0x5c,0xc1,0x00,0x00,0x5d,0xae,0x00,0x00,0x5e,0xa0,
  0x00,0x00,0x5f,0x96,0x00,0x00,0x60,0x92,0x00,0x00,0x61,0x93,0x00,0x00,0x62,0x99,
  0x00,0x00,0x63,0xa5,0x00,0x00,0x64,0xb7,0x00,0x00,0x65,0xce,0x00,0x00,0x66,0xec,
  0x00,0x00,0x68,0x10,0x00,0x00,0x69,0x3a,0x00,0x00,0x6a,0x6c,0x00,0x00,0x6b,0xa4,
  0x00,0x00,0x6c,0xe4,0x00,0x00,0x6e,0x2b,0x00,0x00,0x6f,0x79,0x00,0x00,0x70,0xd0,
  0x00,0x00,0x72,0x30,0x00,0x00,0x73,0x97,0x00,0x00,0x75,0x08,0x00,0x00,0x76,0x82,
  0x00,0x00,0x78,0x06,0x00,0x00,0x79,0x94,0x00,0x00,0x7b,0x2c,0x00,0x00,0x7c,0xcf,
  0x00,0x00,0x7e,0x7e,0x00,0x00,0x80,0x38,0x00,0x00,0x81,0xfe,0x00,0x00,0x83,0xd2,
  0x00,0x00,0x85,0xb2,0x00,0x00,0x87,0xa1,0x00,0x00,0x89,0x9d,0x00,0x00,0x8b,0xa9,
  0x00,0x00,0x8d,0xc5,0x00,0x00,0x8f,0xf2,0x00,0x00,0x92,0x2f,0x00,0x00,0x94,0x7f,
  0x00,0x00,0x96,0xe2,0x00,0x00,0x99,0x59,0x00,0x00,0x9b,0xe4,0x00,0x00,0x9e,0x86,
  0x00,0x00,0xa1,0x3f,0x00,0x00,0xa4,0x10,0x00,0x00,0xa6,0xfb,0x00,0x00,0xaa,0x01,
  0x00,0x00,0xad,0x24,0x00,0x00,0xb0,0x64,0x00,0x00,0xb3,0xc5,0x00,0x00,0xb7,0x47,
  0x00,0x00,0xba,0xed,0x00,0x00,0xbe,0xb9,0x00,0x00,0xc2,0xad,0x00,0x00,0xc6,0xcd,
  0x00,0x00,0xcb,0x19,0x00,0x00,0xcf,0x97,0x00,0x00,0xd4,0x48,0x00,0x00,0xd9,0x31,
  0x00,0x00,0xde,0x56,0x00,0x00,0xe3,0xba,0x00,0x00,0xe9,0x63,0x00,0x00,0xef,0x56,
  0x00,0x00,0xf5,0x99,0x00,0x00,0xfc,0x31,0x00,0x01,0x03,0x27,0x00,0x01,0x0a,0x82,
  0x00,0x01,0x12,0x4b,0x00,0x01,0x1a,0x8c,0x00,0x01,0x23,0x50,0x00,0x01,0x2c,0xa4,
  0x00,0x01,0x36,0x96,0x00,0x01,0x41,0x35,0x00,0x01,0x4c,0x96,0x00,0x01,0x58,0xcc,
  0x00,0x01,0x65,0xf1,0x00,0x01,0x74,0x21,0x00,0x01,0x83,0x7c,0x00,0x01,0x94,0x29,
  0x00,0x01,0xa6,0x57,0x00,0x01,0xba,0x3b,0x00,0x01,0xd0,0x16,0x00,0x01,0xe8,0x38,
  0x00,0x02,0x02,0xfe,0x00,0x02,0x20,0xe1,0x00,0x02,0x42,0x71,0x00,0x02,0x68,0x6a,
  0x00,0x02,0x93,0xb9,0x00,0x02,0xc5,0x94,0x00,0x02,0xff,0x95,0x00,0x03,0x43,0xea,
  0x00,0x03,0x95,0x9a,0x80,0x03,0xf8,0xfb,
};

static const unsigned char SLOPE_150[9448] = {
  0x00,0x92,0xb8,0x18,0x00,0x03,0xf8,0xfb,0x00,0x03,0x95,0x9a,0x00,0x03,0x43,0xea,
  0x00,0x02,0xff,0x95,0x00,0x02,0xc5,0x94,0x00,0x02,0x93,0xb9,0x00,0x02,0x68,0x6a,
  0x00,0x02,0x42,0x71,0x00,0x02,0x20,0xe1,0x00,0x02,0x02,0xfe,0x00,0x01,0xe8,0x38,
  0x00,0x01,0xd0,0x16,0x00,0x01,0xba,0x3b,0x00,0x01,0xa6,0x57,0x00,0x01,0x94,0x29,
  0x00,0x01,0x83,0x7c,0x00,0x01,0x74,0x21,0x00,0x01,0x65,0xf1,0x00,0x01,0x58,0xcc,
  0x00,0x01,0x4c,0x96,0x00,0x01,0x41,0x35,0x00,0x01,0x36,0x96,0x00,0x01,0x2c,0xa4,
  0x00,0x01,0x23,0x50,0x00,0x01,0x1a,0x8c,0x00,0x01,0x12,0x4b,0x00,0x01,0x0a,0x82,
  0x00,0x01,0x03,0x27,0x00,0x00,0xfc,0x31,0x00,0x00,0xf5,0x99,0x00,0x00,0xef,0x56,
  0x00,0x00,0xe9,0x63,0x00,0x00,0xe3,0xba,0x00,0x00,0xde,0x56,0x00,0x00,0xd9,0x31,
  0x00,0x00,0xd4,0x48,0x00,0x00,0xcf,0x97,0x00,0x00,0xcb,0x19,0x00,0x00,0xc6,0xcd,
  0x00,0x00,0xc2,0xad,0x00,0x00,0xbe,0xb9,0x00,0x00,0xba,0xed,0x00,0x00,0xb7,0x47,
  0x00,0x00,0xb3,0xc5,0x00,0x00,0xb0,0x64,0x00,0x00,0xad,0x24,0x00,0x00,0xaa,0x01,
  0x00,0x00,0xa6,0xfb,0x00,0x00,0xa4,0x10,0x00,0x00,0xa1,0x3f,0x00,0x00,0x9e,0x86,
  0x00,0x00,0x9b,0xe4,0x00,0x00,0x99,0x59,0x00,0x00,0x96,0xe2,0x00,0x00,0x94,0x7f,
  0x00,0x00,0x92,0x2f,0x00,0x00,0x8f,0xf2,0x00,0x00,0x8d,0xc5,0x00,0x00,0x8b,0xa9,
  0x00,0x00,0x89,0x9d,0x00,0x00,0x87,0xa1,0x00,0x00,0x85,0xb2,0x00,0x00,0x83,0xd2,
  0x00,0x00,0x81,0xfe,0x00,0x00,0x80,0x38,0x00,0x00,0x7e,0x7e,0x00,0x00,0x7c,0xcf,
  0x00,0x00,0x7b,0x2c,0x00,0x00,0x79,0x94,0x00,0x00,0x78,0x06,0x00,0x00,0x76,0x82,
  0x00,0x00,0x75,0x08,0x00,0x00,0x73,0x97,0x00,0x00,0x72,0x30,0x00,0x00,0x70,0xd0,
  0x00,0x00,0x6f,0x79,0x00,0x00,0x6e,0x2b,0x00,0x00,0x6c,0xe4,0x00,0x00,0x6b,0xa4,
  0x00,0x00,0x6a,0x6c,0x00,0x00,0x69,0x3a,0x00,0x00,0x68,0x10,0x00,0x00,0x66,0xec,
  0x00,0x00,0x65,0xce,0x00,0x00,0x64,0xb7,0x00,0x00,0x63,0xa5,0x00,0x00,0x62,0x99,
  0x00,0x00,0x61,0x93,0x00,0x00,0x60,0x92,0x00,0x00,0x5f,0x96,0x00,0x00,0x5e,0xa0,
  0x00,0x00,0x5d,0xae,0x00,0x00,0x5c,0xc1,0x00,0x00,0x5b,0xd9,0x00,0x00,0x5a,0xf5,
  0x00,0x00,0x5a,0x16,0x00,0x00,0x59,0x3b,0x00,0x00,0x58,0x64,0x00,0x00,0x57,0x90,
  0x00,0x00,0x56,0xc1,0x00,0x00,0x55,0xf6,0x00,0x00,0x55,0x2e,0x00,0x00,0x54,0x6a,
  0x00,0x00,0x53,0xaa,0x00,0x00,0x52,0xed,0x00,0x00,0x52,0x33,0x00,0x00,0x51,0x7c,
  0x00,0x00,0x50,0xc9,0x00,0x00,0x50,0x18,0x00,0x00,0x4f,0x6b,0x00,0x00,0x4e,0xc0,
  0x00,0x00,0x4e,0x19,0x00,0x00,0x4d,0x74,0x00,0x00,0x4c,0xd2,0x00,0x00,0x4c,0x32,
  0x00,0x00,0x4b,0x95,0x00,0x00,0x4a,0xfa,0x00,0x00,0x4a,0x62,0x00,0x00,0x49,0xcd,
  0x00,0x00,0x49,0x39,0x00,0x00,0x48,0xa8,0x00,0x00,0x48,0x1a,0x00,0x00,0x47,0x8d,
  0x00,0x00,0x47,0x02,0x00,0x00,0x46,0x7a,0x00,0x00,0x45,0xf3,0x00,0x00,0x45,0x6f,
  0x00,0x00,0x44,0xed,0x00,0x00,0x44,0x6c,0x00,0x00,0x43,0xed,0x00,0x00,0x43,0x70,
  0x00,0x00,0x42,0xf5,0x00,0x00,0x42,0x7c,0x00,0x00,0x42,0x04,0x00,0x00,0x41,0x8e,
  0x00,0x00,0x41,0x1a,0x00,0x00,0x40,0xa7,0x00,0x00,0x40,0x36,0x00,0x00,0x3f,0xc6,
  0x00,0x00,0x3f,0x58,0x00,0x00,0x3e,0xeb,0x00,0x00,0x3e,0x80,0x00,0x00,0x3e,0x16,
  0x00,0x00,0x3d,0xae,0x00,0x00,0x3d,0x47,0x00,0x00,0x3c,0xe1,0x00,0x00,0x3c,0x7d,
  0x00,0x00,0x3c,0x1a,0x00,0x00,0x3b,0xb8,0x00,0x00,0x3b,0x57,0x00,0x00,0x3a,0xf8,
  0x00,0x00,0x3a,0x9a,0x00,0x00,0x3a,0x3d,0x00,0x00,0x39,0xe1,0x00,0x00,0x39,0x86,
  0x00,0x00,0x39,0x2c,0x00,0x00,0x38,0xd4,0x00,0x00,0x38,0x7c,0x00,0x00,0x38,0x26,
  0x00,0x00,0x37,0xd0,0x00,0x00,0x37,0x7c,0x00,0x00,0x37,0x28,0x00,0x00,0x36,0xd6,
  0x00,0x00,0x36,0x84,0x00,0x00,0x36,0x34,0x00,0x00,0x35,0xe4,0x00,0x00,0x35,0x95,
  0x00,0x00,0x35,0x48,0x00,0x00,0x34,0xfb,0x00,0x00,0x34,0xaf,0x00,0x00,0x34,0x63,
  0x00,0x00,0x34,0x19,0x00,0x00,0x33,0xcf,0x00,0x00,0x33,0x87,0x00,0x00,0x33,0x3f,
  0x00,0x00,0x32,0xf7,0x00,0x00,0x32,0xb1,0x00,0x00,0x32,0x6b,0x00,0x00,0x32,0x26,
  0x00,0x00,0x31,0xe2,0x00,0x00,0x31,0x9f,0x00,0x00,0x31,0x5c,0x00,0x00,0x31,0x1a,
  0x00,0x00,0x30,0xd8,0x00,0x00,0x30,0x98,0x00,0x00,0x30,0x58,0x00,0x00,0x30,0x18,
  0x00,0x00,0x2f,0xd9,0x00,0x00,0x2f,0x9b,0x00,0x00,0x2f,0x5e,0x00,0x00,0x2f,0x21,
  0x00,0x00,0x2e,0xe5,0x00,0x00,0x2e,0xa9,0x00,0x00,0x2e,0x6e,0x00,0x00,0x2e,0x34,
  0x00,0x00,0x2d,0xfa,0x00,0x00,0x2d,0xc0,0x00,0x00,0x2d,0x87,0x00,0x00,0x2d,0x4f,
  0x00,0x00,0x2d,0x17,0x00,0x00,0x2c,0xe0,0x00,0x00,0x2c,0xaa,0x00,0x00,0x2c,0x74,
  0x00,0x00,0x2c,0x3e,0x00,0x00,0x2c,0x09,0x00,0x00,0x2b,0xd4,0x00,0x00,0x2b,0xa0,
  0x00,0x00,0x2b,0x6c,0x00,0x00,0x2b,0x39,0x00,0x00,0x2b,0x07,0x00,0x00,0x2a,0xd4,
  0x00,0x00,0x2a,0xa2,0x00,0x00,0x2a,0x71,0x00,0x00,0x2a,0x40,0x00,0x00,0x2a,0x10,
  0x00,0x00,0x29,0xe0,0x00,0x00,0x29,0xb0,0x00,0x00,0x29,0x81,0x00,0x00,0x29,0x52,
  0x00,0x00,0x29,0x24,0x00,0x00,0x28,0xf6,0x00,0x00,0x28,0xc8,0x00,0x00,0x28,0x9b,
  0x00,0x00,0x28,0x6f,0x00,0x00,0x28,0x42,0x00,0x00,0x28,0x16,0x00,0x00,0x27,0xea,
  0x00,0x00,0x27,0xbf,0x00,0x00,0x27,0x94,0x00,0x00,0x27,0x6a,0x00,0x00,0x27,0x40,
  0x00,0x00,0x27,0x16,0x00,0x00,0x26,0xec,0x00,0x00,0x26,0xc3,0x00,0x00,0x26,0x9a,
  0x00,0x00,0x26,0x72,0x00,0x00,0x26,0x4a,0x00,0x00,0x26,0x22,0x00,0x00,0x25,0xfa,
  0x00,0x00,0x25,0xd3,0x00,0x00,0x25,0xac,0x00,0x00,0x25,0x86,0x00,0x00,0x25,0x60,
  0x00,0x00,0x25,0x3a,0x00,0x00,0x25,0x14,0x00,0x00,0x24,0xef,0x00,0x00,0x24,0xca,
  0x00,0x00,0x24,0xa5,0x00,0x00,0x24,0x81,0x00,0x00,0x24,0x5c,0x00,0x00,0x24,0x38,
  0x00,0x00,0x24,0x15,0x00,0x00,0x23,0xf1,0x00,0x00,0x23,0xce,0x00,0x00,0x23,0xac,
  0x00,0x00,0x23,0x89,0x00,0x00,0x23,0x67,0x00,0x00,0x23,0x45,0x00,0x00,0x23,0x23,
  0x00,0x00,0x23,0x01,0x00,0x00,0x22,0xe0,0x00,0x00,0x22,0xbf,0x00,0x00,0x22,0x9e,
  0x00,0x00,0x22,0x7e,0x00,0x00,0x22,0x5d,0x00,0x00,0x22,0x3d,0x00,0x00,0x22,0x1d,
  0x00,0x00,0x21,0xfe,0x00,0x00,0x21,0xde,0x00,0x00,0x21,0xbf,0x00,0x00,0x21,0xa0,
  0x00,0x00,0x21,0x82,0x00,0x00,0x21,0x63,0x00,0x00,0x21,0x45,0x00,0x00,0x21,0x27,
  0x00,0x00,0x21,0x09,0x00,0x00,0x20,0xeb,0x00,0x00,0x20,0xce,0x00,0x00,0x20,0xb0,
  0x00,0x00,0x20,0x93,0x00,0x00,0x20,0x77,0x00,0x00,0x20,0x5a,0x00,0x00,0x20,0x3e,
  0x00,0x00,0x20,0x21,0x00,0x00,0x20,0x05,0x00,0x00,0x1f,0xe9,0x00,0x00,0x1f,0xce,
  0x00,0x00,0x1f,0xb2,0x00,0x00,0x1f,0x97,0x00,0x00,0x1f,0x7c,0x00,0x00,0x1f,0x61,
  0x00,0x00,0x1f,0x46,0x00,0x00,0x1f,0x2b,0x00,0x00,0x1f,0x11,0x00,0x00,0x1e,0xf7,
  0x00,0x00,0x1e,0xdd,0x00,0x00,0x1e,0xc3,0x00,0x00,0x1e,0xa9,0x00,0x00,0x1e,0x90,
  0x00,0x00,0x1e,0x76,0x00,0x00,0x1e,0x5d,0x00,0x00,0x1e,0x44,0x00,0x00,0x1e,0x2b,
  0x00,0x00,0x1e,0x12,0x00,0x00,0x1d,0xfa,0x00,0x00,0x1d,0xe1,0x00,0x00,0x1d,0xc9,
  0x00,0x00,0x1d,0xb1,0x00,0x00,0x1d,0x99,0x00,0x00,0x1d,0x81,0x00,0x00,0x1d,0x6a,
  0x00,0x00,0x1d,0x52,0x00,0x00,0x1d,0x3b,0x00,0x00,0x1d,0x23,0x00,0x00,0x1d,0x0c,
  0x00,0x00,0x1c,0xf5,0x00,0x00,0x1c,0xdf,0x00,0x00,0x1c,0xc8,0x00,0x00,0x1c,0xb1,
  0x00,0x00,0x1c,0x9b,0x00,0x00,0x1c,0x85,0x00,0x00,0x1c,0x6f,0x00,0x00,0x1c,0x59,
  0x00,0x00,0x1c,0x43,0x00,0x00,0x1c,0x2d,0x00,0x00,0x1c,0x18,0x00,0x00,0x1c,0x02,
  0x00,0x00,0x1b,0xed,0x00,0x00,0x1b,0xd8,0x00,0x00,0x1b,0xc3,0x00,0x00,0x1b,0xae,
  0x00,0x00,0x1b,0x99,0x00,0x00,0x1b,0x84,0x00,0x00,0x1b,0x6f,0x00,0x00,0x1b,0x5e,
  0x00,0x00,0x1b,0x4b,0x00,0x00,0x1b,0x39,0x00,0x00,0x1b,0x28,0x00,0x00,0x1b,0x16,
  0x00,0x00,0x1b,0x05,0x00,0x00,0x1a,0xf5,0x00,0x00,0x1a,0xe3,0x00,0x00,0x1a,0xd3,
  0x00,0x00,0x1a,0xc1,0x00,0x00,0x1a,0xb1,0x00,0x00,0x1a,0xa1,0x00,0x00,0x1a,0x92,
  0x00,0x00,0x1a,0x82,0x00,0x00,0x1a,0x71,0x00,0x00,0x1a,0x61,0x00,0x00,0x1a,0x52,
  0x00,0x00,0x1a,0x43,0x00,0x00,0x1a,0x34,0x00,0x00,0x1a,0x25,0x00,0x00,0x1a,0x16,
  0x00,0x00,0x1a,0x07,0x00,0x00,0x19,0xf8,0x00,0x00,0x19,0xea,0x00,0x00,0x19,0xdd,
  0x00,0x00,0x19,0xcf,0x00,0x00,0x19,0xc0,0x00,0x00,0x19,0xb2,0x00,0x00,0x19,0xa4,
  0x00,0x00,0x19,0x97,0x00,0x00,0x19,0x89,0x00,0x00,0x19,0x7b,0x00,0x00,0x19,0x6f,
  0x00,0x00,0x19,0x61,0x00,0x00,0x19,0x54,0x00,0x00,0x19,0x48,0x00,0x00,0x19,0x3a,
  0x00,0x00,0x19,0x2e,0x00,0x00,0x19,0x20,0x00,0x00,0x19,0x13,0x00,0x00,0x19,0x07,
  0x00,0x00,0x18,0xfc,0x00,0x00,0x18,0xef,0x00,0x00,0x18,0xe4,0x00,0x00,0x18,0xd7,
  0x00,0x00,0x18,0xcb,0x00,0x00,0x18,0xc0,0x00,0x00,0x18,0xb3,0x00,0x00,0x18,0xa8,
  0x00,0x00,0x18,0x9b,0x00,0x00,0x18,0x90,0x00,0x00,0x18,0x85,0x00,0x00,0x18,0x7b,
  0x00,0x00,0x18,0x70,0x00,0x00,0x18,0x64,0x00,0x00,0x18,0x59,0x00,0x00,0x18,0x4e,
  0x00,0x00,0x18,0x44,0x00,0x00,0x18,0x39,0x00,0x00,0x18,0x2d,0x00,0x00,0x18,0x22,
  0x00,0x00,0x18,0x17,0x00,0x00,0x18,0x0d,0x00,0x00,0x18,0x03,0x00,0x00,0x17,0xf9,
  0x00,0x00,0x17,0xef,0x00,0x00,0x17,0xe5,0x00,0x00,0x17,0xdb,0x00,0x00,0x17,0xd1,
  0x00,0x00,0x17,0xc7,0x00,0x00,0x17,0xbd,0x00,0x00,0x17,0xb3,0x00,0x00,0x17,0xa9,
  0x00,0x00,0x17,0x9f,0x00,0x00,0x17,0x95,0x00,0x00,0x17,0x8c,0x00,0x00,0x17,0x83,
  0x00,0x00,0x17,0x7b,0x00,0x00,0x17,0x72,0x00,0x00,0x17,0x68,0x00,0x00,0x17,0x5f,
  0x00,0x00,0x17,0x56,0x00,0x00,0x17,0x4e,0x00,0x00,0x17,0x45,0x00,0x00,0x17,0x3b,
  0x00,0x00,0x17,0x32,0x00,0x00,0x17,0x29,0x00,0x00,0x17,0x21,0x00,0x00,0x17,0x18,
  0x00,0x00,0x17,0x0e,0x00,0x00,0x17,0x05,0x00,0x00,0x16,0xfe,0x00,0x00,0x16,0xf5,
  0x00,0x00,0x16,0xed,0x00,0x00,0x16,0xe6,0x00,0x00,0x16,0xdd,0x00,0x00,0x16,0xd6,
  0x00,0x00,0x16,0xcd,0x00,0x00,0x16,0xc5,0x00,0x00,0x16,0xbe,0x00,0x00,0x16,0xb5,
  0x00,0x00,0x16,0xae,0x00,0x00,0x16,0xa5,0x00,0x00,0x16,0x9d,0x00,0x00,0x16,0x96,
  0x00,0x00,0x16,0x8d,0x00,0x00,0x16,0x86,0x00,0x00,0x16,0x7d,0x00,0x00,0x16,0x75,
  0x00,0x00,0x16,0x6e,0x00,0x00,0x16,0x65,0x00,0x00,0x16,0x5f,0x00,0x00,0x16,0x57,
  0x00,0x00,0x16,0x50,0x00,0x00,0x16,0x4a,0x00,0x00,0x16,0x42,0x00,0x00,0x16,0x3c,
  0x00,0x00,0x16,0x34,0x00,0x00,0x16,0x2d,0x00,0x00,0x16,0x27,0x00,0x00,0x16,0x1f,
  0x00,0x00,0x16,0x19,0x00,0x00,0x16,0x11,0x00,0x00,0x16,0x0a,0x00,0x00,0x16,0x04,
  0x00,0x00,0x15,0xfc,0x00,0x00,0x15,0xf6,0x00,0x00,0x15,0xee,0x00,0x00,0x15,0xe7,
  0x00,0x00,0x15,0xe1,0x00,0x00,0x15,0xd9,0x00,0x00,0x15,0xd3,0x00,0x00,0x15,0xcb,
  0x00,0x00,0x15,0xc4,0x00,0x00,0x15,0xbf,0x00,0x00,0x15,0xb9,0x00,0x00,0x15,0xb2,
  0x00,0x00,0x15,0xac,0x00,0x00,0x15,0xa6,0x00,0x00,0x15,0xa1,0x00,0x00,0x15,0x9b,
  0x00,0x00,0x15,0x94,0x00,0x00,0x15,0x8e,0x00,0x00,0x15,0x88,0x00,0x00,0x15,0x83,
  0x00,0x00,0x15,0x7d,0x00,0x00,0x15,0x76,0x00,0x00,0x15,0x70,0x00,0x00,0x15,0x6a,
  0x00,0x00,0x15,0x65,0x00,0x00,0x15,0x5f,0x00,0x00,0x15,0x58,0x00,0x00,0x15,0x52,
  0x00,0x00,0x15,0x4c,0x00,0x00,0x15,0x47,0x00,0x00,0x15,0x41,0x00,0x00,0x15,0x3a,
  0x00,0x00,0x15,0x34,0x00,0x00,0x15,0x2e,0x00,0x00,0x15,0x29,0x00,0x00,0x15,0x23,
  0x00,0x00,0x15,0x1c,0x00,0x00,0x15,0x16,0x00,0x00,0x15,0x10,0x00,0x00,0x15,0x0b,
  0x00,0x00,0x15,0x06,0x00,0x00,0x15,0x01,0x00,0x00,0x14,0xfc,0x00,0x00,0x14,0xf7,
  0x00,0x00,0x14,0xf2,0x00,0x00,0x14,0xed,0x00,0x00,0x14,0xe8,0x00,0x00,0x14,0xe3,
  0x00,0x00,0x14,0xde,0x00,0x00,0x14,0xd9,0x00,0x00,0x14,0xd4,0x00,0x00,0x14,0xcf,
  0x00,0x00,0x14,0xca,0x00,0x00,0x14,0xc5,0x00,0x00,0x14,0xc0,0x00,0x00,0x14,0xbb,
  0x00,0x00,0x14,0xb6,0x00,0x00,0x14,0xb1,0x00,0x00,0x14,0xac,0x00,0x00,0x14,0xa7,
  0x00,0x00,0x14,0xa2,0x00,0x00,0x14,0x9d,0x00,0x00,0x14,0x98,0x00,0x00,0x14,0x93,
  0x00,0x00,0x14,0x8e,0x00,0x00,0x14,0x89,0x00,0x00,0x14,0x84,0x00,0x00,0x14,0x7f,
  0x00,0x00,0x14,0x7a,0x00,0x00,0x14,0x75,0x00,0x00,0x14,0x70,0x00,0x00,0x14,0x6b,
  0x00,0x00,0x14,0x66,0x00,0x00,0x14,0x61,0x00,0x00,0x14,0x5c,0x00,0x00,0x14,0x57,
  0x00,0x00,0x14,0x52,0x00,0x00,0x14,0x4d,0x00,0x00,0x14,0x48,0x00,0x00,0x14,0x43,
  0x00,0x00,0x14,0x3e,0x00,0x00,0x14,0x3a,0x00,0x00,0x14,0x36,0x00,0x00,0x14,0x33,
  0x00,0x00,0x14,0x2f,0x00,0x00,0x14,0x2a,0x00,0x00,0x14,0x26,0x00,0x00,0x14,0x22,
  0x00,0x00,0x14,0x1f,0x00,0x00,0x14,0x1b,0x00,0x00,0x14,0x16,0x00,0x00,0x14,0x12,
  0x00,0x00,0x14,0x0e,0x00,0x00,0x14,0x0b,0x00,0x00,0x14,0x07,0x00,0x00,0x14,0x02,
  0x00,0x00,0x13,0xfe,0x00,0x00,0x13,0xfb,0x00,0x00,0x13,0xf7,0x00,0x00,0x13,0xf3,
  0x00,0x00,0x13,0xee,0x00,0x00,0x13,0xea,0x00,0x00,0x13,0xe7,0x00,0x00,0x13,0xe3,
  0x00,0x00,0x13,0xdf,0x00,0x00,0x13,0xda,0x00,0x00,0x13,0xd6,0x00,0x00,0x13,0xd3,
  0x00,0x00,0x13,0xcf,0x00,0x00,0x13,0xcb,0x00,0x00,0x13,0xc6,0x00,0x00,0x13,0xc2,
  0x00,0x00,0x13,0xbf,0x00,0x00,0x13,0xbb,0x00,0x00,0x13,0xb7,0x00,0x00,0x13,0xb2,
  0x00,0x00,0x13,0xae,0x00,0x00,0x13,0xab,0x00,0x00,0x13,0xa7,0x00,0x00,0x13,0xa3,
  0x00,0x00,0x13,0x9e,0x00,0x00,0x13,0x9a,0x00,0x00,0x13,0x97,0x00,0x00,0x13,0x93,
  0x00,0x00,0x13,0x8f,0x00,0x00,0x13,0x8a,0x00,0x00,0x13,0x86,0x00,0x00,0x13,0x83,
  0x00,0x00,0x13,0x7f,0x00,0x00,0x13,0x7b,0x00,0x00,0x13,0x76,0x00,0x00,0x13,0x72,
  0x00,0x00,0x13,0x6f,0x00,0x00,0x13,0x6b,0x00,0x00,0x13,0x67,0x00,0x00,0x13,0x62,
  0x00,0x00,0x13,0x5e,0x00,0x00,0x13,0x5b,0x00,0x00,0x13,0x57,0x00,0x00,0x13,0x53,
  0x00,0x00,0x13,0x51,0x00,0x00,0x13,0x4e,0x00,0x00,0x13,0x4a,0x00,0x00,0x13,0x48,
  0x00,0x00,0x13,0x44,0x00,0x00,0x13,0x42,0x00,0x00,0x13,0x3f,0x00,0x00,0x13,0x3b,
  0x00,0x00,0x13,0x39,0x00,0x00,0x13,0x35,0x00,0x00,0x13,0x33,0x00,0x00,0x13,0x30,
  0x00,0x00,0x13,0x2c,0x00,0x00,0x13,0x2a,0x00,0x00,0x13,0x26,0x00,0x00,0x13,0x24,
  0x00,0x00,0x13,0x21,0x00,0x00,0x13,0x1d,0x00,0x00,0x13,0x1b,0x00,0x00,0x13,0x17,
  0x00,0x00,0x13,0x15,0x00,0x00,0x13,0x12,0x00,0x00,0x13,0x0e,0x00,0x00,0x13,0x0c,
  0x00,0x00,0x13,0x08,0x00,0x00,0x13,0x06,0x00,0x00,0x13,0x03,0x00,0x00,0x12,0xff,
  0x00,0x00,0x12,0xfd,0x00,0x00,0x12,0xf9,0x00,0x00,0x12,0xf7,0x00,0x00,0x12,0xf4,
  0x00,0x00,0x12,0xf0,0x00,0x00,0x12,0xee,0x00,0x00,0x12,0xea,0x00,0x00,0x12,0xe8,
  0x00,0x00,0x12,0xe5,0x00,0x00,0x12,0xe1,0x00,0x00,0x12,0xdf,0x00,0x00,0x12,0xdb,
  0x00,0x00,0x12,0xd9,0x00,0x00,0x12,0xd6,0x00,0x00,0x12,0xd2,0x00,0x00,0x12,0xd0,
  0x00,0x00,0x12,0xcc,0x00,0x00,0x12,0xca,0x00,0x00,0x12,0xc7,0x00,0x00,0x12,0xc3,
  0x00,0x00,0x12,0xc1,0x00,0x00,0x12,0xbd,0x00,0x00,0x12,0xbb,0x00,0x00,0x12,0xb8,
  0x00,0x00,0x12,0xb4,0x00,0x00,0x12,0xb2,0x00,0x00,0x12,0xae,0x00,0x00,0x12,0xac,
  0x00,0x00,0x12,0xa9,0x00,0x00,0x12,0xa5,0x00,0x00,0x12,0xa3,0x00,0x00,0x12,0x9f,
  0x00,0x00,0x12,0x9d,0x00,0x00,0x12,0x9a,0x00,0x00,0x12,0x96,0x00,0x00,0x12,0x94,
  0x00,0x00,0x12,0x90,0x00,0x00,0x12,0x8e,0x00,0x00,0x12,0x8b,0x00,0x00,0x12,0x87,
  0x00,0x00,0x12,0x85,0x00,0x00,0x12,0x81,0x00,0x00,0x12,0x7f,0x00,0x00,0x12,0x7c,
  0x00,0x00,0x12,0x78,0x00,0x00,0x12,0x76,0x00,0x00,0x12,0x72,0x00,0x00,0x12,0x70,
  0x00,0x00,0x12,0x6d,0x00,0x00,0x12,0x69,0x00,0x00,0x12,0x67,0x00,0x00,0x12,0x63,
  0x00,0x00,0x12,0x61,0x00,0x00,0x12,0x5e,0x00,0x00,0x12,0x5a,0x00,0x00,0x12,0x58,
  0x00,0x00,0x12,0x54,0x00,0x00,0x12,0x52,0x00,0x00,0x12,0x4f,0x00,0x00,0x12,0x4b,
  0x00,0x00,0x12,0x49,0x00,0x00,0x12,0x45,0x00,0x00,0x12,0x44,0x00,0x00,0x12,0x41,
  0x00,0x00,0x12,0x40,0x00,0x00,0x12,0x3e,0x00,0x00,0x12,0x3b,0x00,0x00,0x12,0x3a,
  0x00,0x00,0x12,0x37,0x00,0x00,0x12,0x36,0x00,0x00,0x12,0x34,0x00,0x00,0x12,0x31,
  0x00,0x00,0x12,0x30,0x00,0x00,0x12,0x2d,0x00,0x00,0x12,0x2c,0x00,0x00,0x12,0x2a,
  0x00,0x00,0x12,0x27,0x00,0x00,0x12,0x26,0x00,0x00,0x12,0x23,0x00,0x00,0x12,0x22,
  0x00,0x00,0x12,0x20,0x00,0x00,0x12,0x1d,0x00,0x00,0x12,0x1c,0x00,0x00,0x12,0x19,
  0x00,0x00,0x12,0x18,0x00,0x00,0x12,0x16,0x00,0x00,0x12,0x13,0x00,0x00,0x12,0x12,
  0x00,0x00,0x12,0x0f,0x00,0x00,0x12,0x0e,0x00,0x00,0x12,0x0c,0x00,0x00,0x12,0x09,
  0x00,0x00,0x12,0x08,0x00,0x00,0x12,0x05,0x00,0x00,0x12,0x04,0x00,0x00,0x12,0x02,
  0x00,0x00,0x11,0xff,0x00,0x00,0x11,0xfe,0x00,0x00,0x11,0xfb,0x00,0x00,0x11,0xfa,
  0x00,0x00,0x11,0xf8,0x00,0x00,0x11,0xf5,0x00,0x00,0x11,0xf4,0x00,0x00,0x11,0xf1,
  0x00,0x00,0x11,0xf0,0x00,0x00,0x11,0xee,0x00,0x00,0x11,0xeb,0x00,0x00,0x11,0xea,
  0x00,0x00,0x11,0xe7,0x00,0x00,0x11,0xe6,0x00,0x00,0x11,0xe4,0x00,0x00,0x11,0xe1,
  0x00,0x00,0x11,0xe0,0x00,0x00,0x11,0xdd,0x00,0x00,0x11,0xdc,0x00,0x00,0x11,0xda,
  0x00,0x00,0x11,0xd7,0x00,0x00,0x11,0xd6,0x00,0x00,0x11,0xd3,0x00,0x00,0x11,0xd2,
  0x00,0x00,0x11,0xd0,0x00,0x00,0x11,0xcd,0x00,0x00,0x11,0xcc,0x00,0x00,0x11,0xc9,
  0x00,0x00,0x11,0xc8,0x00,0x00,0x11,0xc6,0x00,0x00,0x11,0xc3,0x00,0x00,0x11,0xc2,
  0x00,0x00,0x11,0xbf,0x00,0x00,0x11,0xbe,0x00,0x00,0x11,0xbc,0x00,0x00,0x11,0xb9,
  0x00,0x00,0x11,0xb8,0x00,0x00,0x11,0xb5,0x00,0x00,0x11,0xb4,0x00,0x00,0x11,0xb2,
  0x00,0x00,0x11,0xaf,0x00,0x00,0x11,0xae,0x00,0x00,0x11,0xab,0x00,0x00,0x11,0xaa,
  0x00,0x00,0x11,0xa8,0x00,0x00,0x11,0xa5,0x00,0x00,0x11,0xa4,0x00,0x00,0x11,0xa1,
  0x00,0x00,0x11,0xa0,0x00,0x00,0x11,0x9e,0x00,0x00,0x11,0x9b,0x00,0x00,0x11,0x9a,
  0x00,0x00,0x11,0x97,0x00,0x00,0x11,0x96,0x00,0x00,0x11,0x94,0x00,0x00,0x11,0x91,
  0x00,0x00,0x11,0x90,0x00,0x00,0x11,0x8d,0x00,0x00,0x11,0x8c,0x00,0x00,0x11,0x8a,
  0x00,0x00,0x11,0x87,0x00,0x00,0x11,0x86,0x00,0x00,0x11,0x83,0x00,0x00,0x11,0x82,
  0x00,0x00,0x11,0x80,0x00,0x00,0x11,0x7d,0x00,0x00,0x11,0x7c,0x00,0x00,0x11,0x79,
  0x00,0x00,0x11,0x78,0x00,0x00,0x11,0x76,0x00,0x00,0x11,0x73,0x00,0x00,0x11,0x72,
  0x00,0x00,0x11,0x6f,0x00,0x00,0x11,0x6e,0x00,0x00,0x11,0x6c,0x00,0x00,0x11,0x69,
  0x00,0x00,0x11,0x68,0x00,0x00,0x11,0x65,0x00,0x00,0x11,0x64,0x00,0x00,0x11,0x62,
  0x00,0x00,0x11,0x5f,0x00,0x00,0x11,0x5e,0x00,0x00,0x11,0x5b,0x00,0x00,0x11,0x5a,
  0x00,0x00,0x11,0x58,0x00,0x00,0x11,0x55,0x00,0x00,0x11,0x54,0x00,0x00,0x11,0x51,
  0x00,0x00,0x11,0x50,0x00,0x00,0x11,0x4e,0x00,0x00,0x11,0x4b,0x00,0x00,0x11,0x4a,
  0x00,0x00,0x11,0x47,0x00,0x00,0x11,0x46,0x00,0x00,0x11,0x44,0x00,0x00,0x11,0x41,
  0x00,0x00,0x11,0x40,0x00,0x00,0x11,0x3d,0x00,0x00,0x11,0x3c,0x00,0x00,0x11,0x3a,
  0x00,0x00,0x11,0x37,0x00,0x00,0x11,0x36,0x00,0x00,0x11,0x33,0x00,0x00,0x11,0x32,
  0x00,0x00,0x11,0x30,0x00,0x00,0x11,0x2d,0x00,0x00,0x11,0x2c,0x00,0x00,0x11,0x29,
  0x00,0x00,0x11,0x28,0x00,0x00,0x11,0x26,0x00,0x00,0x11,0x23,0x00,0x00,0x11,0x22,
  0x00,0x00,0x11,0x1f,0x00,0x00,0x11,0x1e,0x00,0x00,0x11,0x1c,0x00,0x00,0x11,0x19,
  0x00,0x00,0x11,0x18,0x00,0x00,0x11,0x15,0x00,0x00,0x11,0x14,0x00,0x00,0x11,0x12,
  0x00,0x00,0x11,0x0f,0x00,0x00,0x11,0x0e,0x00,0x00,0x11,0x0b,0x00,0x00,0x11,0x0a,
  0x00,0x00,0x11,0x08,0x00,0x00,0x11,0x05,0x00,0x00,0x11,0x04,0x00,0x00,0x11,0x01,
  0x00,0x00,0x11,0x00,0x00,0x00,0x10,0xfe,0x00,0x00,0x10,0xfb,0x00,0x00,0x10,0xfa,
  0x00,0x00,0x10,0xf7,0x00,0x00,0x10,0xf6,0x00,0x00,0x10,0xf4,0x00,0x00,0x10,0xf1,
  0x00,0x00,0x10,0xf0,0x00,0x00,0x10,0xed,0x00,0x00,0x10,0xec,0x00,0x00,0x10,0xea,
  0x00,0x00,0x10,0xe7,0x00,0x00,0x10,0xe6,0x00,0x00,0x10,0xe3,0x00,0x00,0x10,0xe2,
  0x00,0x00,0x10,0xe0,0x00,0x00,0x10,0xdd,0x00,0x00,0x10,0xdc,0x00,0x00,0x10,0xd9,
  0x00,0x00,0x10,0xd8,0x00,0x00,0x10,0xd6,0x00,0x00,0x10,0xd3,0x00,0x00,0x10,0xd2,
  0x00,0x00,0x10,0xcf,0x00,0x00,0x10,0xce,0x00,0x00,0x10,0xcc,0x00,0x00,0x10,0xca,
  0x00,0x00,0x10,0xc9,0x00,0x00,0x10,0xc9,0x00,0x00,0x10,0xc8,0x00,0x00,0x10,0xc7,
  0x00,0x00,0x10,0xc5,0x00,0x00,0x10,0xc4,0x00,0x00,0x10,0xc4,0x00,0x00,0x10,0xc3,
  0x00,0x00,0x10,0xc2,0x00,0x00,0x10,0xc0,0x00,0x00,0x10,0xbf,0x00,0x00,0x10,0xbf,
  0x00,0x00,0x10,0xbe,0x00,0x00,0x10,0xbd,0x00,0x00,0x10,0xbb,0x00,0x00,0x10,0xba,
  0x00,0x00,0x10,0xba,0x00,0x00,0x10,0xb9,0x00,0x00,0x10,0xb8,0x00,0x00,0x10,0xb6,
  0x00,0x00,0x10,0xb5,0x00,0x00,0x10,0xb5,0x00,0x00,0x10,0xb4,0x00,0x00,0x10,0xb3,
  0x00,0x00,0x10,0xb1,0x00,0x00,0x10,0xb0,0x00,0x00,0x10,0xb0,0x00,0x00,0x10,0xaf,
  0x00,0x00,0x10,0xae,0x00,0x00,0x10,0xac,0x00,0x00,0x10,0xab,0x00,0x00,0x10,0xab,
  0x00,0x00,0x10,0xaa,0x00,0x00,0x10,0xa9,0x00,0x00,0x10,0xa7,0x00,0x00,0x10,0xa6,
  0x00,0x00,0x10,0xa6,0x00,0x00,0x10,0xa5,0x00,0x00,0x10,0xa4,0x00,0x00,0x10,0xa2,
  0x00,0x00,0x10,0xa1,0x00,0x00,0x10,0xa1,0x00,0x00,0x10,0xa0,0x00,0x00,0x10,0x9f,
  0x00,0x00,0x10,0x9d,0x00,0x00,0x10,0x9c,0x00,0x00,0x10,0x9c,0x00,0x00,0x10,0x9b,
  0x00,0x00,0x10,0x9a,0x00,0x00,0x10,0x98,0x00,0x00,0x10,0x97,0x00,0x00,0x10,0x97,
  0x00,0x00,0x10,0x96,0x00,0x00,0x10,0x95,0x00,0x00,0x10,0x93,0x00,0x00,0x10,0x92,
  0x00,0x00,0x10,0x92,0x00,0x00,0x10,0x91,0x00,0x00,0x10,0x90,0x00,0x00,0x10,0x8e,
  0x00,0x00,0x10,0x8d,0x00,0x00,0x10,0x8d,0x00,0x00,0x10,0x8c,0x00,0x00,0x10,0x8b,
  0x00,0x00,0x10,0x89,0x00,0x00,0x10,0x88,0x00,0x00,0x10,0x88,0x00,0x00,0x10,0x87,
  0x00,0x00,0x10,0x86,0x00,0x00,0x10,0x84,0x00,0x00,0x10,0x83,0x00,0x00,0x10,0x83,
  0x00,0x00,0x10,0x82,0x00,0x00,0x10,0x81,0x00,0x00,0x10,0x7f,0x00,0x00,0x10,0x7e,
  0x00,0x00,0x10,0x7e,0x00,0x00,0x10,0x7d,0x00,0x00,0x10,0x7c,0x00,0x00,0x10,0x7a,
  0x00,0x00,0x10,0x79,0x00,0x00,0x10,0x79,0x00,0x00,0x10,0x78,0x00,0x00,0x10,0x77,
  0x00,0x00,0x10,0x75,0x00,0x00,0x10,0x74,0x00,0x00,0x10,0x74,0x00,0x00,0x10,0x73,
  0x00,0x00,0x10,0x72,0x00,0x00,0x10,0x70,0x00,0x00,0x10,0x6f,0x00,0x00,0x10,0x6f,
  0x00,0x00,0x10,0x6e,0x00,0x00,0x10,0x6d,0x00,0x00,0x10,0x6b,0x00,0x00,0x10,0x6a,
  0x00,0x00,0x10,0x6a,0x00,0x00,0x10,0x69,0x00,0x00,0x10,0x68,0x00,0x00,0x10,0x66,
  0x00,0x00,0x10,0x65,0x00,0x00,0x10,0x65,0x00,0x00,0x10,0x64,0x00,0x00,0x10,0x63,
  0x00,0x00,0x10,0x61,0x00,0x00,0x10,0x60,0x00,0x00,0x10,0x60,0x00,0x00,0x10,0x5f,
  0x00,0x00,0x10,0x5e,0x00,0x00,0x10,0x5c,0x00,0x00,0x10,0x5b,0x00,0x00,0x10,0x5b,
  0x00,0x00,0x10,0x5a,0x00,0x00,0x10,0x59,0x00,0x00,0x10,0x57,0x00,0x00,0x10,0x56,
  0x00,0x00,0x10,0x56,0x00,0x00,0x10,0x55,0x00,0x00,0x10,0x54,0x00,0x00,0x10,0x52,
  0x00,0x00,0x10,0x51,0x00,0x00,0x10,0x51,0x00,0x00,0x10,0x50,0x00,0x00,0x10,0x4f,
  0x00,0x00,0x10,0x4d,0x00,0x00,0x10,0x4c,0x00,0x00,0x10,0x4c,0x00,0x00,0x10,0x4b,
  0x00,0x00,0x10,0x4a,0x00,0x00,0x10,0x48,0x00,0x00,0x10,0x47,0x00,0x00,0x10,0x47,
  0x00,0x00,0x10,0x46,0x00,0x00,0x10,0x45,0x00,0x00,0x10,0x43,0x00,0x00,0x10,0x42,
  0x00,0x00,0x10,0x42,0x00,0x00,0x10,0x41,0x00,0x00,0x10,0x40,0x00,0x00,0x10,0x3e,
  0x00,0x00,0x10,0x3d,0x00,0x00,0x10,0x3d,0x00,0x00,0x10,0x3c,0x00,0x00,0x10,0x3b,
  0x00,0x00,0x10,0x39,0x00,0x00,0x10,0x38,0x00,0x00,0x10,0x38,0x00,0x00,0x10,0x37,
  0x00,0x00,0x10,0x36,0x00,0x00,0x10,0x34,0x00,0x00,0x10,0x33,0x00,0x00,0x10,0x33,
  0x00,0x00,0x10,0x32,0x00,0x00,0x10,0x31,0x00,0x00,0x10,0x2f,0x00,0x00,0x10,0x2e,
  0x00,0x00,0x10,0x2e,0x00,0x00,0x10,0x2d,0x00,0x00,0x10,0x2c,0x00,0x00,0x10,0x2a,
  0x00,0x00,0x10,0x29,0x00,0x00,0x10,0x29,0x00,0x00,0x10,0x28,0x00,0x00,0x10,0x27,
  0x00,0x00,0x10,0x25,0x00,0x00,0x10,0x24,0x00,0x00,0x10,0x24,0x00,0x00,0x10,0x23,
  0x00,0x00,0x10,0x22,0x00,0x00,0x10,0x20,0x00,0x00,0x10,0x1f,0x00,0x00,0x10,0x1f,
  0x00,0x00,0x10,0x1e,0x00,0x00,0x10,0x1d,0x00,0x00,0x10,0x1b,0x00,0x00,0x10,0x1a,
  0x00,0x00,0x10,0x1a,0x00,0x00,0x10,0x19,0x00,0x00,0x10,0x18,0x00,0x00,0x10,0x16,
  0x00,0x00,0x10,0x15,0x00,0x00,0x10,0x15,0x00,0x00,0x10,0x14,0x00,0x00,0x10,0x13,
  0x00,0x00,0x10,0x11,0x00,0x00,0x10,0x10,0x00,0x00,0x10,0x10,0x00,0x00,0x10,0x0f,
  0x00,0x00,0x10,0x0e,0x00,0x00,0x10,0x0c,0x00,0x00,0x10,0x0b,0x00,0x00,0x10,0x0b,
  0x00,0x00,0x10,0x0a,0x00,0x00,0x10,0x09,0x00,0x00,0x10,0x07,0x00,0x00,0x10,0x06,
  0x00,0x00,0x10,0x06,0x00,0x00,0x10,0x05,0x00,0x00,0x10,0x04,0x00,0x00,0x10,0x02,
  0x00,0x00,0x10,0x01,0x00,0x00,0x10,0x01,0x00,0x00,0x10,0x00,0x00,0x00,0x0f,0xfe,
  0x00,0x00,0x0f,0xfd,0x00,0x00,0x0f,0xfc,0x00,0x00,0x0f,0xfc,0x00,0x00,0x0f,0xfb,
  0x00,0x00,0x0f,0xf9,0x00,0x00,0x0f,0xf8,0x00,0x00,0x0f,0xf7,0x00,0x00,0x0f,0xf7,
  0x00,0x00,0x0f,0xf6,0x00,0x00,0x0f,0xf4,0x00,0x00,0x0f,0xf3,0x00,0x00,0x0f,0xf2,
  0x00,0x00,0x0f,0xf2,0x00,0x00,0x0f,0xf1,0x00,0x00,0x0f,0xef,0x00,0x00,0x0f,0xee,
  0x00,0x00,0x0f,0xed,0x00,0x00,0x0f,0xed,0x00,0x00,0x0f,0xec,0x00,0x00,0x0f,0xea,
  0x00,0x00,0x0f,0xe9,0x00,0x00,0x0f,0xe8,0x00,0x00,0x0f,0xe8,0x00,0x00,0x0f,0xe7,
  0x00,0x00,0x0f,0xe5,0x00,0x00,0x0f,0xe4,0x00,0x00,0x0f,0xe3,0x00,0x00,0x0f,0xe3,
  0x00,0x00,0x0f,0xe2,0x00,0x00,0x0f,0xe0,0x00,0x00,0x0f,0xdf,0x00,0x00,0x0f,0xde,
  0x00,0x00,0x0f,0xde,0x00,0x00,0x0f,0xdd,0x00,0x00,0x0f,0xdb,0x00,0x00,0x0f,0xda,
  0x00,0x00,0x0f,0xd9,0x00,0x00,0x0f,0xd9,0x00,0x00,0x0f,0xd8,0x00,0x00,0x0f,0xd6,
  0x00,0x00,0x0f,0xd5,0x00,0x00,0x0f,0xd4,0x00,0x00,0x0f,0xd4,0x00,0x00,0x0f,0xd3,
  0x00,0x00,0x0f,0xd1,0x00,0x00,0x0f,0xd0,0x00,0x00,0x0f,0xcf,0x00,0x00,0x0f,0xcf,
  0x00,0x00,0x0f,0xce,0x00,0x00,0x0f,0xcc,0x00,0x00,0x0f,0xcb,0x00,0x00,0x0f,0xca,
  0x00,0x00,0x0f,0xca,0x00,0x00,0x0f,0xc9,0x00,0x00,0x0f,0xc7,0x00,0x00,0x0f,0xc6,
  0x00,0x00,0x0f,0xc5,0x00,0x00,0x0f,0xc5,0x00,0x00,0x0f,0xc4,0x00,0x00,0x0f,0xc2,
  0x00,0x00,0x0f,0xc1,0x00,0x00,0x0f,0xc0,0x00,0x00,0x0f,0xc0,0x00,0x00,0x0f,0xbf,
  0x00,0x00,0x0f,0xbd,0x00,0x00,0x0f,0xbc,0x00,0x00,0x0f,0xbb,0x00,0x00,0x0f,0xbb,
  0x00,0x00,0x0f,0xba,0x00,0x00,0x0f,0xb8,0x00,0x00,0x0f,0xb7,0x00,0x00,0x0f,0xb6,
  0x00,0x00,0x0f,0xb6,0x00,0x00,0x0f,0xb5,0x00,0x00,0x0f,0xb3,0x00,0x00,0x0f,0xb2,
  0x00,0x00,0x0f,0xb1,0x00,0x00,0x0f,0xb1,0x00,0x00,0x0f,0xb0,0x00,0x00,0x0f,0xae,
  0x00,0x00,0x0f,0xad,0x00,0x00,0x0f,0xac,0x00,0x00,0x0f,0xac,0x00,0x00,0x0f,0xab,
  0x00,0x00,0x0f,0xa9,0x00,0x00,0x0f,0xa8,0x00,0x00,0x0f,0xa7,0x00,0x00,0x0f,0xa7,
  0x00,0x00,0x0f,0xa6,0x00,0x00,0x0f,0xa4,0x00,0x00,0x0f,0xa3,0x00,0x00,0x0f,0xa2,
  0x00,0x00,0x0f,0xa2,0x00,0x00,0x0f,0xa1,0x80,0x00,0x0f,0x9f,0x00,0x00,0x03,0xd4,
  0x00,0x00,0x0f,0x9f,0x00,0x00,0x0f,0xa1,0x00,0x00,0x0f,0xa2,0x00,0x00,0x0f,0xa2,
  0x00,0x00,0x0f,0xa3,0x00,0x00,0x0f,0xa4,0x00,0x00,0x0f,0xa6,0x00,0x00,0x0f,0xa7,
  0x00,0x00,0x0f,0xa7,0x00,0x00,0x0f,0xa8,0x00,0x00,0x0f,0xa9,0x00,0x00,0x0f,0xab,
  0x00,0x00,0x0f,0xac,0x00,0x00,0x0f,0xac,0x00,0x00,0x0f,0xad,0x00,0x00,0x0f,0xae,
  0x00,0x00,0x0f,0xb0,0x00,0x00,0x0f,0xb1,0x00,0x00,0x0f,0xb1,0x00,0x00,0x0f,0xb2,
  0x00,0x00,0x0f,0xb3,0x00,0x00,0x0f,0xb5,0x00,0x00,0x0f,0xb6,0x00,0x00,0x0f,0xb6,
  0x00,0x00,0x0f,0xb7,0x00,0x00,0x0f,0xb8,0x00,0x00,0x0f,0xba,0x00,0x00,0x0f,0xbb,
  0x00,0x00,0x0f,0xbb,0x00,0x00,0x0f,0xbc,0x00,0x00,0x0f,0xbd,0x80,0x00,0x0f,0xc0,
  0x00,0x00,0x00,0x14,0x80,0x00,0x0f,0xc0,0x80,0x00,0x00,0x00,0x80,0x00,0x0f,0xc0,
  0x00,0x00,0x0f,0xc0,0x00,0x00,0x0f,0xc0,0x00,0x00,0x0f,0xc1,0x00,0x00,0x0f,0xc2,
  0x00,0x00,0x0f,0xc4,0x00,0x00,0x0f,0xc5,0x00,0x00,0x0f,0xc5,0x00,0x00,0x0f,0xc6,
  0x00,0x00,0x0f,0xc7,0x00,0x00,0x0f,0xc9,0x00,0x00,0x0f,0xca,0x00,0x00,0x0f,0xca,
  0x00,0x00,0x0f,0xcb,0x00,0x00,0x0f,0xcc,0x00,0x00,0x0f,0xce,0x00,0x00,0x0f,0xcf,
  0x00,0x00,0x0f,0xcf,0x00,0x00,0x0f,0xd0,0x00,0x00,0x0f,0xd1,0x00,0x00,0x0f,0xd3,
  0x00,0x00,0x0f,0xd4,0x00,0x00,0x0f,0xd4,0x00,0x00,0x0f,0xd5,0x00,0x00,0x0f,0xd6,
  0x00,0x00,0x0f,0xd8,0x00,0x00,0x0f,0xd9,0x00,0x00,0x0f,0xd9,0x00,0x00,0x0f,0xda,
  0x00,0x00,0x0f,0xdb,0x00,0x00,0x0f,0xdd,0x00,0x00,0x0f,0xde,0x00,0x00,0x0f,0xde,
  0x00,0x00,0x0f,0xdf,0x00,0x00,0x0f,0xe0,0x00,0x00,0x0f,0xe2,0x00,0x00,0x0f,0xe3,
  0x00,0x00,0x0f,0xe3,0x00,0x00,0x0f,0xe4,0x00,0x00,0x0f,0xe5,0x00,0x00,0x0f,0xe7,
  0x00,0x00,0x0f,0xe8,0x00,0x00,0x0f,0xe8,0x00,0x00,0x0f,0xe9,0x00,0x00,0x0f,0xea,
  0x00,0x00,0x0f,0xec,0x00,0x00,0x0f,0xed,0x00,0x00,0x0f,0xed,0x00,0x00,0x0f,0xee,
  0x00,0x00,0x0f,0xef,0x00,0x00,0x0f,0xf1,0x00,0x00,0x0f,0xf2,0x00,0x00,0x0f,0xf2,
  0x00,0x00,0x0f,0xf3,0x00,0x00,0x0f,0xf4,0x00,0x00,0x0f,0xf6,0x00,0x00,0x0f,0xf7,
  0x00,0x00,0x0f,0xf7,0x00,0x00,0x0f,0xf8,0x00,0x00,0x0f,0xf9,0x00,0x00,0x0f,0xfb,
  0x00,0x00,0x0f,0xfc,0x00,0x00,0x0f,0xfc,0x00,0x00,0x0f,0xfd,0x00,0x00,0x0f,0xfe,
  0x00,0x00,0x10,0x00,0x00,0x00,0x10,0x01,0x00,0x00,0x10,0x01,0x00,0x00,0x10,0x02,
  0x00,0x00,0x10,0x04,0x00,0x00,0x10,0x05,0x00,0x00,0x10,0x06,0x00,0x00,0x10,0x06,
  0x00,0x00,0x10,0x07,0x00,0x00,0x10,0x09,0x00,0x00,0x10,0x0a,0x00,0x00,0x10,0x0b,
  0x00,0x00,0x10,0x0b,0x00,0x00,0x10,0x0c,0x00,0x00,0x10,0x0e,0x00,0x00,0x10,0x0f,
  0x00,0x00,0x10,0x10,0x00,0x00,0x10,0x10,0x00,0x00,0x10,0x11,0x00,0x00,0x10,0x13,
  0x00,0x00,0x10,0x14,0x00,0x00,0x10,0x15,0x00,0x00,0x10,0x15,0x00,0x00,0x10,0x16,
  0x00,0x00,0x10,0x18,0x00,0x00,0x10,0x19,0x00,0x00,0x10,0x1a,0x00,0x00,0x10,0x1a,
  0x00,0x00,0x10,0x1b,0x00,0x00,0x10,0x1d,0x00,0x00,0x10,0x1e,0x00,0x00,0x10,0x1f,
  0x00,0x00,0x10,0x1f,0x00,0x00,0x10,0x20,0x00,0x00,0x10,0x22,0x00,0x00,0x10,0x23,
  0x00,0x00,0x10,0x24,0x00,0x00,0x10,0x24,0x00,0x00,0x10,0x25,0x00,0x00,0x10,0x27,
  0x00,0x00,0x10,0x28,0x00,0x00,0x10,0x29,0x00,0x00,0x10,0x29,0x00,0x00,0x10,0x2a,
  0x00,0x00,0x10,0x2c,0x00,0x00,0x10,0x2d,0x00,0x00,0x10,0x2e,0x00,0x00,0x10,0x2e,
  0x00,0x00,0x10,0x2f,0x00,0x00,0x10,0x31,0x00,0x00,0x10,0x32,0x00,0x00,0x10,0x33,
  0x00,0x00,0x10,0x33,0x00,0x00,0x10,0x34,0x00,0x00,0x10,0x36,0x00,0x00,0x10,0x37,
  0x00,0x00,0x10,0x38,0x00,0x00,0x10,0x38,0x00,0x00,0x10,0x39,0x00,0x00,0x10,0x3b,
  0x00,0x00,0x10,0x3c,0x00,0x00,0x10,0x3d,0x00,0x00,0x10,0x3d,0x00,0x00,0x10,0x3e,
  0x00,0x00,0x10,0x40,0x00,0x00,0x10,0x41,0x00,0x00,0x10,0x42,0x00,0x00,0x10,0x42,
  0x00,0x00,0x10,0x43,0x00,0x00,0x10,0x45,0x00,0x00,0x10,0x46,0x00,0x00,0x10,0x47,
  0x00,0x00,0x10,0x47,0x00,0x00,0x10,0x48,0x00,0x00,0x10,0x4a,0x00,0x00,0x10,0x4b,
  0x00,0x00,0x10,0x4c,0x00,0x00,0x10,0x4c,0x00,0x00,0x10,0x4d,0x00,0x00,0x10,0x4f,
  0x00,0x00,0x10,0x50,0x00,0x00,0x10,0x51,0x00,0x00,0x10,0x51,0x00,0x00,0x10,0x52,
  0x00,0x00,0x10,0x54,0x00,0x00,0x10,0x55,0x00,0x00,0x10,0x56,0x00,0x00,0x10,0x56,
  0x00,0x00,0x10,0x57,0x00,0x00,0x10,0x59,0x00,0x00,0x10,0x5a,0x00,0x00,0x10,0x5b,
  0x00,0x00,0x10,0x5b,0x00,0x00,0x10,0x5c,0x00,0x00,0x10,0x5e,0x00,0x00,0x10,0x5f,
  0x00,0x00,0x10,0x60,0x00,0x00,0x10,0x60,0x00,0x00,0x10,0x61,0x00,0x00,0x10,0x63,
  0x00,0x00,0x10,0x64,0x00,0x00,0x10,0x65,0x00,0x00,0x10,0x65,0x00,0x00,0x10,0x66,
  0x00,0x00,0x10,0x68,0x00,0x00,0x10,0x69,0x00,0x00,0x10,0x6a,0x00,0x00,0x10,0x6a,
  0x00,0x00,0x10,0x6b,0x00,0x00,0x10,0x6d,0x00,0x00,0x10,0x6e,0x00,0x00,0x10,0x6f,
  0x00,0x00,0x10,0x6f,0x00,0x00,0x10,0x70,0x00,0x00,0x10,0x72,0x00,0x00,0x10,0x73,
  0x00,0x00,0x10,0x74,0x00,0x00,0x10,0x74,0x00,0x00,0x10,0x75,0x00,0x00,0x10,0x77,
  0x00,0x00,0x10,0x78,0x00,0x00,0x10,0x79,0x00,0x00,0x10,0x79,0x00,0x00,0x10,0x7a,
  0x00,0x00,0x10,0x7c,0x00,0x00,0x10,0x7d,0x00,0x00,0x10,0x7e,0x00,0x00,0x10,0x7e,
  0x00,0x00,0x10,0x7f,0x00,0x00,0x10,0x81,0x00,0x00,0x10,0x82,0x00,0x00,0x10,0x83,
  0x00,0x00,0x10,0x83,0x00,0x00,0x10,0x84,0x00,0x00,0x10,0x86,0x00,0x00,0x10,0x87,
  0x00,0x00,0x10,0x88,0x00,0x00,0x10,0x88,0x00,0x00,0x10,0x89,0x00,0x00,0x10,0x8b,
  0x00,0x00,0x10,0x8c,0x00,0x00,0x10,0x8d,0x00,0x00,0x10,0x8d,0x00,0x00,0x10,0x8e,
  0x00,0x00,0x10,0x90,0x00,0x00,0x10,0x91,0x00,0x00,0x10,0x92,0x00,0x00,0x10,0x92,
  0x00,0x00,0x10,0x93,0x00,0x00,0x10,0x95,0x00,0x00,0x10,0x96,0x00,0x00,0x10,0x97,
  0x00,0x00,0x10,0x97,0x00,0x00,0x10,0x98,0x00,0x00,0x10,0x9a,0x00,0x00,0x10,0x9b,
  0x00,0x00,0x10,0x9c,0x00,0x00,0x10,0x9c,0x00,0x00,0x10,0x9d,0x00,0x00,0x10,0x9f,
  0x00,0x00,0x10,0xa0,0x00,0x00,0x10,0xa1,0x00,0x00,0x10,0xa1,0x00,0x00,0x10,0xa2,
  0x00,0x00,0x10,0xa4,0x00,0x00,0x10,0xa5,0x00,0x00,0x10,0xa6,0x00,0x00,0x10,0xa6,
  0x00,0x00,0x10,0xa7,0x00,0x00,0x10,0xa9,0x00,0x00,0x10,0xaa,0x00,0x00,0x10,0xab,
  0x00,0x00,0x10,0xab,0x00,0x00,0x10,0xac,0x00,0x00,0x10,0xae,0x00,0x00,0x10,0xaf,
  0x00,0x00,0x10,0xb0,0x00,0x00,0x10,0xb0,0x00,0x00,0x10,0xb1,0x00,0x00,0x10,0xb3,
  0x00,0x00,0x10,0xb4,0x00,0x00,0x10,0xb5,0x00,0x00,0x10,0xb5,0x00,0x00,0x10,0xb6,
  0x00,0x00,0x10,0xb8,0x00,0x00,0x10,0xb9,0x00,0x00,0x10,0xba,0x00,0x00,0x10,0xba,
  0x00,0x00,0x10,0xbb,0x00,0x00,0x10,0xbd,0x00,0x00,0x10,0xbe,0x00,0x00,0x10,0xbf,
  0x00,0x00,0x10,0xbf,0x00,0x00,0x10,0xc0,0x00,0x00,0x10,0xc2,0x00,0x00,0x10,0xc3,
  0x00,0x00,0x10,0xc4,0x00,0x00,0x10,0xc4,0x00,0x00,0x10,0xc5,0x00,0x00,0x10,0xc7,
  0x00,0x00,0x10,0xc8,0x00,0x00,0x10,0xc9,0x00,0x00,0x10,0xc9,0x00,0x00,0x10,0xca,
  0x00,0x00,0x10,0xcc,0x00,0x00,0x10,0xce,0x00,0x00,0x10,0xcf,0x00,0x00,0x10,0xd2,
  0x00,0x00,0x10,0xd3,0x00,0x00,0x10,0xd6,0x00,0x00,0x10,0xd8,0x00,0x00,0x10,0xd9,
  0x00,0x00,0x10,0xdc,0x00,0x00,0x10,0xdd,0x00,0x00,0x10,0xe0,0x00,0x00,0x10,0xe2,
  0x00,0x00,0x10,0xe3,0x00,0x00,0x10,0xe6,0x00,0x00,0x10,0xe7,0x00,0x00,0x10,0xea,
  0x00,0x00,0x10,0xec,0x00,0x00,0x10,0xed,0x00,0x00,0x10,0xf0,0x00,0x00,0x10,0xf1,
  0x00,0x00,0x10,0xf4,0x00,0x00,0x10,0xf6,0x00,0x00,0x10,0xf7,0x00,0x00,0x10,0xfa,
  0x00,0x00,0x10,0xfb,0x00,0x00,0x10,0xfe,0x00,0x00,0x11,0x00,0x00,0x00,0x11,0x01,
  0x00,0x00,0x11,0x04,0x00,0x00,0x11,0x05,0x00,0x00,0x11,0x08,0x00,0x00,0x11,0x0a,
  0x00,0x00,0x11,0x0b,0x00,0x00,0x11,0x0e,0x00,0x00,0x11,0x0f,0x00,0x00,0x11,0x12,
  0x00,0x00,0x11,0x14,0x00,0x00,0x11,0x15,0x00,0x00,0x11,0x18,0x00,0x00,0x11,0x19,
  0x00,0x00,0x11,0x1c,0x00,0x00,0x11,0x1e,0x00,0x00,0x11,0x1f,0x00,0x00,0x11,0x22,
  0x00,0x00,0x11,0x23,0x00,0x00,0x11,0x26,0x00,0x00,0x11,0x28,0x00,0x00,0x11,0x29,
  0x00,0x00,0x11,0x2c,0x00,0x00,0x11,0x2d,0x00,0x00,0x11,0x30,0x00,0x00,0x11,0x32,
  0x00,0x00,0x11,0x33,0x00,0x00,0x11,0x36,0x00,0x00,0x11,0x37,0x00,0x00,0x11,0x3a,
  0x00,0x00,0x11,0x3c,0x00,0x00,0x11,0x3d,0x00,0x00,0x11,0x40,0x00,0x00,0x11,0x41,
  0x00,0x00,0x11,0x44,0x00,0x00,0x11,0x46,0x00,0x00,0x11,0x47,0x00,0x00,0x11,0x4a,
  0x00,0x00,0x11,0x4b,0x00,0x00,0x11,0x4e,0x00,0x00,0x11,0x50,0x00,0x00,0x11,0x51,
  0x00,0x00,0x11,0x54,0x00,0x00,0x11,0x55,0x00,0x00,0x11,0x58,0x00,0x00,0x11,0x5a,
  0x00,0x00,0x11,0x5b,0x00,0x00,0x11,0x5e,0x00,0x00,0x11,0x5f,0x00,0x00,0x11,0x62,
  0x00,0x00,0x11,0x64,0x00,0x00,0x11,0x65,0x00,0x00,0x11,0x68,0x00,0x00,0x11,0x69,
  0x00,0x00,0x11,0x6c,0x00,0x00,0x11,0x6e,0x00,0x00,0x11,0x6f,0x00,0x00,0x11,0x72,
  0x00,0x00,0x11,0x73,0x00,0x00,0x11,0x76,0x00,0x00,0x11,0x78,0x00,0x00,0x11,0x79,
  0x00,0x00,0x11,0x7c,0x00,0x00,0x11,0x7d,0x00,0x00,0x11,0x80,0x00,0x00,0x11,0x82,
  0x00,0x00,0x11,0x83,0x00,0x00,0x11,0x86,0x00,0x00,0x11,0x87,0x00,0x00,0x11,0x8a,
  0x00,0x00,0x11,0x8c,0x00,0x00,0x11,0x8d,0x00,0x00,0x11,0x90,0x00,0x00,0x11,0x91,
  0x00,0x00,0x11,0x94,0x00,0x00,0x11,0x96,0x00,0x00,0x11,0x97,0x00,0x00,0x11,0x9a,
  0x00,0x00,0x11,0x9b,0x00,0x00,0x11,0x9e,0x00,0x00,0x11,0xa0,0x00,0x00,0x11,0xa1,
  0x00,0x00,0x11,0xa4,0x00,0x00,0x11,0xa5,0x00,0x00,0x11,0xa8,0x00,0x00,0x11,0xaa,
  0x00,0x00,0x11,0xab,0x00,0x00,0x11,0xae,0x00,0x00,0x11,0xaf,0x00,0x00,0x11,0xb2,
  0x00,0x00,0x11,0xb4,0x00,0x00,0x11,0xb5,0x00,0x00,0x11,0xb8,0x00,0x00,0x11,0xb9,
  0x00,0x00,0x11,0xbc,0x00,0x00,0x11,0xbe,0x00,0x00,0x11,0xbf,0x00,0x00,0x11,0xc2,
  0x00,0x00,0x11,0xc3,0x00,0x00,0x11,0xc6,0x00,0x00,0x11,0xc8,0x00,0x00,0x11,0xc9,
  0x00,0x00,0x11,0xcc,0x00,0x00,0x11,0xcd,0x00,0x00,0x11,0xd0,0x00,0x00,0x11,0xd2,
  0x00,0x00,0x11,0xd3,0x00,0x00,0x11,0xd6,0x00,0x00,0x11,0xd7,0x00,0x00,0x11,0xda,
  0x00,0x00,0x11,0xdc,0x00,0x00,0x11,0xdd,0x00,0x00,0x11,0xe0,0x00,0x00,0x11,0xe1,
  0x00,0x00,0x11,0xe4,0x00,0x00,0x11,0xe6,0x00,0x00,0x11,0xe7,0x00,0x00,0x11,0xea,
  0x00,0x00,0x11,0xeb,0x00,0x00,0x11,0xee,0x00,0x00,0x11,0xf0,0x00,0x00,0x11,0xf1,
  0x00,0x00,0x11,0xf4,0x00,0x00,0x11,0xf5,0x00,0x00,0x11,0xf8,0x00,0x00,0x11,0xfa,
  0x00,0x00,0x11,0xfb,0x00,0x00,0x11,0xfe,0x00,0x00,0x11,0xff,0x00,0x00,0x12,0x02,
  0x00,0x00,0x12,0x04,0x00,0x00,0x12,0x05,0x00,0x00,0x12,0x08,0x00,0x00,0x12,0x09,
  0x00,0x00,0x12,0x0c,0x00,0x00,0x12,0x0e,0x00,0x00,0x12,0x0f,0x00,0x00,0x12,0x12,
  0x00,0x00,0x12,0x13,0x00,0x00,0x12,0x16,0x00,0x00,0x12,0x18,0x00,0x00,0x12,0x19,
  0x00,0x00,0x12,0x1c,0x00,0x00,0x12,0x1d,0x00,0x00,0x12,0x20,0x00,0x00,0x12,0x22,
  0x00,0x00,0x12,0x23,0x00,0x00,0x12,0x26,0x00,0x00,0x12,0x27,0x00,0x00,0x12,0x2a,
  0x00,0x00,0x12,0x2c,0x00,0x00,0x12,0x2d,0x00,0x00,0x12,0x30,0x00,0x00,0x12,0x31,
  0x00,0x00,0x12,0x34,0x00,0x00,0x12,0x36,0x00,0x00,0x12,0x37,0x00,0x00,0x12,0x3a,
  0x00,0x00,0x12,0x3b,0x00,0x00,0x12,0x3e,0x00,0x00,0x12,0x40,0x00,0x00,0x12,0x41,
  0x00,0x00,0x12,0x44,0x00,0x00,0x12,0x45,0x00,0x00,0x12,0x49,0x00,0x00,0x12,0x4b,
  0x00,0x00,0x12,0x4f,0x00,0x00,0x12,0x52,0x00,0x00,0x12,0x54,0x00,0x00,0x12,0x58,
  0x00,0x00,0x12,0x5a,0x00,0x00,0x12,0x5e,0x00,0x00,0x12,0x61,0x00,0x00,0x12,0x63,
  0x00,0x00,0x12,0x67,0x00,0x00,0x12,0x69,0x00,0x00,0x12,0x6d,0x00,0x00,0x12,0x70,
  0x00,0x00,0x12,0x72,0x00,0x00,0x12,0x76,0x00,0x00,0x12,0x78,0x00,0x00,0x12,0x7c,
  0x00,0x00,0x12,0x7f,0x00,0x00,0x12,0x81,0x00,0x00,0x12,0x85,0x00,0x00,0x12,0x87,
  0x00,0x00,0x12,0x8b,0x00,0x00,0x12,0x8e,0x00,0x00,0x12,0x90,0x00,0x00,0x12,0x94,
  0x00,0x00,0x12,0x96,0x00,0x00,0x12,0x9a,0x00,0x00,0x12,0x9d,0x00,0x00,0x12,0x9f,
  0x00,0x00,0x12,0xa3,0x00,0x00,0x12,0xa5,0x00,0x00,0x12,0xa9,0x00,0x00,0x12,0xac,
  0x00,0x00,0x12,0xae,0x00,0x00,0x12,0xb2,0x00,0x00,0x12,0xb4,0x00,0x00,0x12,0xb8,
  0x00,0x00,0x12,0xbb,0x00,0x00,0x12,0xbd,0x00,0x00,0x12,0xc1,0x00,0x00,0x12,0xc3,
  0x00,0x00,0x12,0xc7,0x00,0x00,0x12,0xca,0x00,0x00,0x12,0xcc,0x00,0x00,0x12,0xd0,
  0x00,0x00,0x12,0xd2,0x00,0x00,0x12,0xd6,0x00,0x00,0x12,0xd9,0x00,0x00,0x12,0xdb,
  0x00,0x00,0x12,0xdf,0x00,0x00,0x12,0xe1,0x00,0x00,0x12,0xe5,0x00,0x00,0x12,0xe8,
  0x00,0x00,0x12,0xea,0x00,0x00,0x12,0xee,0x00,0x00,0x12,0xf0,0x00,0x00,0x12,0xf4,
  0x00,0x00,0x12,0xf7,0x00,0x00,0x12,0xf9,0x00,0x00,0x12,0xfd,0x00,0x00,0x12,0xff,
  0x00,0x00,0x13,0x03,0x00,0x00,0x13,0x06,0x00,0x00,0x13,0x08,0x00,0x00,0x13,0x0c,
  0x00,0x00,0x13,0x0e,0x00,0x00,0x13,0x12,0x00,0x00,0x13,0x15,0x00,0x00,0x13,0x17,
  0x00,0x00,0x13,0x1b,0x00,0x00,0x13,0x1d,0x00,0x00,0x13,0x21,0x00,0x00,0x13,0x24,
  0x00,0x00,0x13,0x26,0x00,0x00,0x13,0x2a,0x00,0x00,0x13,0x2c,0x00,0x00,0x13,0x30,
  0x00,0x00,0x13,0x33,0x00,0x00,0x13,0x35,0x00,0x00,0x13,0x39,0x00,0x00,0x13,0x3b,
  0x00,0x00,0x13,0x3f,0x00,0x00,0x13,0x42,0x00,0x00,0x13,0x44,0x00,0x00,0x13,0x48,
  0x00,0x00,0x13,0x4a,0x00,0x00,0x13,0x4e,0x00,0x00,0x13,0x51,0x00,0x00,0x13,0x53,
  0x00,0x00,0x13,0x57,0x00,0x00,0x13,0x5b,0x00,0x00,0x13,0x5e,0x00,0x00,0x13,0x62,
  0x00,0x00,0x13,0x67,0x00,0x00,0x13,0x6b,0x00,0x00,0x13,0x6f,0x00,0x00,0x13,0x72,
  0x00,0x00,0x13,0x76,0x00,0x00,0x13,0x7b,0x00,0x00,0x13,0x7f,0x00,0x00,0x13,0x83,
  0x00,0x00,0x13,0x86,0x00,0x00,0x13,0x8a,0x00,0x00,0x13,0x8f,0x00,0x00,0x13,0x93,
  0x00,0x00,0x13,0x97,0x00,0x00,0x13,0x9a,0x00,0x00,0x13,0x9e,0x00,0x00,0x13,0xa3,
  0x00,0x00,0x13,0xa7,0x00,0x00,0x13,0xab,0x00,0x00,0x13,0xae,0x00,0x00,0x13,0xb2,
  0x00,0x00,0x13,0xb7,0x00,0x00,0x13,0xbb,0x00,0x00,0x13,0xbf,0x00,0x00,0x13,0xc2,
  0x00,0x00,0x13,0xc6,0x00,0x00,0x13,0xcb,0x00,0x00,0x13,0xcf,0x00,0x00,0x13,0xd3,
  0x00,0x00,0x13,0xd6,0x00,0x00,0x13,0xda,0x00,0x00,0x13,0xdf,0x00,0x00,0x13,0xe3,
  0x00,0x00,0x13,0xe7,0x00,0x00,0x13,0xea,0x00,0x00,0x13,0xee,0x00,0x00,0x13,0xf3,
  0x00,0x00,0x13,0xf7,0x00,0x00,0x13,0xfb,0x00,0x00,0x13,0xfe,0x00,0x00,0x14,0x02,
  0x00,0x00,0x14,0x07,0x00,0x00,0x14,0x0b,0x00,0x00,0x14,0x0e,0x00,0x00,0x14,0x12,
  0x00,0x00,0x14,0x16,0x00,0x00,0x14,0x1b,0x00,0x00,0x14,0x1f,0x00,0x00,0x14,0x22,
  0x00,0x00,0x14,0x26,0x00,0x00,0x14,0x2a,0x00,0x00,0x14,0x2f,0x00,0x00,0x14,0x33,
  0x00,0x00,0x14,0x36,0x00,0x00,0x14,0x3a,0x00,0x00,0x14,0x3e,0x00,0x00,0x14,0x43,
  0x00,0x00,0x14,0x48,0x00,0x00,0x14,0x4d,0x00,0x00,0x14,0x52,0x00,0x00,0x14,0x57,
  0x00,0x00,0x14,0x5c,0x00,0x00,0x14,0x61,0x00,0x00,0x14,0x66,0x00,0x00,0x14,0x6b,
  0x00,0x00,0x14,0x70,0x00,0x00,0x14,0x75,0x00,0x00,0x14,0x7a,0x00,0x00,0x14,0x7f,
  0x00,0x00,0x14,0x84,0x00,0x00,0x14,0x89,0x00,0x00,0x14,0x8e,0x00,0x00,0x14,0x93,
  0x00,0x00,0x14,0x98,0x00,0x00,0x14,0x9d,0x00,0x00,0x14,0xa2,0x00,0x00,0x14,0xa7,
  0x00,0x00,0x14,0xac,0x00,0x00,0x14,0xb1,0x00,0x00,0x14,0xb6,0x00,0x00,0x14,0xbb,
  0x00,0x00,0x14,0xc0,0x00,0x00,0x14,0xc5,0x00,0x00,0x14,0xca,0x00,0x00,0x14,0xcf,
  0x00,0x00,0x14,0xd4,0x00,0x00,0x14,0xd9,0x00,0x00,0x14,0xde,0x00,0x00,0x14,0xe3,
  0x00,0x00,0x14,0xe8,0x00,0x00,0x14,0xed,0x00,0x00,0x14,0xf2,0x00,0x00,0x14,0xf7,
  0x00,0x00,0x14,0xfc,0x00,0x00,0x15,0x01,0x00,0x00,0x15,0x06,0x00,0x00,0x15,0x0b,
  0x00,0x00,0x15,0x10,0x00,0x00,0x15,0x16,0x00,0x00,0x15,0x1c,0x00,0x00,0x15,0x23,
  0x00,0x00,0x15,0x29,0x00,0x00,0x15,0x2e,0x00,0x00,0x15,0x34,0x00,0x00,0x15,0x3a,
  0x00,0x00,0x15,0x41,0x00,0x00,0x15,0x47,0x00,0x00,0x15,0x4c,0x00,0x00,0x15,0x52,
  0x00,0x00,0x15,0x58,0x00,0x00,0x15,0x5f,0x00,0x00,0x15,0x65,0x00,0x00,0x15,0x6a,
  0x00,0x00,0x15,0x70,0x00,0x00,0x15,0x76,0x00,0x00,0x15,0x7d,0x00,0x00,0x15,0x83,
  0x00,0x00,0x15,0x88,0x00,0x00,0x15,0x8e,0x00,0x00,0x15,0x94,0x00,0x00,0x15,0x9b,
  0x00,0x00,0x15,0xa1,0x00,0x00,0x15,0xa6,0x00,0x00,0x15,0xac,0x00,0x00,0x15,0xb2,
  0x00,0x00,0x15,0xb9,0x00,0x00,0x15,0xbf,0x00,0x00,0x15,0xc4,0x00,0x00,0x15,0xcb,
  0x00,0x00,0x15,0xd3,0x00,0x00,0x15,0xd9,0x00,0x00,0x15,0xe1,0x00,0x00,0x15,0xe7,
  0x00,0x00,0x15,0xee,0x00,0x00,0x15,0xf6,0x00,0x00,0x15,0xfc,0x00,0x00,0x16,0x04,
  0x00,0x00,0x16,0x0a,0x00,0x00,0x16,0x11,0x00,0x00,0x16,0x19,0x00,0x00,0x16,0x1f,
  0x00,0x00,0x16,0x27,0x00,0x00,0x16,0x2d,0x00,0x00,0x16,0x34,0x00,0x00,0x16,0x3c,
  0x00,0x00,0x16,0x42,0x00,0x00,0x16,0x4a,0x00,0x00,0x16,0x50,0x00,0x00,0x16,0x57,
  0x00,0x00,0x16,0x5f,0x00,0x00,0x16,0x65,0x00,0x00,0x16,0x6e,0x00,0x00,0x16,0x75,
  0x00,0x00,0x16,0x7d,0x00,0x00,0x16,0x86,0x00,0x00,0x16,0x8d,0x00,0x00,0x16,0x96,
  0x00,0x00,0x16,0x9d,0x00,0x00,0x16,0xa5,0x00,0x00,0x16,0xae,0x00,0x00,0x16,0xb5,
  0x00,0x00,0x16,0xbe,0x00,0x00,0x16,0xc5,0x00,0x00,0x16,0xcd,0x00,0x00,0x16,0xd6,
  0x00,0x00,0x16,0xdd,0x00,0x00,0x16,0xe6,0x00,0x00,0x16,0xed,0x00,0x00,0x16,0xf5,
  0x00,0x00,0x16,0xfe,0x00,0x00,0x17,0x05,0x00,0x00,0x17,0x0e,0x00,0x00,0x17,0x18,
  0x00,0x00,0x17,0x21,0x00,0x00,0x17,0x29,0x00,0x00,0x17,0x32,0x00,0x00,0x17,0x3b,
  0x00,0x00,0x17,0x45,0x00,0x00,0x17,0x4e,0x00,0x00,0x17,0x56,0x00,0x00,0x17,0x5f,
  0x00,0x00,0x17,0x68,0x00,0x00,0x17,0x72,0x00,0x00,0x17,0x7b,0x00,0x00,0x17,0x83,
  0x00,0x00,0x17,0x8c,0x00,0x00,0x17,0x95,0x00,0x00,0x17,0x9f,0x00,0x00,0x17,0xa9,
  0x00,0x00,0x17,0xb3,0x00,0x00,0x17,0xbd,0x00,0x00,0x17,0xc7,0x00,0x00,0x17,0xd1,
  0x00,0x00,0x17,0xdb,0x00,0x00,0x17,0xe5,0x00,0x00,0x17,0xef,0x00,0x00,0x17,0xf9,
  0x00,0x00,0x18,0x03,0x00,0x00,0x18,0x0d,0x00,0x00,0x18,0x17,0x00,0x00,0x18,0x22,
  0x00,0x00,0x18,0x2d,0x00,0x00,0x18,0x39,0x00,0x00,0x18,0x44,0x00,0x00,0x18,0x4e,
  0x00,0x00,0x18,0x59,0x00,0x00,0x18,0x64,0x00,0x00,0x18,0x70,0x00,0x00,0x18,0x7b,
  0x00,0x00,0x18,0x85,0x00,0x00,0x18,0x90,0x00,0x00,0x18,0x9b,0x00,0x00,0x18,0xa8,
  0x00,0x00,0x18,0xb3,0x00,0x00,0x18,0xc0,0x00,0x00,0x18,0xcb,0x00,0x00,0x18,0xd7,
  0x00,0x00,0x18,0xe4,0x00,0x00,0x18,0xef,0x00,0x00,0x18,0xfc,0x00,0x00,0x19,0x07,
  0x00,0x00,0x19,0x13,0x00,0x00,0x19,0x20,0x00,0x00,0x19,0x2e,0x00,0x00,0x19,0x3a,
  0x00,0x00,0x19,0x48,0x00,0x00,0x19,0x54,0x00,0x00,0x19,0x61,0x00,0x00,0x19,0x6f,
  0x00,0x00,0x19,0x7b,0x00,0x00,0x19,0x89,0x00,0x00,0x19,0x97,0x00,0x00,0x19,0xa4,
  0x00,0x00,0x19,0xb2,0x00,0x00,0x19,0xc0,0x00,0x00,0x19,0xcf,0x00,0x00,0x19,0xdd,
  0x00,0x00,0x19,0xea,0x00,0x00,0x19,0xf8,0x00,0x00,0x1a,0x07,0x00,0x00,0x1a,0x16,
  0x00,0x00,0x1a,0x25,0x00,0x00,0x1a,0x34,0x00,0x00,0x1a,0x43,0x00,0x00,0x1a,0x52,
  0x00,0x00,0x1a,0x61,0x00,0x00,0x1a,0x71,0x00,0x00,0x1a,0x82,0x00,0x00,0x1a,0x92,
  0x00,0x00,0x1a,0xa1,0x00,0x00,0x1a,0xb1,0x00,0x00,0x1a,0xc1,0x00,0x00,0x1a,0xd3,
  0x00,0x00,0x1a,0xe3,0x00,0x00,0x1a,0xf5,0x00,0x00,0x1b,0x05,0x00,0x00,0x1b,0x16,
  0x00,0x00,0x1b,0x28,0x00,0x00,0x1b,0x39,0x00,0x00,0x1b,0x4b,0x00,0x00,0x1b,0x5e,
  0x00,0x00,0x1b,0x6f,0x00,0x00,0x1b,0x84,0x00,0x00,0x1b,0x99,0x00,0x00,0x1b,0xae,
  0x00,0x00,0x1b,0xc3,0x00,0x00,0x1b,0xd8,0x00,0x00,0x1b,0xed,0x00,0x00,0x1c,0x02,
  0x00,0x00,0x1c,0x18,0x00,0x00,0x1c,0x2d,0x00,0x00,0x1c,0x43,0x00,0x00,0x1c,0x59,
  0x00,0x00,0x1c,0x6f,0x00,0x00,0x1c,0x85,0x00,0x00,0x1c,0x9b,0x00,0x00,0x1c,0xb1,
  0x00,0x00,0x1c,0xc8,0x00,0x00,0x1c,0xdf,0x00,0x00,0x1c,0xf5,0x00,0x00,0x1d,0x0c,
  0x00,0x00,0x1d,0x23,0x00,0x00,0x1d,0x3b,0x00,0x00,0x1d,0x52,0x00,0x00,0x1d,0x6a,
  0x00,0x00,0x1d,0x81,0x00,0x00,0x1d,0x99,0x00,0x00,0x1d,0xb1,0x00,0x00,0x1d,0xc9,
  0x00,0x00,0x1d,0xe1,0x00,0x00,0x1d,0xfa,0x00,0x00,0x1e,0x12,0x00,0x00,0x1e,0x2b,
  0x00,0x00,0x1e,0x44,0x00,0x00,0x1e,0x5d,0x00,0x00,0x1e,0x76,0x00,0x00,0x1e,0x90,
  0x00,0x00,0x1e,0xa9,0x00,0x00,0x1e,0xc3,0x00,0x00,0x1e,0xdd,0x00,0x00,0x1e,0xf7,
  0x00,0x00,0x1f,0x11,0x00,0x00,0x1f,0x2b,0x00,0x00,0x1f,0x46,0x00,0x00,0x1f,0x61,
  0x00,0x00,0x1f,0x7c,0x00,0x00,0x1f,0x97,0x00,0x00,0x1f,0xb2,0x00,0x00,0x1f,0xce,
  0x00,0x00,0x1f,0xe9,0x00,0x00,0x20,0x05,0x00,0x00,0x20,0x21,0x00,0x00,0x20,0x3e,
  0x00,0x00,0x20,0x5a,0x00,0x00,0x20,0x77,0x00,0x00,0x20,0x93,0x00,0x00,0x20,0xb0,
  0x00,0x00,0x20,0xce,0x00,0x00,0x20,0xeb,0x00,0x00,0x21,0x09,0x00,0x00,0x21,0x27,
  0x00,0x00,0x21,0x45,0x00,0x00,0x21,0x63,0x00,0x00,0x21,0x82,0x00,0x00,0x21,0xa0,
  0x00,0x00,0x21,0xbf,0x00,0x00,0x21,0xde,0x00,0x00,0x21,0xfe,0x00,0x00,0x22,0x1d,
  0x00,0x00,0x22,0x3d,0x00,0x00,0x22,0x5d,0x00,0x00,0x22,0x7e,0x00,0x00,0x22,0x9e,
  0x00,0x00,0x22,0xbf,0x00,0x00,0x22,0xe0,0x00,0x00,0x23,0x01,0x00,0x00,0x23,0x23,
  0x00,0x00,0x23,0x45,0x00,0x00,0x23,0x67,0x00,0x00,0x23,0x89,0x00,0x00,0x23,0xac,
  0x00,0x00,0x23,0xce,0x00,0x00,0x23,0xf1,0x00,0x00,0x24,0x15,0x00,0x00,0x24,0x38,
  0x00,0x00,0x24,0x5c,0x00,0x00,0x24,0x81,0x00,0x00,0x24,0xa5,0x00,0x00,0x24,0xca,
  0x00,0x00,0x24,0xef,0x00,0x00,0x25,0x14,0x00,0x00,0x25,0x3a,0x00,0x00,0x25,0x60,
  0x00,0x00,0x25,0x86,0x00,0x00,0x25,0xac,0x00,0x00,0x25,0xd3,0x00,0x00,0x25,0xfa,
  0x00,0x00,0x26,0x22,0x00,0x00,0x26,0x4a,0x00,0x00,0x26,0x72,0x00,0x00,0x26,0x9a,
  0x00,0x00,0x26,0xc3,0x00,0x00,0x26,0xec,0x00,0x00,0x27,0x16,0x00,0x00,0x27,0x40,
  0x00,0x00,0x27,0x6a,0x00,0x00,0x27,0x94,0x00,0x00,0x27,0xbf,0x00,0x00,0x27,0xea,
  0x00,0x00,0x28,0x16,0x00,0x00,0x28,0x42,0x00,0x00,0x28,0x6f,0x00,0x00,0x28,0x9b,
  0x00,0x00,0x28,0xc8,0x00,0x00,0x28,0xf6,0x00,0x00,0x29,0x24,0x00,0x00,0x29,0x52,
  0x00,0x00,0x29,0x81,0x00,0x00,0x29,0xb0,0x00,0x00,0x29,0xe0,0x00,0x00,0x2a,0x10,
  0x00,0x00,0x2a,0x40,0x00,0x00,0x2a,0x71,0x00,0x00,0x2a,0xa2,0x00,0x00,0x2a,0xd4,
  0x00,0x00,0x2b,0x07,0x00,0x00,0x2b,0x39,0x00,0x00,0x2b,0x6c,0x00,0x00,0x2b,0xa0,
  0x00,0x00,0x2b,0xd4,0x00,0x00,0x2c,0x09,0x00,0x00,0x2c,0x3e,0x00,0x00,0x2c,0x74,
  0x00,0x00,0x2c,0xaa,0x00,0x00,0x2c,0xe0,0x00,0x00,0x2d,0x17,0x00,0x00,0x2d,0x4f,
  0x00,0x00,0x2d,0x87,0x00,0x00,0x2d,0xc0,0x00,0x00,0x2d,0xfa,0x00,0x00,0x2e,0x34,
  0x00,0x00,0x2e,0x6e,0x00,0x00,0x2e,0xa9,0x00,0x00,0x2e,0xe5,0x00,0x00,0x2f,0x21,
  0x00,0x00,0x2f,0x5e,0x00,0x00,0x2f,0x9b,0x00,0x00,0x2f,0xd9,0x00,0x00,0x30,0x18,
  0x00,0x00,0x30,0x58,0x00,0x00,0x30,0x98,0x00,0x00,0x30,0xd8,0x00,0x00,0x31,0x1a,
  0x00,0x00,0x31,0x5c,0x00,0x00,0x31,0x9f,0x00,0x00,0x31,0xe2,0x00,0x00,0x32,0x26,
  0x00,0x00,0x32,0x6b,0x00,0x00,0x32,0xb1,0x00,0x00,0x32,0xf7,0x00,0x00,0x33,0x3f,
  0x00,0x00,0x33,0x87,0x00,0x00,0x33,0xcf,0x00,0x00,0x34,0x19,0x00,0x00,0x34,0x63,
  0x00,0x00,0x34,0xaf,0x00,0x00,0x34,0xfb,0x00,0x00,0x35,0x48,0x00,0x00,0x35,0x95,
  0x00,0x00,0x35,0xe4,0x00,0x00,0x36,0x34,0x00,0x00,0x36,0x84,0x00,0x00,0x36,0xd6,
  0x00,0x00,0x37,0x28,0x00,0x00,0x37,0x7c,0x00,0x00,0x37,0xd0,0x00,0x00,0x38,0x26,
  0x00,0x00,0x38,0x7c,0x00,0x00,0x38,0xd4,0x00,0x00,0x39,0x2c,0x00,0x00,0x39,0x86,
  0x00,0x00,0x39,0xe1,0x00,0x00,0x3a,0x3d,0x00,0x00,0x3a,0x9a,0x00,0x00,0x3a,0xf8,
  0x00,0x00,0x3b,0x57,0x00,0x00,0x3b,0xb8,0x00,0x00,0x3c,0x1a,0x00,0x00,0x3c,0x7d,
  0x00,0x00,0x3c,0xe1,0x00,0x00,0x3d,0x47,0x00,0x00,0x3d,0xae,0x00,0x00,0x3e,0x16,
  0x00,0x00,0x3e,0x80,0x00,0x00,0x3e,0xeb,0x00,0x00,0x3f,0x58,0x00,0x00,0x3f,0xc6,
  0x00,0x00,0x40,0x36,0x00,0x00,0x40,0xa7,0x00,0x00,0x41,0x1a,0x00,0x00,0x41,0x8e,
  0x00,0x00,0x42,0x04,0x00,0x00,0x42,0x7c,0x00,0x00,0x42,0xf5,0x00,0x00,0x43,0x70,
  0x00,0x00,0x43,0xed,0x00,0x00,0x44,0x6c,0x00,0x00,0x44,0xed,0x00,0x00,0x45,0x6f,
  0x00,0x00,0x45,0xf3,0x00,0x00,0x46,0x7a,0x00,0x00,0x47,0x02,0x00,0x00,0x47,0x8d,
  0x00,0x00,0x48,0x1a,0x00,0x00,0x48,0xa8,0x00,0x00,0x49,0x39,0x00,0x00,0x49,0xcd,
  0x00,0x00,0x4a,0x62,0x00,0x00,0x4a,0xfa,0x00,0x00,0x4b,0x95,0x00,0x00,0x4c,0x32,
  0x00,0x00,0x4c,0xd2,0x00,0x00,0x4d,0x74,0x00,0x00,0x4e,0x19,0x00,0x00,0x4e,0xc0,
  0x00,0x00,0x4f,0x6b,0x00,0x00,0x50,0x18,0x00,0x00,0x50,0xc9,0x00,0x00,0x51,0x7c,
  0x00,0x00,0x52,0x33,0x00,0x00,0x52,0xed,0x00,0x00,0x53,0xaa,0x00,0x00,0x54,0x6a,
  0x00,0x00,0x55,0x2e,0x00,0x00,0x55,0xf6,0x00,0x00,0x56,0xc1,0x00,0x00,0x57,0x90,
  0x00,0x00,0x58,0x64,0x00,0x00,0x59,0x3b,0x00,0x00,0x5a,0x16,0x00,0x00,0x5a,0xf5,
  0x00,0x00,0x5b,0xd9,0x00,0x00,0x5c,0xc1,0x00,0x00,0x5d,0xae,0x00,0x00,0x5e,0xa0,
  0x00,0x00,0x5f,0x96,0x00,0x00,0x60,0x92,0x00,0x00,0x61,0x93,0x00,0x00,0x62,0x99,
  0x00,0x00,0x63,0xa5,0x00,0x00,0x64,0xb7,0x00,0x00,0x65,0xce,0x00,0x00,0x66,0xec,
  0x00,0x00,0x68,0x10,0x00,0x00,0x69,0x3a,0x00,0x00,0x6a,0x6c,0x00,0x00,0x6b,0xa4,
  0x00,0x00,0x6c,0xe4,0x00,0x00,0x6e,0x2b,0x00,0x00,0x6f,0x79,0x00,0x00,0x70,0xd0,
  0x00,0x00,0x72,0x30,0x00,0x00,0x73,0x97,0x00,0x00,0x75,0x08,0x00,0x00,0x76,0x82,
  0x00,0x00,0x78,0x06,0x00,0x00,0x79,0x94,0x00,0x00,0x7b,0x2c,0x00,0x00,0x7c,0xcf,
  0x00,0x00,0x7e,0x7e,0x00,0x00,0x80,0x38,0x00,0x00,0x81,0xfe,0x00,0x00,0x83,0xd2,
  0x00,0x00,0x85,0xb2,0x00,0x00,0x87,0xa1,0x00,0x00,0x89,0x9d,0x00,0x00,0x8b,0xa9,
  0x00,0x00,0x8d,0xc5,0x00,0x00,0x8f,0xf2,0x00,0x00,0x92,0x2f,0x00,0x00,0x94,0x7f,
  0x00,0x00,0x96,0xe2,0x00,0x00,0x99,0x59,0x00,0x00,0x9b,0xe4,0x00,0x00,0x9e,0x86,
  0x00,0x00,0xa1,0x3f,0x00,0x00,0xa4,0x10,0x00,0x00,0xa6,0xfb,0x00,0x00,0xaa,0x01,
  0x00,0x00,0xad,0x24,0x00,0x00,0xb0,0x64,0x00,0x00,0xb3,0xc5,0x00,0x00,0xb7,0x47,
  0x00,0x00,0xba,0xed,0x00,0x00,0xbe,0xb9,0x00,0x00,0xc2,0xad,0x00,0x00,0xc6,0xcd,
  0x00,0x00,0xcb,0x19,0x00,0x00,0xcf,0x97,0x00,0x00,0xd4,0x48,0x00,0x00,0xd9,0x31,
  0x00,0x00,0xde,0x56,0x00,0x00,0xe3,0xba,0x00,0x00,0xe9,0x63,0x00,0x00,0xef,0x56,
  0x00,0x00,0xf5,0x99,0x00,0x00,0xfc,0x31,0x00,0x01,0x03,0x27,0x00,0x01,0x0a,0x82,
  0x00,0x01,0x12,0x4b,0x00,0x01,0x1a,0x8c,0x00,0x01,0x23,0x50,0x00,0x01,0x2c,0xa4,
  0x00,0x01,0x36,0x96,0x00,0x01,0x41,0x35,0x00,0x01,0x4c,0x96,0x00,0x01,0x58,0xcc,
  0x00,0x01,0x65,0xf1,0x00,0x01,0x74,0x21,0x00,0x01,0x83,0x7c,0x00,0x01,0x94,0x29,
  0x00,0x01,0xa6,0x57,0x00,0x01,0xba,0x3b,0x00,0x01,0xd0,0x16,0x00,0x01,0xe8,0x38,
  0x00,0x02,0x02,0xfe,0x00,0x02,0x20,0xe1,0x00,0x02,0x42,0x71,0x00,0x02,0x68,0x6a,
  0x00,0x02,0x93,0xb9,0x00,0x02,0xc5,0x94,0x00,0x02,0xff,0x95,0x00,0x03,0x43,0xea,
  0x00,0x03,0x95,0x9a,0x80,0x03,0xf8,0xfb,
};

static const unsigned char SLOPE_300[10040] = {
  0x00,0x92,0xb8,0x18,0x00,0x03,0xf8,0xfb,0x00,0x03,0x95,0x9a,0x00,0x03,0x43,0xea,
  0x00,0x02,0xff,0x95,0x00,0x02,0xc5,0x94,0x00,0x02,0x93,0xb9,0x00,0x02,0x68,0x6a,
  0x00,0x02,0x42,0x71,0x00,0x02,0x20,0xe1,0x00,0x02,0x02,0xfe,0x00,0x01,0xe8,0x38,
  0x00,0x01,0xd0,0x16,0x00,0x01,0xba,0x3b,0x00,0x01,0xa6,0x57,0x00,0x01,0x94,0x29,
  0x00,0x01,0x83,0x7c,0x00,0x01,0x74,0x21,0x00,0x01,0x65,0xf1,0x00,0x01,0x58,0xcc,
  0x00,0x01,0x4c,0x96,0x00,0x01,0x41,0x35,0x00,0x01,0x36,0x96,0x00,0x01,0x2c,0xa4,
  0x00,0x01,0x23,0x50,0x00,0x01,0x1a,0x8c,0x00,0x01,0x12,0x4b,0x00,0x01,0x0a,0x82,
  0x00,0x01,0x03,0x27,0x00,0x00,0xfc,0x31,0x00,0x00,0xf5,0x99,0x00,0x00,0xef,0x56,
  0x00,0x00,0xe9,0x63,0x00,0x00,0xe3,0xba,0x00,0x00,0xde,0x56,0x00,0x00,0xd9,0x31,
  0x00,0x00,0xd4,0x48,0x00,0x00,0xcf,0x97,0x00,0x00,0xcb,0x19,0x00,0x00,0xc6,0xcd,
  0x00,0x00,0xc2,0xad,0x00,0x00,0xbe,0xb9,0x00,0x00,0xba,0xed,0x00,0x00,0xb7,0x47,
  0x00,0x00,0xb3,0xc5,0x00,0x00,0xb0,0x64,0x00,0x00,0xad,0x24,0x00,0x00,0xaa,0x01,
  0x00,0x00,0xa6,0xfb,0x00,0x00,0xa4,0x10,0x00,0x00,0xa1,0x3f,0x00,0x00,0x9e,0x86,
  0x00,0x00,0x9b,0xe4,0x00,0x00,0x99,0x59,0x00,0x00,0x96,0xe2,0x00,0x00,0x94,0x7f,
  0x00,0x00,0x92,0x2f,0x00,0x00,0x8f,0xf2,0x00,0x00,0x8d,0xc5,0x00,0x00,0x8b,0xa9,
  0x00,0x00,0x89,0x9d,0x00,0x00,0x87,0xa1,0x00,0x00,0x85,0xb2,0x00,0x00,0x83,0xd2,
  0x00,0x00,0x81,0xfe,0x00,0x00,0x80,0x38,0x00,0x00,0x7e,0x7e,0x00,0x00,0x7c,0xcf,
  0x00,0x00,0x7b,0x2c,0x00,0x00,0x79,0x94,0x00,0x00,0x78,0x06,0x00,0x00,0x76,0x82,
  0x00,0x00,0x75,0x08,0x00,0x00,0x73,0x97,0x00,0x00,0x72,0x30,0x00,0x00,0x70,0xd0,
  0x00,0x00,0x6f,0x79,0x00,0x00,0x6e,0x2b,0x00,0x00,0x6c,0xe4,0x00,0x00,0x6b,0xa4,
  0x00,0x00,0x6a,0x6c,0x00,0x00,0x69,0x3a,0x00,0x00,0x68,0x10,0x00,0x00,0x66,0xec,
  0x00,0x00,0x65,0xce,0x00,0x00,0x64,0xb7,0x00,0x00,0x63,0xa5,0x00,0x00,0x62,0x99,
  0x00,0x00,0x61,0x93,0x00,0x00,0x60,0x92,0x00,0x00,0x5f,0x96,0x00,0x00,0x5e,0xa0,
  0x00,0x00,0x5d,0xae,0x00,0x00,0x5c,0xc1,0x00,0x00,0x5b,0xd9,0x00,0x00,0x5a,0xf5,
  0x00,0x00,0x5a,0x16,0x00,0x00,0x59,0x3b,0x00,0x00,0x58,0x64,0x00,0x00,0x57,0x90,
  0x00,0x00,0x56,0xc1,0x00,0x00,0x55,0xf6,0x00,0x00,0x55,0x2e,0x00,0x00,0x54,0x6a,
  0x00,0x00,0x53,0xaa,0x00,0x00,0x52,0xed,0x00,0x00,0x52,0x33,0x00,0x00,0x51,0x7c,
  0x00,0x00,0x50,0xc9,0x00,0x00,0x50,0x18,0x00,0x00,0x4f,0x6b,0x00,0x00,0x4e,0xc0,
  0x00,0x00,0x4e,0x19,0x00,0x00,0x4d,0x74,0x00,0x00,0x4c,0xd2,0x00,0x00,0x4c,0x32,
  0x00,0x00,0x4b,0x95,0x00,0x00,0x4a,0xfa,0x00,0x00,0x4a,0x62,0x00,0x00,0x49,0xcd,
  0x00,0x00,0x49,0x39,0x00,0x00,0x48,0xa8,0x00,0x00,0x48,0x1a,0x00,0x00,0x47,0x8d,
  0x00,0x00,0x47,0x02,0x00,0x00,0x46,0x7a,0x00,0x00,0x45,0xf3,0x00,0x00,0x45,0x6f,
  0x00,0x00,0x44,0xed,0x00,0x00,0x44,0x6c,0x00,0x00,0x43,0xed,0x00,0x00,0x43,0x70,
  0x00,0x00,0x42,0xf5,0x00,0x00,0x42,0x7c,0x00,0x00,0x42,0x04,0x00,0x00,0x41,0x8e,
  0x00,0x00,0x41,0x1a,0x00,0x00,0x40,0xa7,0x00,0x00,0x40,0x36,0x00,0x00,0x3f,0xc6,
  0x00,0x00,0x3f,0x58,0x00,0x00,0x3e,0xeb,0x00,0x00,0x3e,0x80,0x00,0x00,0x3e,0x16,
  0x00,0x00,0x3d,0xae,0x00,0x00,0x3d,0x47,0x00,0x00,0x3c,0xe1,0x00,0x00,0x3c,0x7d,
  0x00,0x00,0x3c,0x1a,0x00,0x00,0x3b,0xb8,0x00,0x00,0x3b,0x57,0x00,0x00,0x3a,0xf8,
  0x00,0x00,0x3a,0x9a,0x00,0x00,0x3a,0x3d,0x00,0x00,0x39,0xe1,0x00,0x00,0x39,0x86,
  0x00,0x00,0x39,0x2c,0x00,0x00,0x38,0xd4,0x00,0x00,0x38,0x7c,0x00,0x00,0x38,0x26,
  0x00,0x00,0x37,0xd0,0x00,0x00,0x37,0x7c,0x00,0x00,0x37,0x28,0x00,0x00,0x36,0xd6,
  0x00,0x00,0x36,0x84,0x00,0x00,0x36,0x34,0x00,0x00,0x35,0xe4,0x00,0x00,0x35,0x95,
  0x00,0x00,0x35,0x48,0x00,0x00,0x34,0xfb,0x00,0x00,0x34,0xaf,0x00,0x00,0x34,0x63,
  0x00,0x00,0x34,0x19,0x00,0x00,0x33,0xcf,0x00,0x00,0x33,0x87,0x00,0x00,0x33,0x3f,
  0x00,0x00,0x32,0xf7,0x00,0x00,0x32,0xb1,0x00,0x00,0x32,0x6b,0x00,0x00,0x32,0x26,
  0x00,0x00,0x31,0xe2,0x00,0x00,0x31,0x9f,0x00,0x00,0x31,0x5c,0x00,0x00,0x31,0x1a,
  0x00,0x00,0x30,0xd8,0x00,0x00,0x30,0x98,0x00,0x00,0x30,0x58,0x00,0x00,0x30,0x18,
  0x00,0x00,0x2f,0xd9,0x00,0x00,0x2f,0x9b,0x00,0x00,0x2f,0x5e,0x00,0x00,0x2f,0x21,
  0x00,0x00,0x2e,0xe5,0x00,0x00,0x2e,0xa9,0x00,0x00,0x2e,0x6e,0x00,0x00,0x2e,0x34,
  0x00,0x00,0x2d,0xfa,0x00,0x00,0x2d,0xc0,0x00,0x00,0x2d,0x87,0x00,0x00,0x2d,0x4f,
  0x00,0x00,0x2d,0x17,0x00,0x00,0x2c,0xe0,0x00,0x00,0x2c,0xaa,0x00,0x00,0x2c,0x74,
  0x00,0x00,0x2c,0x3e,0x00,0x00,0x2c,0x09,0x00,0x00,0x2b,0xd4,0x00,0x00,0x2b,0xa0,
  0x00,0x00,0x2b,0x6c,0x00,0x00,0x2b,0x39,0x00,0x00,0x2b,0x07,0x00,0x00,0x2a,0xd4,
  0x00,0x00,0x2a,0xa2,0x00,0x00,0x2a,0x71,0x00,0x00,0x2a,0x40,0x00,0x00,0x2a,0x10,
  0x00,0x00,0x29,0xe0,0x00,0x00,0x29,0xb0,0x00,0x00,0x29,0x81,0x00,0x00,0x29,0x52,
  0x00,0x00,0x29,0x24,0x00,0x00,0x28,0xf6,0x00,0x00,0x28,0xc8,0x00,0x00,0x28,0x9b,
  0x00,0x00,0x28,0x6f,0x00,0x00,0x28,0x42,0x00,0x00,0x28,0x16,0x00,0x00,0x27,0xea,
  0x00,0x00,0x27,0xbf,0x00,0x00,0x27,0x94,0x00,0x00,0x27,0x6a,0x00,0x00,0x27,0x40,
  0x00,0x00,0x27,0x16,0x00,0x00,0x26,0xec,0x00,0x00,0x26,0xc3,0x00,0x00,0x26,0x9a,
  0x00,0x00,0x26,0x72,0x00,0x00,0x26,0x4a,0x00,0x00,0x26,0x22,0x00,0x00,0x25,0xfa,
  0x00,0x00,0x25,0xd3,0x00,0x00,0x25,0xac,0x00,0x00,0x25,0x86,0x00,0x00,0x25,0x60,
  0x00,0x00,0x25,0x3a,0x00,0x00,0x25,0x14,0x00,0x00,0x24,0xef,0x00,0x00,0x24,0xca,
  0x00,0x00,0x24,0xa5,0x00,0x00,0x24,0x81,0x00,0x00,0x24,0x5c,0x00,0x00,0x24,0x38,
  0x00,0x00,0x24,0x15,0x00,0x00,0x23,0xf1,0x00,0x00,0x23,0xce,0x00,0x00,0x23,0xac,
  0x00,0x00,0x23,0x89,0x00,0x00,0x23,0x67,0x00,0x00,0x23,0x45,0x00,0x00,0x23,0x23,
  0x00,0x00,0x23,0x01,0x00,0x00,0x22,0xe0,0x00,0x00,0x22,0xbf,0x00,0x00,0x22,0x9e,
  0x00,0x00,0x22,0x7e,0x00,0x00,0x22,0x5d,0x00,0x00,0x22,0x3d,0x00,0x00,0x22,0x1d,
  0x00,0x00,0x21,0xfe,0x00,0x00,0x21,0xde,0x00,0x00,0x21,0xbf,0x00,0x00,0x21,0xa0,
  0x00,0x00,0x21,0x82,0x00,0x00,0x21,0x63,0x00,0x00,0x21,0x45,0x00,0x00,0x21,0x27,
  0x00,0x00,0x21,0x09,0x00,0x00,0x20,0xeb,0x00,0x00,0x20,0xce,0x00,0x00,0x20,0xb0,
  0x00,0x00,0x20,0x93,0x00,0x00,0x20,0x77,0x00,0x00,0x20,0x5a,0x00,0x00,0x20,0x3e,
  0x00,0x00,0x20,0x21,0x00,0x00,0x20,0x05,0x00,0x00,0x1f,0xe9,0x00,0x00,0x1f,0xce,
  0x00,0x00,0x1f,0xb2,0x00,0x00,0x1f,0x97,0x00,0x00,0x1f,0x7c,0x00,0x00,0x1f,0x61,
  0x00,0x00,0x1f,0x46,0x00,0x00,0x1f,0x2b,0x00,0x00,0x1f,0x11,0x00,0x00,0x1e,0xf7,
  0x00,0x00,0x1e,0xdd,0x00,0x00,0x1e,0xc3,0x00,0x00,0x1e,0xa9,0x00,0x00,0x1e,0x90,
  0x00,0x00,0x1e,0x76,0x00,0x00,0x1e,0x5d,0x00,0x00,0x1e,0x44,0x00,0x00,0x1e,0x2b,
  0x00,0x00,0x1e,0x12,0x00,0x00,0x1d,0xfa,0x00,0x00,0x1d,0xe1,0x00,0x00,0x1d,0xc9,
  0x00,0x00,0x1d,0xb1,0x00,0x00,0x1d,0x99,0x00,0x00,0x1d,0x81,0x00,0x00,0x1d,0x6a,
  0x00,0x00,0x1d,0x52,0x00,0x00,0x1d,0x3b,0x00,0x00,0x1d,0x23,0x00,0x00,0x1d,0x0c,
  0x00,0x00,0x1c,0xf5,0x00,0x00,0x1c,0xdf,0x00,0x00,0x1c,0xc8,0x00,0x00,0x1c,0xb1,
  0x00,0x00,0x1c,0x9b,0x00,0x00,0x1c,0x85,0x00,0x00,0x1c,0x6f,0x00,0x00,0x1c,0x59,
  0x00,0x00,0x1c,0x43,0x00,0x00,0x1c,0x2d,0x00,0x00,0x1c,0x18,0x00,0x00,0x1c,0x02,
  0x00,0x00,0x1b,0xed,0x00,0x00,0x1b,0xd8,0x00,0x00,0x1b,0xc3,0x00,0x00,0x1b,0xae,
  0x00,0x00,0x1b,0x99,0x00,0x00,0x1b,0x84,0x00,0x00,0x1b,0x6f,0x00,0x00,0x1b,0x5e,
  0x00,0x00,0x1b,0x4b,0x00,0x00,0x1b,0x39,0x00,0x00,0x1b,0x28,0x00,0x00,0x1b,0x16,
  0x00,0x00,0x1b,0x05,0x00,0x00,0x1a,0xf5,0x00,0x00,0x1a,0xe3,0x00,0x00,0x1a,0xd3,
  0x00,0x00,0x1a,0xc1,0x00,0x00,0x1a,0xb1,0x00,0x00,0x1a,0xa1,0x00,0x00,0x1a,0x92,
  0x00,0x00,0x1a,0x82,0x00,0x00,0x1a,0x71,0x00,0x00,0x1a,0x61,0x00,0x00,0x1a,0x52,
  0x00,0x00,0x1a,0x43,0x00,0x00,0x1a,0x34,0x00,0x00,0x1a,0x25,0x00,0x00,0x1a,0x16,
  0x00,0x00,0x1a,0x07,0x00,0x00,0x19,0xf8,0x00,0x00,0x19,0xea,0x00,0x00,0x19,0xdd,
  0x00,0x00,0x19,0xcf,0x00,0x00,0x19,0xc0,0x00,0x00,0x19,0xb2,0x00,0x00,0x19,0xa4,
  0x00,0x00,0x19,0x97,0x00,0x00,0x19,0x89,0x00,0x00,0x19,0x7b,0x00,0x00,0x19,0x6f,
  0x00,0x00,0x19,0x61,0x00,0x00,0x19,0x54,0x00,0x00,0x19,0x48,0x00,0x00,0x19,0x3a,
  0x00,0x00,0x19,0x2e,0x00,0x00,0x19,0x20,0x00,0x00,0x19,0x13,0x00,0x00,0x19,0x07,
  0x00,0x00,0x18,0xfc,0x00,0x00,0x18,0xef,0x00,0x00,0x18,0xe4,0x00,0x00,0x18,0xd7,
  0x00,0x00,0x18,0xcb,0x00,0x00,0x18,0xc0,0x00,0x00,0x18,0xb3,0x00,0x00,0x18,0xa8,
  0x00,0x00,0x18,0x9b,0x00,0x00,0x18,0x90,0x00,0x00,0x18,0x85,0x00,0x00,0x18,0x7b,
  0x00,0x00,0x18,0x70,0x00,0x00,0x18,0x64,0x00,0x00,0x18,0x59,0x00,0x00,0x18,0x4e,
  0x00,0x00,0x18,0x44,0x00,0x00,0x18,0x39,0x00,0x00,0x18,0x2d,0x00,0x00,0x18,0x22,
  0x00,0x00,0x18,0x17,0x00,0x00,0x18,0x0d,0x00,0x00,0x18,0x03,0x00,0x00,0x17,0xf9,
  0x00,0x00,0x17,0xef,0x00,0x00,0x17,0xe5,0x00,0x00,0x17,0xdb,0x00,0x00,0x17,0xd1,
  0x00,0x00,0x17,0xc7,0x00,0x00,0x17,0xbd,0x00,0x00,0x17,0xb3,0x00,0x00,0x17,0xa9,
  0x00,0x00,0x17,0x9f,0x00,0x00,0x17,0x95,0x00,0x00,0x17,0x8c,0x00,0x00,0x17,0x83,
  0x00,0x00,0x17,0x7b,0x00,0x00,0x17,0x72,0x00,0x00,0x17,0x68,0x00,0x00,0x17,0x5f,
  0x00,0x00,0x17,0x56,0x00,0x00,0x17,0x4e,0x00,0x00,0x17,0x45,0x00,0x00,0x17,0x3b,
  0x00,0x00,0x17,0x32,0x00,0x00,0x17,0x29,0x00,0x00,0x17,0x21,0x00,0x00,0x17,0x18,
  0x00,0x00,0x17,0x0e,0x00,0x00,0x17,0x05,0x00,0x00,0x16,0xfe,0x00,0x00,0x16,0xf5,
  0x00,0x00,0x16,0xed,0x00,0x00,0x16,0xe6,0x00,0x00,0x16,0xdd,0x00,0x00,0x16,0xd6,
  0x00,0x00,0x16,0xcd,0x00,0x00,0x16,0xc5,0x00,0x00,0x16,0xbe,0x00,0x00,0x16,0xb5,
  0x00,0x00,0x16,0xae,0x00,0x00,0x16,0xa5,0x00,0x00,0x16,0x9d,0x00,0x00,0x16,0x96,
  0x00,0x00,0x16,0x8d,0x00,0x00,0x16,0x86,0x00,0x00,0x16,0x7d,0x00,0x00,0x16,0x75,
  0x00,0x00,0x16,0x6e,0x00,0x00,0x16,0x65,0x00,0x00,0x16,0x5f,0x00,0x00,0x16,0x57,
  0x00,0x00,0x16,0x50,0x00,0x00,0x16,0x4a,0x00,0x00,0x16,0x42,0x00,0x00,0x16,0x3c,
  0x00,0x00,0x16,0x34,0x00,0x00,0x16,0x2d,0x00,0x00,0x16,0x27,0x00,0x00,0x16,0x1f,
  0x00,0x00,0x16,0x19,0x00,0x00,0x16,0x11,0x00,0x00,0x16,0x0a,0x00,0x00,0x16,0x04,
  0x00,0x00,0x15,0xfc,0x00,0x00,0x15,0xf6,0x00,0x00,0x15,0xee,0x00,0x00,0x15,0xe7,
  0x00,0x00,0x15,0xe1,0x00,0x00,0x15,0xd9,0x00,0x00,0x15,0xd3,0x00,0x00,0x15,0xcb,
  0x00,0x00,0x15,0xc4,0x00,0x00,0x15,0xbf,0x00,0x00,0x15,0xb9,0x00,0x00,0x15,0xb2,
  0x00,0x00,0x15,0xac,0x00,0x00,0x15,0xa6,0x00,0x00,0x15,0xa1,0x00,0x00,0x15,0x9b,
  0x00,0x00,0x15,0x94,0x00,0x00,0x15,0x8e,0x00,0x00,0x15,0x88,0x00,0x00,0x15,0x83,
  0x00,0x00,0x15,0x7d,0x00,0x00,0x15,0x76,0x00,0x00,0x15,0x70,0x00,0x00,0x15,0x6a,
  0x00,0x00,0x15,0x65,0x00,0x00,0x15,0x5f,0x00,0x00,0x15,0x58,0x00,0x00,0x15,0x52,
  0x00,0x00,0x15,0x4c,0x00,0x00,0x15,0x47,0x00,0x00,0x15,0x41,0x00,0x00,0x15,0x3a,
  0x00,0x00,0x15,0x34,0x00,0x00,0x15,0x2e,0x00,0x00,0x15,0x29,0x00,0x00,0x15,0x23,
  0x00,0x00,0x15,0x1c,0x00,0x00,0x15,0x16,0x00,0x00,0x15,0x10,0x00,0x00,0x15,0x0b,
  0x00,0x00,0x15,0x06,0x00,0x00,0x15,0x01,0x00,0x00,0x14,0xfc,0x00,0x00,0x14,0xf7,
  0x00,0x00,0x14,0xf2,0x00,0x00,0x14,0xed,0x00,0x00,0x14,0xe8,0x00,0x00,0x14,0xe3,
  0x00,0x00,0x14,0xde,0x00,0x00,0x14,0xd9,0x00,0x00,0x14,0xd4,0x00,0x00,0x14,0xcf,
  0x00,0x00,0x14,0xca,0x00,0x00,0x14,0xc5,0x00,0x00,0x14,0xc0,0x00,0x00,0x14,0xbb,
  0x00,0x00,0x14,0xb6,0x00,0x00,0x14,0xb1,0x00,0x00,0x14,0xac,0x00,0x00,0x14,0xa7,
  0x00,0x00,0x14,0xa2,0x00,0x00,0x14,0x9d,0x00,0x00,0x14,0x98,0x00,0x00,0x14,0x93,
  0x00,0x00,0x14,0x8e,0x00,0x00,0x14,0x89,0x00,0x00,0x14,0x84,0x00,0x00,0x14,0x7f,
  0x00,0x00,0x14,0x7a,0x00,0x00,0x14,0x75,0x00,0x00,0x14,0x70,0x00,0x00,0x14,0x6b,
  0x00,0x00,0x14,0x66,0x00,0x00,0x14,0x61,0x00,0x00,0x14,0x5c,0x00,0x00,0x14,0x57,
  0x00,0x00,0x14,0x52,0x00,0x00,0x14,0x4d,0x00,0x00,0x14,0x48,0x00,0x00,0x14,0x43,
  0x00,0x00,0x14,0x3e,0x00,0x00,0x14,0x3a,0x00,0x00,0x14,0x36,0x00,0x00,0x14,0x33,
  0x00,0x00,0x14,0x2f,0x00,0x00,0x14,0x2a,0x00,0x00,0x14,0x26,0x00,0x00,0x14,0x22,
  0x00,0x00,0x14,0x1f,0x00,0x00,0x14,0x1b,0x00,0x00,0x14,0x16,0x00,0x00,0x14,0x12,
  0x00,0x00,0x14,0x0e,0x00,0x00,0x14,0x0b,0x00,0x00,0x14,0x07,0x00,0x00,0x14,0x02,
  0x00,0x00,0x13,0xfe,0x00,0x00,0x13,0xfb,0x00,0x00,0x13,0xf7,0x00,0x00,0x13,0xf3,
  0x00,0x00,0x13,0xee,0x00,0x00,0x13,0xea,0x00,0x00,0x13,0xe7,0x00,0x00,0x13,0xe3,
  0x00,0x00,0x13,0xdf,0x00,0x00,0x13,0xda,0x00,0x00,0x13,0xd6,0x00,0x00,0x13,0xd3,
  0x00,0x00,0x13,0xcf,0x00,0x00,0x13,0xcb,0x00,0x00,0x13,0xc6,0x00,0x00,0x13,0xc2,
  0x00,0x00,0x13,0xbf,0x00,0x00,0x13,0xbb,0x00,0x00,0x13,0xb7,0x00,0x00,0x13,0xb2,
  0x00,0x00,0x13,0xae,0x00,0x00,0x13,0xab,0x00,0x00,0x13,0xa7,0x00,0x00,0x13,0xa3,
  0x00,0x00,0x13,0x9e,0x00,0x00,0x13,0x9a,0x00,0x00,0x13,0x97,0x00,0x00,0x13,0x93,
  0x00,0x00,0x13,0x8f,0x00,0x00,0x13,0x8a,0x00,0x00,0x13,0x86,0x00,0x00,0x13,0x83,
  0x00,0x00,0x13,0x7f,0x00,0x00,0x13,0x7b,0x00,0x00,0x13,0x76,0x00,0x00,0x13,0x72,
  0x00,0x00,0x13,0x6f,0x00,0x00,0x13,0x6b,0x00,0x00,0x13,0x67,0x00,0x00,0x13,0x62,
  0x00,0x00,0x13,0x5e,0x00,0x00,0x13,0x5b,0x00,0x00,0x13,0x57,0x00,0x00,0x13,0x53,
  0x00,0x00,0x13,0x51,0x00,0x00,0x13,0x4e,0x00,0x00,0x13,0x4a,0x00,0x00,0x13,0x48,
  0x00,0x00,0x13,0x44,0x00,0x00,0x13,0x42,0x00,0x00,0x13,0x3f,0x00,0x00,0x13,0x3b,
  0x00,0x00,0x13,0x39,0x00,0x00,0x13,0x35,0x00,0x00,0x13,0x33,0x00,0x00,0x13,0x30,
  0x00,0x00,0x13,0x2c,0x00,0x00,0x13,0x2a,0x00,0x00,0x13,0x26,0x00,0x00,0x13,0x24,
  0x00,0x00,0x13,0x21,0x00,0x00,0x13,0x1d,0x00,0x00,0x13,0x1b,0x00,0x00,0x13,0x17,
  0x00,0x00,0x13,0x15,0x00,0x00,0x13,0x12,0x00,0x00,0x13,0x0e,0x00,0x00,0x13,0x0c,
  0x00,0x00,0x13,0x08,0x00,0x00,0x13,0x06,0x00,0x00,0x13,0x03,0x00,0x00,0x12,0xff,
  0x00,0x00,0x12,0xfd,0x00,0x00,0x12,0xf9,0x00,0x00,0x12,0xf7,0x00,0x00,0x12,0xf4,
  0x00,0x00,0x12,0xf0,0x00,0x00,0x12,0xee,0x00,0x00,0x12,0xea,0x00,0x00,0x12,0xe8,
  0x00,0x00,0x12,0xe5,0x00,0x00,0x12,0xe1,0x00,0x00,0x12,0xdf,0x00,0x00,0x12,0xdb,
  0x00,0x00,0x12,0xd9,0x00,0x00,0x12,0xd6,0x00,0x00,0x12,0xd2,0x00,0x00,0x12,0xd0,
  0x00,0x00,0x12,0xcc,0x00,0x00,0x12,0xca,0x00,0x00,0x12,0xc7,0x00,0x00,0x12,0xc3,
  0x00,0x00,0x12,0xc1,0x00,0x00,0x12,0xbd,0x00,0x00,0x12,0xbb,0x00,0x00,0x12,0xb8,
  0x00,0x00,0x12,0xb4,0x00,0x00,0x12,0xb2,0x00,0x00,0x12,0xae,0x00,0x00,0x12,0xac,
  0x00,0x00,0x12,0xa9,0x00,0x00,0x12,0xa5,0x00,0x00,0x12,0xa3,0x00,0x00,0x12,0x9f,
  0x00,0x00,0x12,0x9d,0x00,0x00,0x12,0x9a,0x00,0x00,0x12,0x96,0x00,0x00,0x12,0x94,
  0x00,0x00,0x12,0x90,0x00,0x00,0x12,0x8e,0x00,0x00,0x12,0x8b,0x00,0x00,0x12,0x87,
  0x00,0x00,0x12,0x85,0x00,0x00,0x12,0x81,0x00,0x00,0x12,0x7f,0x00,0x00,0x12,0x7c,
  0x00,0x00,0x12,0x78,0x00,0x00,0x12,0x76,0x00,0x00,0x12,0x72,0x00,0x00,0x12,0x70,
  0x00,0x00,0x12,0x6d,0x00,0x00,0x12,0x69,0x00,0x00,0x12,0x67,0x00,0x00,0x12,0x63,
  0x00,0x00,0x12,0x61,0x00,0x00,0x12,0x5e,0x00,0x00,0x12,0x5a,0x00,0x00,0x12,0x58,
  0x00,0x00,0x12,0x54,0x00,0x00,0x12,0x52,0x00,0x00,0x12,0x4f,0x00,0x00,0x12,0x4b,
  0x00,0x00,0x12,0x49,0x00,0x00,0x12,0x45,0x00,0x00,0x12,0x44,0x00,0x00,0x12,0x41,
  0x00,0x00,0x12,0x40,0x00,0x00,0x12,0x3e,0x00,0x00,0x12,0x3b,0x00,0x00,0x12,0x3a,
  0x00,0x00,0x12,0x37,0x00,0x00,0x12,0x36,0x00,0x00,0x12,0x34,0x00,0x00,0x12,0x31,
  0x00,0x00,0x12,0x30,0x00,0x00,0x12,0x2d,0x00,0x00,0x12,0x2c,0x00,0x00,0x12,0x2a,
  0x00,0x00,0x12,0x27,0x00,0x00,0x12,0x26,0x00,0x00,0x12,0x23,0x00,0x00,0x12,0x22,
  0x00,0x00,0x12,0x20,0x00,0x00,0x12,0x1d,0x00,0x00,0x12,0x1c,0x00,0x00,0x12,0x19,
  0x00,0x00,0x12,0x18,0x00,0x00,0x12,0x16,0x00,0x00,0x12,0x13,0x00,0x00,0x12,0x12,
  0x00,0x00,0x12,0x0f,0x00,0x00,0x12,0x0e,0x00,0x00,0x12,0x0c,0x00,0x00,0x12,0x09,
  0x00,0x00,0x12,0x08,0x00,0x00,0x12,0x05,0x00,0x00,0x12,0x04,0x00,0x00,0x12,0x02,
  0x00,0x00,0x11,0xff,0x00,0x00,0x11,0xfe,0x00,0x00,0x11,0xfb,0x00,0x00,0x11,0xfa,
  0x00,0x00,0x11,0xf8,0x00,0x00,0x11,0xf5,0x00,0x00,0x11,0xf4,0x00,0x00,0x11,0xf1,
  0x00,0x00,0x11,0xf0,0x00,0x00,0x11,0xee,0x00,0x00,0x11,0xeb,0x00,0x00,0x11,0xea,
  0x00,0x00,0x11,0xe7,0x00,0x00,0x11,0xe6,0x00,0x00,0x11,0xe4,0x00,0x00,0x11,0xe1,
  0x00,0x00,0x11,0xe0,0x00,0x00,0x11,0xdd,0x00,0x00,0x11,0xdc,0x00,0x00,0x11,0xda,
  0x00,0x00,0x11,0xd7,0x00,0x00,0x11,0xd6,0x00,0x00,0x11,0xd3,0x00,0x00,0x11,0xd2,
  0x00,0x00,0x11,0xd0,0x00,0x00,0x11,0xcd,0x00,0x00,0x11,0xcc,0x00,0x00,0x11,0xc9,
  0x00,0x00,0x11,0xc8,0x00,0x00,0x11,0xc6,0x00,0x00,0x11,0xc3,0x00,0x00,0x11,0xc2,
  0x00,0x00,0x11,0xbf,0x00,0x00,0x11,0xbe,0x00,0x00,0x11,0xbc,0x00,0x00,0x11,0xb9,
  0x00,0x00,0x11,0xb8,0x00,0x00,0x11,0xb5,0x00,0x00,0x11,0xb4,0x00,0x00,0x11,0xb2,
  0x00,0x00,0x11,0xaf,0x00,0x00,0x11,0xae,0x00,0x00,0x11,0xab,0x00,0x00,0x11,0xaa,
  0x00,0x00,0x11,0xa8,0x00,0x00,0x11,0xa5,0x00,0x00,0x11,0xa4,0x00,0x00,0x11,0xa1,
  0x00,0x00,0x11,0xa0,0x00,0x00,0x11,0x9e,0x00,0x00,0x11,0x9b,0x00,0x00,0x11,0x9a,
  0x00,0x00,0x11,0x97,0x00,0x00,0x11,0x96,0x00,0x00,0x11,0x94,0x00,0x00,0x11,0x91,
  0x00,0x00,0x11,0x90,0x00,0x00,0x11,0x8d,0x00,0x00,0x11,0x8c,0x00,0x00,0x11,0x8a,
  0x00,0x00,0x11,0x87,0x00,0x00,0x11,0x86,0x00,0x00,0x11,0x83,0x00,0x00,0x11,0x82,
  0x00,0x00,0x11,0x80,0x00,0x00,0x11,0x7d,0x00,0x00,0x11,0x7c,0x00,0x00,0x11,0x79,
  0x00,0x00,0x11,0x78,0x00,0x00,0x11,0x76,0x00,0x00,0x11,0x73,0x00,0x00,0x11,0x72,
  0x00,0x00,0x11,0x6f,0x00,0x00,0x11,0x6e,0x00,0x00,0x11,0x6c,0x00,0x00,0x11,0x69,
  0x00,0x00,0x11,0x68,0x00,0x00,0x11,0x65,0x00,0x00,0x11,0x64,0x00,0x00,0x11,0x62,
  0x00,0x00,0x11,0x5f,0x00,0x00,0x11,0x5e,0x00,0x00,0x11,0x5b,0x00,0x00,0x11,0x5a,
  0x00,0x00,0x11,0x58,0x00,0x00,0x11,0x55,0x00,0x00,0x11,0x54,0x00,0x00,0x11,0x51,
  0x00,0x00,0x11,0x50,0x00,0x00,0x11,0x4e,0x00,0x00,0x11,0x4b,0x00,0x00,0x11,0x4a,
  0x00,0x00,0x11,0x47,0x00,0x00,0x11,0x46,0x00,0x00,0x11,0x44,0x00,0x00,0x11,0x41,
  0x00,0x00,0x11,0x40,0x00,0x00,0x11,0x3d,0x00,0x00,0x11,0x3c,0x00,0x00,0x11,0x3a,
  0x00,0x00,0x11,0x37,0x00,0x00,0x11,0x36,0x00,0x00,0x11,0x33,0x00,0x00,0x11,0x32,
  0x00,0x00,0x11,0x30,0x00,0x00,0x11,0x2d,0x00,0x00,0x11,0x2c,0x00,0x00,0x11,0x29,
  0x00,0x00,0x11,0x28,0x00,0x00,0x11,0x26,0x00,0x00,0x11,0x23,0x00,0x00,0x11,0x22,
  0x00,0x00,0x11,0x1f,0x00,0x00,0x11,0x1e,0x00,0x00,0x11,0x1c,0x00,0x00,0x11,0x19,
  0x00,0x00,0x11,0x18,0x00,0x00,0x11,0x15,0x00,0x00,0x11,0x14,0x00,0x00,0x11,0x12,
  0x00,0x00,0x11,0x0f,0x00,0x00,0x11,0x0e,0x00,0x00,0x11,0x0b,0x00,0x00,0x11,0x0a,
  0x00,0x00,0x11,0x08,0x00,0x00,0x11,0x05,0x00,0x00,0x11,0x04,0x00,0x00,0x11,0x01,
  0x00,0x00,0x11,0x00,0x00,0x00,0x10,0xfe,0x00,0x00,0x10,0xfb,0x00,0x00,0x10,0xfa,
  0x00,0x00,0x10,0xf7,0x00,0x00,0x10,0xf6,0x00,0x00,0x10,0xf4,0x00,0x00,0x10,0xf1,
  0x00,0x00,0x10,0xf0,0x00,0x00,0x10,0xed,0x00,0x00,0x10,0xec,0x00,0x00,0x10,0xea,
  0x00,0x00,0x10,0xe7,0x00,0x00,0x10,0xe6,0x00,0x00,0x10,0xe3,0x00,0x00,0x10,0xe2,
  0x00,0x00,0x10,0xe0,0x00,0x00,0x10,0xdd,0x00,0x00,0x10,0xdc,0x00,0x00,0x10,0xd9,
  0x00,0x00,0x10,0xd8,0x00,0x00,0x10,0xd6,0x00,0x00,0x10,0xd3,0x00,0x00,0x10,0xd2,
  0x00,0x00,0x10,0xcf,0x00,0x00,0x10,0xce,0x00,0x00,0x10,0xcc,0x00,0x00,0x10,0xca,
  0x00,0x00,0x10,0xc9,0x00,0x00,0x10,0xc9,0x00,0x00,0x10,0xc8,0x00,0x00,0x10,0xc7,
  0x00,0x00,0x10,0xc5,0x00,0x00,0x10,0xc4,0x00,0x00,0x10,0xc4,0x00,0x00,0x10,0xc3,
  0x00,0x00,0x10,0xc2,0x00,0x00,0x10,0xc0,0x00,0x00,0x10,0xbf,0x00,0x00,0x10,0xbf,
  0x00,0x00,0x10,0xbe,0x00,0x00,0x10,0xbd,0x00,0x00,0x10,0xbb,0x00,0x00,0x10,0xba,
  0x00,0x00,0x10,0xba,0x00,0x00,0x10,0xb9,0x00,0x00,0x10,0xb8,0x00,0x00,0x10,0xb6,
  0x00,0x00,0x10,0xb5,0x00,0x00,0x10,0xb5,0x00,0x00,0x10,0xb4,0x00,0x00,0x10,0xb3,
  0x00,0x00,0x10,0xb1,0x00,0x00,0x10,0xb0,0x00,0x00,0x10,0xb0,0x00,0x00,0x10,0xaf,
  0x00,0x00,0x10,0xae,0x00,0x00,0x10,0xac,0x00,0x00,0x10,0xab,0x00,0x00,0x10,0xab,
  0x00,0x00,0x10,0xaa,0x00,0x00,0x10,0xa9,0x00,0x00,0x10,0xa7,0x00,0x00,0x10,0xa6,
  0x00,0x00,0x10,0xa6,0x00,0x00,0x10,0xa5,0x00,0x00,0x10,0xa4,0x00,0x00,0x10,0xa2,
  0x00,0x00,0x10,0xa1,0x00,0x00,0x10,0xa1,0x00,0x00,0x10,0xa0,0x00,0x00,0x10,0x9f,
  0x00,0x00,0x10,0x9d,0x00,0x00,0x10,0x9c,0x00,0x00,0x10,0x9c,0x00,0x00,0x10,0x9b,
  0x00,0x00,0x10,0x9a,0x00,0x00,0x10,0x98,0x00,0x00,0x10,0x97,0x00,0x00,0x10,0x97,
  0x00,0x00,0x10,0x96,0x00,0x00,0x10,0x95,0x00,0x00,0x10,0x93,0x00,0x00,0x10,0x92,
  0x00,0x00,0x10,0x92,0x00,0x00,0x10,0x91,0x00,0x00,0x10,0x90,0x00,0x00,0x10,0x8e,
  0x00,0x00,0x10,0x8d,0x00,0x00,0x10,0x8d,0x00,0x00,0x10,0x8c,0x00,0x00,0x10,0x8b,
  0x00,0x00,0x10,0x89,0x00,0x00,0x10,0x88,0x00,0x00,0x10,0x88,0x00,0x00,0x10,0x87,
  0x00,0x00,0x10,0x86,0x00,0x00,0x10,0x84,0x00,0x00,0x10,0x83,0x00,0x00,0x10,0x83,
  0x00,0x00,0x10,0x82,0x00,0x00,0x10,0x81,0x00,0x00,0x10,0x7f,0x00,0x00,0x10,0x7e,
  0x00,0x00,0x10,0x7e,0x00,0x00,0x10,0x7d,0x00,0x00,0x10,0x7c,0x00,0x00,0x10,0x7a,
  0x00,0x00,0x10,0x79,0x00,0x00,0x10,0x79,0x00,0x00,0x10,0x78,0x00,0x00,0x10,0x77,
  0x00,0x00,0x10,0x75,0x00,0x00,0x10,0x74,0x00,0x00,0x10,0x74,0x00,0x00,0x10,0x73,
  0x00,0x00,0x10,0x72,0x00,0x00,0x10,0x70,0x00,0x00,0x10,0x6f,0x00,0x00,0x10,0x6f,
  0x00,0x00,0x10,0x6e,0x00,0x00,0x10,0x6d,0x00,0x00,0x10,0x6b,0x00,0x00,0x10,0x6a,
  0x00,0x00,0x10,0x6a,0x00,0x00,0x10,0x69,0x00,0x00,0x10,0x68,0x00,0x00,0x10,0x66,
  0x00,0x00,0x10,0x65,0x00,0x00,0x10,0x65,0x00,0x00,0x10,0x64,0x00,0x00,0x10,0x63,
  0x00,0x00,0x10,0x61,0x00,0x00,0x10,0x60,0x00,0x00,0x10,0x60,0x00,0x00,0x10,0x5f,
  0x00,0x00,0x10,0x5e,0x00,0x00,0x10,0x5c,0x00,0x00,0x10,0x5b,0x00,0x00,0x10,0x5b,
  0x00,0x00,0x10,0x5a,0x00,0x00,0x10,0x59,0x00,0x00,0x10,0x57,0x00,0x00,0x10,0x56,
  0x00,0x00,0x10,0x56,0x00,0x00,0x10,0x55,0x00,0x00,0x10,0x54,0x00,0x00,0x10,0x52,
  0x00,0x00,0x10,0x51,0x00,0x00,0x10,0x51,0x00,0x00,0x10,0x50,0x00,0x00,0x10,0x4f,
  0x00,0x00,0x10,0x4d,0x00,0x00,0x10,0x4c,0x00,0x00,0x10,0x4c,0x00,0x00,0x10,0x4b,
  0x00,0x00,0x10,0x4a,0x00,0x00,0x10,0x48,0x00,0x00,0x10,0x47,0x00,0x00,0x10,0x47,
  0x00,0x00,0x10,0x46,0x00,0x00,0x10,0x45,0x00,0x00,0x10,0x43,0x00,0x00,0x10,0x42,
  0x00,0x00,0x10,0x42,0x00,0x00,0x10,0x41,0x00,0x00,0x10,0x40,0x00,0x00,0x10,0x3e,
  0x00,0x00,0x10,0x3d,0x00,0x00,0x10,0x3d,0x00,0x00,0x10,0x3c,0x00,0x00,0x10,0x3b,
  0x00,0x00,0x10,0x39,0x00,0x00,0x10,0x38,0x00,0x00,0x10,0x38,0x00,0x00,0x10,0x37,
  0x00,0x00,0x10,0x36,0x00,0x00,0x10,0x34,0x00,0x00,0x10,0x33,0x00,0x00,0x10,0x33,
  0x00,0x00,0x10,0x32,0x00,0x00,0x10,0x31,0x00,0x00,0x10,0x2f,0x00,0x00,0x10,0x2e,
  0x00,0x00,0x10,0x2e,0x00,0x00,0x10,0x2d,0x00,0x00,0x10,0x2c,0x00,0x00,0x10,0x2a,
  0x00,0x00,0x10,0x29,0x00,0x00,0x10,0x29,0x00,0x00,0x10,0x28,0x00,0x00,0x10,0x27,
  0x00,0x00,0x10,0x25,0x00,0x00,0x10,0x24,0x00,0x00,0x10,0x24,0x00,0x00,0x10,0x23,
  0x00,0x00,0x10,0x22,0x00,0x00,0x10,0x20,0x00,0x00,0x10,0x1f,0x00,0x00,0x10,0x1f,
  0x00,0x00,0x10,0x1e,0x00,0x00,0x10,0x1d,0x00,0x00,0x10,0x1b,0x00,0x00,0x10,0x1a,
  0x00,0x00,0x10,0x1a,0x00,0x00,0x10,0x19,0x00,0x00,0x10,0x18,0x00,0x00,0x10,0x16,
  0x00,0x00,0x10,0x15,0x00,0x00,0x10,0x15,0x00,0x00,0x10,0x14,0x00,0x00,0x10,0x13,
  0x00,0x00,0x10,0x11,0x00,0x00,0x10,0x10,0x00,0x00,0x10,0x10,0x00,0x00,0x10,0x0f,
  0x00,0x00,0x10,0x0e,0x00,0x00,0x10,0x0c,0x00,0x00,0x10,0x0b,0x00,0x00,0x10,0x0b,
  0x00,0x00,0x10,0x0a,0x00,0x00,0x10,0x09,0x00,0x00,0x10,0x07,0x00,0x00,0x10,0x06,
  0x00,0x00,0x10,0x06,0x00,0x00,0x10,0x05,0x00,0x00,0x10,0x04,0x00,0x00,0x10,0x02,
  0x00,0x00,0x10,0x01,0x00,0x00,0x10,0x01,0x00,0x00,0x10,0x00,0x00,0x00,0x0f,0xfe,
  0x00,0x00,0x0f,0xfd,0x00,0x00,0x0f,0xfc,0x00,0x00,0x0f,0xfc,0x00,0x00,0x0f,0xfb,
  0x00,0x00,0x0f,0xf9,0x00,0x00,0x0f,0xf8,0x00,0x00,0x0f,0xf7,0x00,0x00,0x0f,0xf7,
  0x00,0x00,0x0f,0xf6,0x00,0x00,0x0f,0xf4,0x00,0x00,0x0f,0xf3,0x00,0x00,0x0f,0xf2,
  0x00,0x00,0x0f,0xf2,0x00,0x00,0x0f,0xf1,0x00,0x00,0x0f,0xef,0x00,0x00,0x0f,0xee,
  0x00,0x00,0x0f,0xed,0x00,0x00,0x0f,0xed,0x00,0x00,0x0f,0xec,0x00,0x00,0x0f,0xea,
  0x00,0x00,0x0f,0xe9,0x00,0x00,0x0f,0xe8,0x00,0x00,0x0f,0xe8,0x00,0x00,0x0f,0xe7,
  0x00,0x00,0x0f,0xe5,0x00,0x00,0x0f,0xe4,0x00,0x00,0x0f,0xe3,0x00,0x00,0x0f,0xe3,
  0x00,0x00,0x0f,0xe2,0x00,0x00,0x0f,0xe0,0x00,0x00,0x0f,0xdf,0x00,0x00,0x0f,0xde,
  0x00,0x00,0x0f,0xde,0x00,0x00,0x0f,0xdd,0x00,0x00,0x0f,0xdb,0x00,0x00,0x0f,0xda,
  0x00,0x00,0x0f,0xd9,0x00,0x00,0x0f,0xd9,0x00,0x00,0x0f,0xd8,0x00,0x00,0x0f,0xd6,
  0x00,0x00,0x0f,0xd5,0x00,0x00,0x0f,0xd4,0x00,0x00,0x0f,0xd4,0x00,0x00,0x0f,0xd3,
  0x00,0x00,0x0f,0xd1,0x00,0x00,0x0f,0xd0,0x00,0x00,0x0f,0xcf,0x00,0x00,0x0f,0xcf,
  0x00,0x00,0x0f,0xce,0x00,0x00,0x0f,0xcc,0x00,0x00,0x0f,0xcb,0x00,0x00,0x0f,0xca,
  0x00,0x00,0x0f,0xca,0x00,0x00,0x0f,0xc9,0x00,0x00,0x0f,0xc7,0x00,0x00,0x0f,0xc6,
  0x00,0x00,0x0f,0xc5,0x00,0x00,0x0f,0xc5,0x00,0x00,0x0f,0xc4,0x00,0x00,0x0f,0xc2,
  0x00,0x00,0x0f,0xc1,0x00,0x00,0x0f,0xc0,0x00,0x00,0x0f,0xc0,0x00,0x00,0x0f,0xbf,
  0x00,0x00,0x0f,0xbd,0x00,0x00,0x0f,0xbc,0x00,0x00,0x0f,0xbb,0x00,0x00,0x0f,0xbb,
  0x00,0x00,0x0f,0xba,0x00,0x00,0x0f,0xb8,0x00,0x00,0x0f,0xb7,0x00,0x00,0x0f,0xb6,
  0x00,0x00,0x0f,0xb6,0x00,0x00,0x0f,0xb5,0x00,0x00,0x0f,0xb3,0x00,0x00,0x0f,0xb2,
  0x00,0x00,0x0f,0xb1,0x00,0x00,0x0f,0xb1,0x00,0x00,0x0f,0xb0,0x00,0x00,0x0f,0xae,
  0x00,0x00,0x0f,0xad,0x00,0x00,0x0f,0xac,0x00,0x00,0x0f,0xac,0x00,0x00,0x0f,0xab,
  0x00,0x00,0x0f,0xa9,0x00,0x00,0x0f,0xa8,0x00,0x00,0x0f,0xa7,0x00,0x00,0x0f,0xa7,
  0x00,0x00,0x0f,0xa6,0x00,0x00,0x0f,0xa4,0x00,0x00,0x0f,0xa3,0x00,0x00,0x0f,0xa2,
  0x00,0x00,0x0f,0xa2,0x00,0x00,0x0f,0xa1,0x80,0x00,0x0f,0x9f,0x00,0x00,0x02,0xd9,
  0x00,0x00,0x0f,0x9f,0x00,0x00,0x0f,0xa1,0x00,0x00,0x0f,0xa2,0x00,0x00,0x0f,0xa2,
  0x00,0x00,0x0f,0xa3,0x00,0x00,0x0f,0xa4,0x00,0x00,0x0f,0xa6,0x00,0x00,0x0f,0xa7,
  0x00,0x00,0x0f,0xa7,0x00,0x00,0x0f,0xa8,0x00,0x00,0x0f,0xa9,0x00,0x00,0x0f,0xab,
  0x00,0x00,0x0f,0xac,0x00,0x00,0x0f,0xac,0x00,0x00,0x0f,0xad,0x00,0x00,0x0f,0xae,
  0x00,0x00,0x0f,0xb0,0x00,0x00,0x0f,0xb1,0x00,0x00,0x0f,0xb1,0x00,0x00,0x0f,0xb2,
  0x00,0x00,0x0f,0xb3,0x00,0x00,0x0f,0xb5,0x00,0x00,0x0f,0xb6,0x00,0x00,0x0f,0xb6,
  0x00,0x00,0x0f,0xb7,0x00,0x00,0x0f,0xb8,0x00,0x00,0x0f,0xba,0x00,0x00,0x0f,0xbb,
  0x00,0x00,0x0f,0xbb,0x00,0x00,0x0f,0xbc,0x00,0x00,0x0f,0xbd,0x00,0x00,0x0f,0xbf,
  0x00,0x00,0x0f,0xc0,0x00,0x00,0x0f,0xc0,0x00,0x00,0x0f,0xc1,0x00,0x00,0x0f,0xc2,
  0x00,0x00,0x0f,0xc4,0x00,0x00,0x0f,0xc5,0x00,0x00,0x0f,0xc5,0x00,0x00,0x0f,0xc6,
  0x00,0x00,0x0f,0xc7,0x00,0x00,0x0f,0xc9,0x00,0x00,0x0f,0xca,0x00,0x00,0x0f,0xca,
  0x00,0x00,0x0f,0xcb,0x00,0x00,0x0f,0xcc,0x00,0x00,0x0f,0xce,0x00,0x00,0x0f,0xcf,
  0x00,0x00,0x0f,0xcf,0x00,0x00,0x0f,0xd0,0x00,0x00,0x0f,0xd1,0x00,0x00,0x0f,0xd3,
  0x00,0x00,0x0f,0xd4,0x00,0x00,0x0f,0xd4,0x00,0x00,0x0f,0xd5,0x00,0x00,0x0f,0xd6,
  0x00,0x00,0x0f,0xd8,0x00,0x00,0x0f,0xd9,0x00,0x00,0x0f,0xd9,0x00,0x00,0x0f,0xda,
  0x00,0x00,0x0f,0xdb,0x00,0x00,0x0f,0xdd,0x00,0x00,0x0f,0xde,0x00,0x00,0x0f,0xde,
  0x00,0x00,0x0f,0xdf,0x00,0x00,0x0f,0xe0,0x00,0x00,0x0f,0xe2,0x00,0x00,0x0f,0xe3,
  0x00,0x00,0x0f,0xe3,0x00,0x00,0x0f,0xe4,0x00,0x00,0x0f,0xe5,0x00,0x00,0x0f,0xe7,
  0x00,0x00,0x0f,0xe8,0x00,0x00,0x0f,0xe8,0x00,0x00,0x0f,0xe9,0x00,0x00,0x0f,0xea,
  0x00,0x00,0x0f,0xec,0x00,0x00,0x0f,0xed,0x00,0x00,0x0f,0xed,0x00,0x00,0x0f,0xee,
  0x00,0x00,0x0f,0xef,0x00,0x00,0x0f,0xf1,0x00,0x00,0x0f,0xf2,0x00,0x00,0x0f,0xf2,
  0x00,0x00,0x0f,0xf3,0x00,0x00,0x0f,0xf4,0x00,0x00,0x0f,0xf6,0x00,0x00,0x0f,0xf7,
  0x00,0x00,0x0f,0xf7,0x00,0x00,0x0f,0xf8,0x00,0x00,0x0f,0xf9,0x00,0x00,0x0f,0xfb,
  0x00,0x00,0x0f,0xfc,0x00,0x00,0x0f,0xfc,0x00,0x00,0x0f,0xfd,0x00,0x00,0x0f,0xfe,
  0x00,0x00,0x10,0x00,0x00,0x00,0x10,0x01,0x00,0x00,0x10,0x01,0x00,0x00,0x10,0x02,
  0x00,0x00,0x10,0x04,0x00,0x00,0x10,0x05,0x00,0x00,0x10,0x06,0x00,0x00,0x10,0x06,
  0x00,0x00,0x10,0x07,0x00,0x00,0x10,0x09,0x00,0x00,0x10,0x0a,0x00,0x00,0x10,0x0b,
  0x00,0x00,0x10,0x0b,0x00,0x00,0x10,0x0c,0x00,0x00,0x10,0x0e,0x00,0x00,0x10,0x0f,
  0x00,0x00,0x10,0x10,0x00,0x00,0x10,0x10,0x00,0x00,0x10,0x11,0x00,0x00,0x10,0x13,
  0x00,0x00,0x10,0x14,0x00,0x00,0x10,0x15,0x00,0x00,0x10,0x15,0x00,0x00,0x10,0x16,
  0x00,0x00,0x10,0x18,0x00,0x00,0x10,0x19,0x00,0x00,0x10,0x1a,0x00,0x00,0x10,0x1a,
  0x00,0x00,0x10,0x1b,0x00,0x00,0x10,0x1d,0x00,0x00,0x10,0x1e,0x00,0x00,0x10,0x1f,
  0x00,0x00,0x10,0x1f,0x00,0x00,0x10,0x20,0x00,0x00,0x10,0x22,0x00,0x00,0x10,0x23,
  0x00,0x00,0x10,0x24,0x00,0x00,0x10,0x24,0x00,0x00,0x10,0x25,0x00,0x00,0x10,0x27,
  0x00,0x00,0x10,0x28,0x00,0x00,0x10,0x29,0x00,0x00,0x10,0x29,0x00,0x00,0x10,0x2a,
  0x00,0x00,0x10,0x2c,0x00,0x00,0x10,0x2d,0x00,0x00,0x10,0x2e,0x00,0x00,0x10,0x2e,
  0x00,0x00,0x10,0x2f,0x00,0x00,0x10,0x31,0x00,0x00,0x10,0x32,0x00,0x00,0x10,0x33,
  0x00,0x00,0x10,0x33,0x00,0x00,0x10,0x34,0x00,0x00,0x10,0x36,0x00,0x00,0x10,0x37,
  0x00,0x00,0x10,0x38,0x00,0x00,0x10,0x38,0x00,0x00,0x10,0x39,0x00,0x00,0x10,0x3b,
  0x00,0x00,0x10,0x3c,0x00,0x00,0x10,0x3d,0x00,0x00,0x10,0x3d,0x00,0x00,0x10,0x3e,
  0x00,0x00,0x10,0x40,0x00,0x00,0x10,0x41,0x00,0x00,0x10,0x42,0x00,0x00,0x10,0x42,
  0x00,0x00,0x10,0x43,0x00,0x00,0x10,0x45,0x00,0x00,0x10,0x46,0x00,0x00,0x10,0x47,
  0x00,0x00,0x10,0x47,0x00,0x00,0x10,0x48,0x00,0x00,0x10,0x4a,0x00,0x00,0x10,0x4b,
  0x00,0x00,0x10,0x4c,0x00,0x00,0x10,0x4c,0x00,0x00,0x10,0x4d,0x00,0x00,0x10,0x4f,
  0x00,0x00,0x10,0x50,0x00,0x00,0x10,0x51,0x00,0x00,0x10,0x51,0x00,0x00,0x10,0x52,
  0x00,0x00,0x10,0x54,0x00,0x00,0x10,0x55,0x00,0x00,0x10,0x56,0x00,0x00,0x10,0x56,
  0x00,0x00,0x10,0x57,0x00,0x00,0x10,0x59,0x00,0x00,0x10,0x5a,0x00,0x00,0x10,0x5b,
  0x00,0x00,0x10,0x5b,0x00,0x00,0x10,0x5c,0x00,0x00,0x10,0x5e,0x00,0x00,0x10,0x5f,
  0x00,0x00,0x10,0x60,0x00,0x00,0x10,0x60,0x00,0x00,0x10,0x61,0x00,0x00,0x10,0x63,
  0x00,0x00,0x10,0x64,0x00,0x00,0x10,0x65,0x00,0x00,0x10,0x65,0x00,0x00,0x10,0x66,
  0x00,0x00,0x10,0x68,0x00,0x00,0x10,0x69,0x00,0x00,0x10,0x6a,0x00,0x00,0x10,0x6a,
  0x00,0x00,0x10,0x6b,0x00,0x00,0x10,0x6d,0x00,0x00,0x10,0x6e,0x00,0x00,0x10,0x6f,
  0x00,0x00,0x10,0x6f,0x00,0x00,0x10,0x70,0x00,0x00,0x10,0x72,0x00,0x00,0x10,0x73,
  0x00,0x00,0x10,0x74,0x00,0x00,0x10,0x74,0x00,0x00,0x10,0x75,0x00,0x00,0x10,0x77,
  0x00,0x00,0x10,0x78,0x00,0x00,0x10,0x79,0x00,0x00,0x10,0x79,0x00,0x00,0x10,0x7a,
  0x00,0x00,0x10,0x7c,0x00,0x00,0x10,0x7d,0x00,0x00,0x10,0x7e,0x00,0x00,0x10,0x7e,
  0x00,0x00,0x10,0x7f,0x00,0x00,0x10,0x81,0x00,0x00,0x10,0x82,0x00,0x00,0x10,0x83,
  0x00,0x00,0x10,0x83,0x00,0x00,0x10,0x84,0x00,0x00,0x10,0x86,0x00,0x00,0x10,0x87,
  0x00,0x00,0x10,0x88,0x00,0x00,0x10,0x88,0x00,0x00,0x10,0x89,0x00,0x00,0x10,0x8b,
  0x00,0x00,0x10,0x8c,0x00,0x00,0x10,0x8d,0x00,0x00,0x10,0x8d,0x00,0x00,0x10,0x8e,
  0x00,0x00,0x10,0x90,0x00,0x00,0x10,0x91,0x00,0x00,0x10,0x92,0x00,0x00,0x10,0x92,
  0x00,0x00,0x10,0x93,0x00,0x00,0x10,0x95,0x00,0x00,0x10,0x96,0x00,0x00,0x10,0x97,
  0x00,0x00,0x10,0x97,0x00,0x00,0x10,0x98,0x00,0x00,0x10,0x9a,0x00,0x00,0x10,0x9b,
  0x00,0x00,0x10,0x9c,0x00,0x00,0x10,0x9c,0x00,0x00,0x10,0x9d,0x00,0x00,0x10,0x9f,
  0x00,0x00,0x10,0xa0,0x00,0x00,0x10,0xa1,0x00,0x00,0x10,0xa1,0x00,0x00,0x10,0xa2,
  0x00,0x00,0x10,0xa4,0x00,0x00,0x10,0xa5,0x00,0x00,0x10,0xa6,0x00,0x00,0x10,0xa6,
  0x00,0x00,0x10,0xa7,0x00,0x00,0x10,0xa9,0x00,0x00,0x10,0xaa,0x00,0x00,0x10,0xab,
  0x00,0x00,0x10,0xab,0x00,0x00,0x10,0xac,0x00,0x00,0x10,0xae,0x00,0x00,0x10,0xaf,
  0x00,0x00,0x10,0xb0,0x00,0x00,0x10,0xb0,0x00,0x00,0x10,0xb1,0x00,0x00,0x10,0xb3,
  0x00,0x00,0x10,0xb4,0x00,0x00,0x10,0xb5,0x00,0x00,0x10,0xb5,0x00,0x00,0x10,0xb6,
  0x00,0x00,0x10,0xb8,0x00,0x00,0x10,0xb9,0x00,0x00,0x10,0xba,0x00,0x00,0x10,0xba,
  0x00,0x00,0x10,0xbb,0x00,0x00,0x10,0xbd,0x00,0x00,0x10,0xbe,0x00,0x00,0x10,0xbf,
  0x00,0x00,0x10,0xbf,0x00,0x00,0x10,0xc0,0x00,0x00,0x10,0xc2,0x00,0x00,0x10,0xc3,
  0x00,0x00,0x10,0xc4,0x00,0x00,0x10,0xc4,0x00,0x00,0x10,0xc5,0x00,0x00,0x10,0xc7,
  0x00,0x00,0x10,0xc8,0x00,0x00,0x10,0xc9,0x00,0x00,0x10,0xc9,0x00,0x00,0x10,0xca,
  0x00,0x00,0x10,0xcc,0x00,0x00,0x10,0xce,0x00,0x00,0x10,0xcf,0x00,0x00,0x10,0xd2,
  0x00,0x00,0x10,0xd3,0x00,0x00,0x10,0xd6,0x00,0x00,0x10,0xd8,0x00,0x00,0x10,0xd9,
  0x00,0x00,0x10,0xdc,0x00,0x00,0x10,0xdd,0x00,0x00,0x10,0xe0,0x00,0x00,0x10,0xe2,
  0x00,0x00,0x10,0xe3,0x00,0x00,0x10,0xe6,0x00,0x00,0x10,0xe7,0x00,0x00,0x10,0xea,
  0x00,0x00,0x10,0xec,0x00,0x00,0x10,0xed,0x00,0x00,0x10,0xf0,0x00,0x00,0x10,0xf1,
  0x00,0x00,0x10,0xf4,0x00,0x00,0x10,0xf6,0x00,0x00,0x10,0xf7,0x00,0x00,0x10,0xfa,
  0x00,0x00,0x10,0xfb,0x00,0x00,0x10,0xfe,0x00,0x00,0x11,0x00,0x00,0x00,0x11,0x01,
  0x00,0x00,0x11,0x04,0x00,0x00,0x11,0x05,0x00,0x00,0x11,0x08,0x00,0x00,0x11,0x0a,
  0x00,0x00,0x11,0x0b,0x00,0x00,0x11,0x0e,0x00,0x00,0x11,0x0f,0x00,0x00,0x11,0x12,
  0x00,0x00,0x11,0x14,0x00,0x00,0x11,0x15,0x00,0x00,0x11,0x18,0x00,0x00,0x11,0x19,
  0x00,0x00,0x11,0x1c,0x00,0x00,0x11,0x1e,0x00,0x00,0x11,0x1f,0x00,0x00,0x11,0x22,
  0x00,0x00,0x11,0x23,0x00,0x00,0x11,0x26,0x00,0x00,0x11,0x28,0x00,0x00,0x11,0x29,
  0x00,0x00,0x11,0x2c,0x00,0x00,0x11,0x2d,0x00,0x00,0x11,0x30,0x00,0x00,0x11,0x32,
  0x00,0x00,0x11,0x33,0x00,0x00,0x11,0x36,0x00,0x00,0x11,0x37,0x00,0x00,0x11,0x3a,
  0x00,0x00,0x11,0x3c,0x00,0x00,0x11,0x3d,0x00,0x00,0x11,0x40,0x00,0x00,0x11,0x41,
  0x00,0x00,0x11,0x44,0x00,0x00,0x11,0x46,0x00,0x00,0x11,0x47,0x00,0x00,0x11,0x4a,
  0x00,0x00,0x11,0x4b,0x00,0x00,0x11,0x4e,0x00,0x00,0x11,0x50,0x00,0x00,0x11,0x51,
  0x00,0x00,0x11,0x54,0x00,0x00,0x11,0x55,0x00,0x00,0x11,0x58,0x00,0x00,0x11,0x5a,
  0x00,0x00,0x11,0x5b,0x00,0x00,0x11,0x5e,0x00,0x00,0x11,0x5f,0x00,0x00,0x11,0x62,
  0x00,0x00,0x11,0x64,0x00,0x00,0x11,0x65,0x00,0x00,0x11,0x68,0x00,0x00,0x11,0x69,
  0x00,0x00,0x11,0x6c,0x00,0x00,0x11,0x6e,0x00,0x00,0x11,0x6f,0x00,0x00,0x11,0x72,
  0x00,0x00,0x11,0x73,0x00,0x00,0x11,0x76,0x00,0x00,0x11,0x78,0x00,0x00,0x11,0x79,
  0x00,0x00,0x11,0x7c,0x00,0x00,0x11,0x7d,0x00,0x00,0x11,0x80,0x00,0x00,0x11,0x82,
  0x00,0x00,0x11,0x83,0x00,0x00,0x11,0x86,0x00,0x00,0x11,0x87,0x00,0x00,0x11,0x8a,
  0x00,0x00,0x11,0x8c,0x00,0x00,0x11,0x8d,0x00,0x00,0x11,0x90,0x00,0x00,0x11,0x91,
  0x00,0x00,0x11,0x94,0x00,0x00,0x11,0x96,0x00,0x00,0x11,0x97,0x00,0x00,0x11,0x9a,
  0x00,0x00,0x11,0x9b,0x00,0x00,0x11,0x9e,0x00,0x00,0x11,0xa0,0x00,0x00,0x11,0xa1,
  0x00,0x00,0x11,0xa4,0x00,0x00,0x11,0xa5,0x00,0x00,0x11,0xa8,0x00,0x00,0x11,0xaa,
  0x00,0x00,0x11,0xab,0x00,0x00,0x11,0xae,0x00,0x00,0x11,0xaf,0x00,0x00,0x11,0xb2,
  0x00,0x00,0x11,0xb4,0x00,0x00,0x11,0xb5,0x00,0x00,0x11,0xb8,0x00,0x00,0x11,0xb9,
  0x00,0x00,0x11,0xbc,0x00,0x00,0x11,0xbe,0x00,0x00,0x11,0xbf,0x00,0x00,0x11,0xc2,
  0x00,0x00,0x11,0xc3,0x00,0x00,0x11,0xc6,0x00,0x00,0x11,0xc8,0x00,0x00,0x11,0xc9,
  0x00,0x00,0x11,0xcc,0x00,0x00,0x11,0xcd,0x00,0x00,0x11,0xd0,0x00,0x00,0x11,0xd2,
  0x00,0x00,0x11,0xd3,0x00,0x00,0x11,0xd6,0x00,0x00,0x11,0xd7,0x00,0x00,0x11,0xda,
  0x00,0x00,0x11,0xdc,0x00,0x00,0x11,0xdd,0x00,0x00,0x11,0xe0,0x00,0x00,0x11,0xe1,
  0x00,0x00,0x11,0xe4,0x00,0x00,0x11,0xe6,0x00,0x00,0x11,0xe7,0x00,0x00,0x11,0xea,
  0x00,0x00,0x11,0xeb,0x00,0x00,0x11,0xee,0x00,0x00,0x11,0xf0,0x00,0x00,0x11,0xf1,
  0x00,0x00,0x11,0xf4,0x00,0x00,0x11,0xf5,0x00,0x00,0x11,0xf8,0x00,0x00,0x11,0xfa,
  0x00,0x00,0x11,0xfb,0x00,0x00,0x11,0xfe,0x00,0x00,0x11,0xff,0x00,0x00,0x12,0x02,
  0x00,0x00,0x12,0x04,0x00,0x00,0x12,0x05,0x00,0x00,0x12,0x08,0x00,0x00,0x12,0x09,
  0x00,0x00,0x12,0x0c,0x00,0x00,0x12,0x0e,0x00,0x00,0x12,0x0f,0x00,0x00,0x12,0x12,
  0x00,0x00,0x12,0x13,0x00,0x00,0x12,0x16,0x00,0x00,0x12,0x18,0x00,0x00,0x12,0x19,
  0x00,0x00,0x12,0x1c,0x00,0x00,0x12,0x1d,0x00,0x00,0x12,0x20,0x00,0x00,0x12,0x22,
  0x00,0x00,0x12,0x23,0x00,0x00,0x12,0x26,0x00,0x00,0x12,0x27,0x00,0x00,0x12,0x2a,
  0x00,0x00,0x12,0x2c,0x00,0x00,0x12,0x2d,0x00,0x00,0x12,0x30,0x00,0x00,0x12,0x31,
  0x00,0x00,0x12,0x34,0x00,0x00,0x12,0x36,0x00,0x00,0x12,0x37,0x00,0x00,0x12,0x3a,
  0x00,0x00,0x12,0x3b,0x00,0x00,0x12,0x3e,0x00,0x00,0x12,0x40,0x00,0x00,0x12,0x41,
  0x00,0x00,0x12,0x44,0x00,0x00,0x12,0x45,0x00,0x00,0x12,0x49,0x00,0x00,0x12,0x4b,
  0x00,0x00,0x12,0x4f,0x00,0x00,0x12,0x52,0x00,0x00,0x12,0x54,0x00,0x00,0x12,0x58,
  0x00,0x00,0x12,0x5a,0x00,0x00,0x12,0x5e,0x00,0x00,0x12,0x61,0x00,0x00,0x12,0x63,
  0x00,0x00,0x12,0x67,0x00,0x00,0x12,0x69,0x00,0x00,0x12,0x6d,0x00,0x00,0x12,0x70,
  0x00,0x00,0x12,0x72,0x00,0x00,0x12,0x76,0x00,0x00,0x12,0x78,0x00,0x00,0x12,0x7c,
  0x00,0x00,0x12,0x7f,0x00,0x00,0x12,0x81,0x00,0x00,0x12,0x85,0x00,0x00,0x12,0x87,
  0x00,0x00,0x12,0x8b,0x00,0x00,0x12,0x8e,0x00,0x00,0x12,0x90,0x00,0x00,0x12,0x94,
  0x00,0x00,0x12,0x96,0x00,0x00,0x12,0x9a,0x00,0x00,0x12,0x9d,0x00,0x00,0x12,0x9f,
  0x00,0x00,0x12,0xa3,0x00,0x00,0x12,0xa5,0x00,0x00,0x12,0xa9,0x00,0x00,0x12,0xac,
  0x00,0x00,0x12,0xae,0x00,0x00,0x12,0xb2,0x00,0x00,0x12,0xb4,0x00,0x00,0x12,0xb8,
  0x00,0x00,0x12,0xbb,0x00,0x00,0x12,0xbd,0x00,0x00,0x12,0xc1,0x00,0x00,0x12,0xc3,
  0x00,0x00,0x12,0xc7,0x00,0x00,0x12,0xca,0x00,0x00,0x12,0xcc,0x00,0x00,0x12,0xd0,
  0x00,0x00,0x12,0xd2,0x00,0x00,0x12,0xd6,0x00,0x00,0x12,0xd9,0x00,0x00,0x12,0xdb,
  0x00,0x00,0x12,0xdf,0x00,0x00,0x12,0xe1,0x00,0x00,0x12,0xe5,0x00,0x00,0x12,0xe8,
  0x00,0x00,0x12,0xea,0x00,0x00,0x12,0xee,0x00,0x00,0x12,0xf0,0x00,0x00,0x12,0xf4,
  0x00,0x00,0x12,0xf7,0x00,0x00,0x12,0xf9,0x00,0x00,0x12,0xfd,0x00,0x00,0x12,0xff,
  0x00,0x00,0x13,0x03,0x00,0x00,0x13,0x06,0x00,0x00,0x13,0x08,0x00,0x00,0x13,0x0c,
  0x00,0x00,0x13,0x0e,0x00,0x00,0x13,0x12,0x00,0x00,0x13,0x15,0x00,0x00,0x13,0x17,
  0x00,0x00,0x13,0x1b,0x00,0x00,0x13,0x1d,0x00,0x00,0x13,0x21,0x00,0x00,0x13,0x24,
  0x00,0x00,0x13,0x26,0x00,0x00,0x13,0x2a,0x00,0x00,0x13,0x2c,0x00,0x00,0x13,0x30,
  0x00,0x00,0x13,0x33,0x00,0x00,0x13,0x35,0x00,0x00,0x13,0x39,0x00,0x00,0x13,0x3b,
  0x00,0x00,0x13,0x3f,0x00,0x00,0x13,0x42,0x00,0x00,0x13,0x44,0x00,0x00,0x13,0x48,
  0x00,0x00,0x13,0x4a,0x00,0x00,0x13,0x4e,0x00,0x00,0x13,0x51,0x00,0x00,0x13,0x53,
  0x00,0x00,0x13,0x57,0x00,0x00,0x13,0x5b,0x00,0x00,0x13,0x5e,0x00,0x00,0x13,0x62,
  0x00,0x00,0x13,0x67,0x00,0x00,0x13,0x6b,0x00,0x00,0x13,0x6f,0x00,0x00,0x13,0x72,
  0x00,0x00,0x13,0x76,0x00,0x00,0x13,0x7b,0x00,0x00,0x13,0x7f,0x00,0x00,0x13,0x83,
  0x00,0x00,0x13,0x86,0x00,0x00,0x13,0x8a,0x00,0x00,0x13,0x8f,0x00,0x00,0x13,0x93,
  0x00,0x00,0x13,0x97,0x00,0x00,0x13,0x9a,0x00,0x00,0x13,0x9e,0x00,0x00,0x13,0xa3,
  0x00,0x00,0x13,0xa7,0x00,0x00,0x13,0xab,0x00,0x00,0x13,0xae,0x00,0x00,0x13,0xb2,
  0x00,0x00,0x13,0xb7,0x00,0x00,0x13,0xbb,0x00,0x00,0x13,0xbf,0x00,0x00,0x13,0xc2,
  0x00,0x00,0x13,0xc6,0x00,0x00,0x13,0xcb,0x00,0x00,0x13,0xcf,0x00,0x00,0x13,0xd3,
  0x00,0x00,0x13,0xd6,0x00,0x00,0x13,0xda,0x00,0x00,0x13,0xdf,0x00,0x00,0x13,0xe3,
  0x00,0x00,0x13,0xe7,0x00,0x00,0x13,0xea,0x00,0x00,0x13,0xee,0x00,0x00,0x13,0xf3,
  0x00,0x00,0x13,0xf7,0x00,0x00,0x13,0xfb,0x00,0x00,0x13,0xfe,0x00,0x00,0x14,0x02,
  0x00,0x00,0x14,0x07,0x00,0x00,0x14,0x0b,0x00,0x00,0x14,0x0e,0x00,0x00,0x14,0x12,
  0x00,0x00,0x14,0x16,0x00,0x00,0x14,0x1b,0x00,0x00,0x14,0x1f,0x00,0x00,0x14,0x22,
  0x00,0x00,0x14,0x26,0x00,0x00,0x14,0x2a,0x00,0x00,0x14,0x2f,0x00,0x00,0x14,0x33,
  0x00,0x00,0x14,0x36,0x00,0x00,0x14,0x3a,0x00,0x00,0x14,0x3e,0x00,0x00,0x14,0x43,
  0x00,0x00,0x14,0x48,0x00,0x00,0x14,0x4d,0x00,0x00,0x14,0x52,0x00,0x00,0x14,0x57,
  0x00,0x00,0x14,0x5c,0x00,0x00,0x14,0x61,0x00,0x00,0x14,0x66,0x00,0x00,0x14,0x6b,
  0x00,0x00,0x14,0x70,0x00,0x00,0x14,0x75,0x00,0x00,0x14,0x7a,0x00,0x00,0x14,0x7f,
  0x00,0x00,0x14,0x84,0x00,0x00,0x14,0x89,0x00,0x00,0x14,0x8e,0x00,0x00,0x14,0x93,
  0x00,0x00,0x14,0x98,0x00,0x00,0x14,0x9d,0x00,0x00,0x14,0xa2,0x00,0x00,0x14,0xa7,
  0x00,0x00,0x14,0xac,0x00,0x00,0x14,0xb1,0x00,0x00,0x14,0xb6,0x00,0x00,0x14,0xbb,
  0x00,0x00,0x14,0xc0,0x00,0x00,0x14,0xc5,0x00,0x00,0x14,0xca,0x00,0x00,0x14,0xcf,
  0x00,0x00,0x14,0xd4,0x00,0x00,0x14,0xd9,0x00,0x00,0x14,0xde,0x00,0x00,0x14,0xe3,
  0x00,0x00,0x14,0xe8,0x00,0x00,0x14,0xed,0x00,0x00,0x14,0xf2,0x00,0x00,0x14,0xf7,
  0x00,0x00,0x14,0xfc,0x00,0x00,0x15,0x01,0x00,0x00,0x15,0x06,0x00,0x00,0x15,0x0b,
  0x00,0x00,0x15,0x10,0x00,0x00,0x15,0x16,0x00,0x00,0x15,0x1c,0x00,0x00,0x15,0x23,
  0x00,0x00,0x15,0x29,0x00,0x00,0x15,0x2e,0x00,0x00,0x15,0x34,0x00,0x00,0x15,0x3a,
  0x00,0x00,0x15,0x41,0x00,0x00,0x15,0x47,0x00,0x00,0x15,0x4c,0x00,0x00,0x15,0x52,
  0x00,0x00,0x15,0x58,0x00,0x00,0x15,0x5f,0x00,0x00,0x15,0x65,0x00,0x00,0x15,0x6a,
  0x00,0x00,0x15,0x70,0x00,0x00,0x15,0x76,0x00,0x00,0x15,0x7d,0x00,0x00,0x15,0x83,
  0x00,0x00,0x15,0x88,0x00,0x00,0x15,0x8e,0x00,0x00,0x15,0x94,0x00,0x00,0x15,0x9b,
  0x00,0x00,0x15,0xa1,0x00,0x00,0x15,0xa6,0x00,0x00,0x15,0xac,0x00,0x00,0x15,0xb2,
  0x00,0x00,0x15,0xb9,0x00,0x00,0x15,0xbf,0x00,0x00,0x15,0xc4,0x00,0x00,0x15,0xcb,
  0x00,0x00,0x15,0xd3,0x00,0x00,0x15,0xd9,0x00,0x00,0x15,0xe1,0x00,0x00,0x15,0xe7,
  0x00,0x00,0x15,0xee,0x00,0x00,0x15,0xf6,0x00,0x00,0x15,0xfc,0x00,0x00,0x16,0x04,
  0x00,0x00,0x16,0x0a,0x00,0x00,0x16,0x11,0x00,0x00,0x16,0x19,0x00,0x00,0x16,0x1f,
  0x00,0x00,0x16,0x27,0x00,0x00,0x16,0x2d,0x00,0x00,0x16,0x34,0x00,0x00,0x16,0x3c,
  0x00,0x00,0x16,0x42,0x00,0x00,0x16,0x4a,0x00,0x00,0x16,0x50,0x00,0x00,0x16,0x57,
  0x00,0x00,0x16,0x5f,0x00,0x00,0x16,0x65,0x00,0x00,0x16,0x6e,0x00,0x00,0x16,0x75,
  0x00,0x00,0x16,0x7d,0x00,0x00,0x16,0x86,0x00,0x00,0x16,0x8d,0x00,0x00,0x16,0x96,
  0x00,0x00,0x16,0x9d,0x00,0x00,0x16,0xa5,0x00,0x00,0x16,0xae,0x00,0x00,0x16,0xb5,
  0x00,0x00,0x16,0xbe,0x00,0x00,0x16,0xc5,0x00,0x00,0x16,0xcd,0x00,0x00,0x16,0xd6,
  0x00,0x00,0x16,0xdd,0x00,0x00,0x16,0xe6,0x00,0x00,0x16,0xed,0x00,0x00,0x16,0xf5,
  0x00,0x00,0x16,0xfe,0x00,0x00,0x17,0x05,0x00,0x00,0x17,0x0e,0x00,0x00,0x17,0x18,
  0x00,0x00,0x17,0x21,0x00,0x00,0x17,0x29,0x00,0x00,0x17,0x32,0x00,0x00,0x17,0x3b,
  0x00,0x00,0x17,0x45,0x00,0x00,0x17,0x4e,0x00,0x00,0x17,0x56,0x00,0x00,0x17,0x5f,
  0x00,0x00,0x17,0x68,0x00,0x00,0x17,0x72,0x00,0x00,0x17,0x7b,0x00,0x00,0x17,0x83,
  0x00,0x00,0x17,0x8c,0x00,0x00,0x17,0x95,0x00,0x00,0x17,0x9f,0x00,0x00,0x17,0xa9,
  0x00,0x00,0x17,0xb3,0x00,0x00,0x17,0xbd,0x00,0x00,0x17,0xc7,0x00,0x00,0x17,0xd1,
  0x00,0x00,0x17,0xdb,0x00,0x00,0x17,0xe5,0x00,0x00,0x17,0xef,0x00,0x00,0x17,0xf9,
  0x00,0x00,0x18,0x03,0x00,0x00,0x18,0x0d,0x00,0x00,0x18,0x17,0x00,0x00,0x18,0x22,
  0x00,0x00,0x18,0x2d,0x00,0x00,0x18,0x39,0x00,0x00,0x18,0x44,0x00,0x00,0x18,0x4e,
  0x00,0x00,0x18,0x59,0x00,0x00,0x18,0x64,0x00,0x00,0x18,0x70,0x00,0x00,0x18,0x7b,
  0x00,0x00,0x18,0x85,0x00,0x00,0x18,0x90,0x00,0x00,0x18,0x9b,0x00,0x00,0x18,0xa8,
  0x00,0x00,0x18,0xb3,0x00,0x00,0x18,0xc0,0x00,0x00,0x18,0xcb,0x00,0x00,0x18,0xd7,
  0x00,0x00,0x18,0xe4,0x00,0x00,0x18,0xef,0x00,0x00,0x18,0xfc,0x00,0x00,0x19,0x07,
  0x00,0x00,0x19,0x13,0x00,0x00,0x19,0x20,0x00,0x00,0x19,0x2e,0x00,0x00,0x19,0x3a,
  0x00,0x00,0x19,0x48,0x00,0x00,0x19,0x54,0x00,0x00,0x19,0x61,0x00,0x00,0x19,0x6f,
  0x00,0x00,0x19,0x7b,0x00,0x00,0x19,0x89,0x00,0x00,0x19,0x97,0x00,0x00,0x19,0xa4,
  0x00,0x00,0x19,0xb2,0x00,0x00,0x19,0xc0,0x00,0x00,0x19,0xcf,0x00,0x00,0x19,0xdd,
  0x00,0x00,0x19,0xea,0x00,0x00,0x19,0xf8,0x00,0x00,0x1a,0x07,0x00,0x00,0x1a,0x16,
  0x00,0x00,0x1a,0x25,0x00,0x00,0x1a,0x34,0x00,0x00,0x1a,0x43,0x00,0x00,0x1a,0x52,
  0x00,0x00,0x1a,0x61,0x00,0x00,0x1a,0x71,0x00,0x00,0x1a,0x82,0x00,0x00,0x1a,0x92,
  0x00,0x00,0x1a,0xa1,0x00,0x00,0x1a,0xb1,0x00,0x00,0x1a,0xc1,0x00,0x00,0x1a,0xd3,
  0x00,0x00,0x1a,0xe3,0x00,0x00,0x1a,0xf5,0x00,0x00,0x1b,0x05,0x00,0x00,0x1b,0x16,
  0x00,0x00,0x1b,0x28,0x00,0x00,0x1b,0x39,0x00,0x00,0x1b,0x4b,0x00,0x00,0x1b,0x5e,
  0x00,0x00,0x1b,0x6f,0x00,0x00,0x1b,0x84,0x00,0x00,0x1b,0x99,0x00,0x00,0x1b,0xae,
  0x00,0x00,0x1b,0xc3,0x00,0x00,0x1b,0xd8,0x00,0x00,0x1b,0xed,0x00,0x00,0x1c,0x02,
  0x00,0x00,0x1c,0x18,0x00,0x00,0x1c,0x2d,0x00,0x00,0x1c,0x43,0x00,0x00,0x1c,0x59,
  0x00,0x00,0x1c,0x6f,0x00,0x00,0x1c,0x85,0x00,0x00,0x1c,0x9b,0x00,0x00,0x1c,0xb1,
  0x00,0x00,0x1c,0xc8,0x00,0x00,0x1c,0xdf,0x00,0x00,0x1c,0xf5,0x00,0x00,0x1d,0x0c,
  0x00,0x00,0x1d,0x23,0x00,0x00,0x1d,0x3b,0x00,0x00,0x1d,0x52,0x00,0x00,0x1d,0x6a,
  0x00,0x00,0x1d,0x81,0x00,0x00,0x1d,0x99,0x00,0x00,0x1d,0xb1,0x00,0x00,0x1d,0xc9,
  0x00,0x00,0x1d,0xe1,0x00,0x00,0x1d,0xfa,0x00,0x00,0x1e,0x12,0x00,0x00,0x1e,0x2b,
  0x00,0x00,0x1e,0x44,0x00,0x00,0x1e,0x5d,0x00,0x00,0x1e,0x76,0x00,0x00,0x1e,0x90,
  0x00,0x00,0x1e,0xa9,0x00,0x00,0x1e,0xc3,0x00,0x00,0x1e,0xdd,0x00,0x00,0x1e,0xf7,
  0x00,0x00,0x1f,0x11,0x00,0x00,0x1f,0x2b,0x00,0x00,0x1f,0x46,0x00,0x00,0x1f,0x61,
  0x00,0x00,0x1f,0x7c,0x00,0x00,0x1f,0x97,0x00,0x00,0x1f,0xb2,0x00,0x00,0x1f,0xce,
  0x00,0x00,0x1f,0xe9,0x00,0x00,0x20,0x05,0x00,0x00,0x20,0x21,0x00,0x00,0x20,0x3e,
  0x00,0x00,0x20,0x5a,0x00,0x00,0x20,0x77,0x00,0x00,0x20,0x93,0x00,0x00,0x20,0xb0,
  0x00,0x00,0x20,0xce,0x00,0x00,0x20,0xeb,0x00,0x00,0x21,0x09,0x00,0x00,0x21,0x27,
  0x00,0x00,0x21,0x45,0x00,0x00,0x21,0x63,0x00,0x00,0x21,0x82,0x00,0x00,0x21,0xa0,
  0x00,0x00,0x21,0xbf,0x00,0x00,0x21,0xde,0x00,0x00,0x21,0xfe,0x00,0x00,0x22,0x1d,
  0x00,0x00,0x22,0x3d,0x00,0x00,0x22,0x5d,0x00,0x00,0x22,0x7e,0x00,0x00,0x22,0x9e,
  0x00,0x00,0x22,0xbf,0x00,0x00,0x22,0xe0,0x00,0x00,0x23,0x01,0x00,0x00,0x23,0x23,
  0x00,0x00,0x23,0x45,0x00,0x00,0x23,0x67,0x00,0x00,0x23,0x89,0x00,0x00,0x23,0xac,
  0x00,0x00,0x23,0xce,0x00,0x00,0x23,0xf1,0x00,0x00,0x24,0x15,0x00,0x00,0x24,0x38,
  0x00,0x00,0x24,0x5c,0x00,0x00,0x24,0x81,0x00,0x00,0x24,0xa5,0x00,0x00,0x24,0xca,
  0x00,0x00,0x24,0xef,0x00,0x00,0x25,0x14,0x00,0x00,0x25,0x3a,0x00,0x00,0x25,0x60,
  0x00,0x00,0x25,0x86,0x00,0x00,0x25,0xac,0x00,0x00,0x25,0xd3,0x00,0x00,0x25,0xfa,
  0x00,0x00,0x26,0x22,0x00,0x00,0x26,0x4a,0x00,0x00,0x26,0x72,0x00,0x00,0x26,0x9a,
  0x00,0x00,0x26,0xc3,0x00,0x00,0x26,0xec,0x00,0x00,0x27,0x16,0x00,0x00,0x27,0x40,
  0x00,0x00,0x27,0x6a,0x00,0x00,0x27,0x94,0x00,0x00,0x27,0xbf,0x00,0x00,0x27,0xea,
  0x00,0x00,0x28,0x16,0x00,0x00,0x28,0x42,0x00,0x00,0x28,0x6f,0x00,0x00,0x28,0x9b,
  0x00,0x00,0x28,0xc8,0x00,0x00,0x28,0xf6,0x00,0x00,0x29,0x24,0x00,0x00,0x29,0x52,
  0x00,0x00,0x29,0x81,0x00,0x00,0x29,0xb0,0x00,0x00,0x29,0xe0,0x00,0x00,0x2a,0x10,
  0x00,0x00,0x2a,0x40,0x00,0x00,0x2a,0x71,0x00,0x00,0x2a,0xa2,0x00,0x00,0x2a,0xd4,
  0x00,0x00,0x2b,0x07,0x00,0x00,0x2b,0x39,0x00,0x00,0x2b,0x6c,0x00,0x00,0x2b,0xa0,
  0x00,0x00,0x2b,0xd4,0x00,0x00,0x2c,0x09,0x00,0x00,0x2c,0x3e,0x00,0x00,0x2c,0x74,
  0x00,0x00,0x2c,0xaa,0x00,0x00,0x2c,0xe0,0x00,0x00,0x2d,0x17,0x00,0x00,0x2d,0x4f,
  0x00,0x00,0x2d,0x87,0x00,0x00,0x2d,0xc0,0x00,0x00,0x2d,0xfa,0x00,0x00,0x2e,0x34,
  0x00,0x00,0x2e,0x6e,0x00,0x00,0x2e,0xa9,0x00,0x00,0x2e,0xe5,0x00,0x00,0x2f,0x21,
  0x00,0x00,0x2f,0x5e,0x00,0x00,0x2f,0x9b,0x00,0x00,0x2f,0xd9,0x00,0x00,0x30,0x18,
  0x00,0x00,0x30,0x58,0x00,0x00,0x30,0x98,0x00,0x00,0x30,0xd8,0x00,0x00,0x31,0x1a,
  0x00,0x00,0x31,0x5c,0x00,0x00,0x31,0x9f,0x00,0x00,0x31,0xe2,0x00,0x00,0x32,0x26,
  0x00,0x00,0x32,0x6b,0x00,0x00,0x32,0xb1,0x00,0x00,0x32,0xf7,0x00,0x00,0x33,0x3f,
  0x00,0x00,0x33,0x87,0x00,0x00,0x33,0xcf,0x00,0x00,0x34,0x19,0x00,0x00,0x34,0x63,
  0x00,0x00,0x34,0xaf,0x00,0x00,0x34,0xfb,0x00,0x00,0x35,0x48,0x00,0x00,0x35,0x95,
  0x00,0x00,0x35,0xe4,0x00,0x00,0x36,0x34,0x00,0x00,0x36,0x84,0x00,0x00,0x36,0xd6,
  0x00,0x00,0x37,0x28,0x00,0x00,0x37,0x7c,0x00,0x00,0x37,0xd0,0x00,0x00,0x38,0x26,
  0x00,0x00,0x38,0x7c,0x00,0x00,0x38,0xd4,0x00,0x00,0x39,0x2c,0x00,0x00,0x39,0x86,
  0x00,0x00,0x39,0xe1,0x00,0x00,0x3a,0x3d,0x00,0x00,0x3a,0x9a,0x00,0x00,0x3a,0xf8,
  0x00,0x00,0x3b,0x57,0x00,0x00,0x3b,0xb8,0x00,0x00,0x3c,0x1a,0x00,0x00,0x3c,0x7d,
  0x00,0x00,0x3c,0xe1,0x00,0x00,0x3d,0x47,0x00,0x00,0x3d,0xae,0x80,0x00,0x3f,0x00,
  0x00,0x00,0x00,0x14,0x80,0x00,0x3f,0x00,0x80,0x00,0x00,0x00,0x80,0x00,0x3f,0x00,
  0x00,0x00,0x3e,0xf8,0x00,0x00,0x3f,0x2e,0x00,0x00,0x3f,0x65,0x00,0x00,0x3f,0x9c,
  0x00,0x00,0x3f,0xd3,0x00,0x00,0x40,0x0b,0x00,0x00,0x40,0x43,0x00,0x00,0x40,0x7c,
  0x00,0x00,0x40,0xb4,0x00,0x00,0x40,0xee,0x00,0x00,0x41,0x27,0x00,0x00,0x41,0x61,
  0x00,0x00,0x41,0x9c,0x00,0x00,0x41,0xd7,0x00,0x00,0x42,0x12,0x00,0x00,0x42,0x4e,
  0x00,0x00,0x42,0x8a,0x00,0x00,0x42,0xc7,0x00,0x00,0x43,0x04,0x00,0x00,0x43,0x41,
  0x00,0x00,0x43,0x7f,0x00,0x00,0x43,0xbd,0x00,0x00,0x43,0xfc,0x00,0x00,0x44,0x3b,
  0x00,0x00,0x44,0x7b,0x00,0x00,0x44,0xbb,0x00,0x00,0x44,0xfc,0x00,0x00,0x45,0x3d,
  0x00,0x00,0x45,0x7e,0x00,0x00,0x45,0xc1,0x00,0x00,0x46,0x03,0x00,0x00,0x46,0x46,
  0x00,0x00,0x46,0x8a,0x00,0x00,0x46,0xce,0x00,0x00,0x47,0x12,0x00,0x00,0x47,0x58,
  0x00,0x00,0x47,0x9d,0x00,0x00,0x47,0xe3,0x00,0x00,0x48,0x2a,0x00,0x00,0x48,0x71,
  0x00,0x00,0x48,0xb9,0x00,0x00,0x49,0x02,0x00,0x00,0x49,0x4a,0x00,0x00,0x49,0x94,
  0x00,0x00,0x49,0xde,0x00,0x00,0x4a,0x29,0x00,0x00,0x4a,0x74,0x00,0x00,0x4a,0xc0,
  0x00,0x00,0x4b,0x0c,0x00,0x00,0x4b,0x59,0x00,0x00,0x4b,0xa7,0x00,0x00,0x4b,0xf5,
  0x00,0x00,0x4c,0x45,0x00,0x00,0x4c,0x94,0x00,0x00,0x4c,0xe4,0x00,0x00,0x4d,0x35,
  0x00,0x00,0x4d,0x87,0x00,0x00,0x4d,0xd9,0x00,0x00,0x4e,0x2c,0x00,0x00,0x4e,0x80,
  0x00,0x00,0x4e,0xd4,0x00,0x00,0x4f,0x29,0x00,0x00,0x4f,0x7f,0x00,0x00,0x4f,0xd5,
  0x00,0x00,0x50,0x2d,0x00,0x00,0x50,0x85,0x00,0x00,0x50,0xde,0x00,0x00,0x51,0x37,
  0x00,0x00,0x51,0x91,0x00,0x00,0x51,0xec,0x00,0x00,0x52,0x48,0x00,0x00,0x52,0xa5,
  0x00,0x00,0x53,0x03,0x00,0x00,0x53,0x61,0x00,0x00,0x53,0xc0,0x00,0x00,0x54,0x20,
  0x00,0x00,0x54,0x81,0x00,0x00,0x54,0xe3,0x00,0x00,0x55,0x45,0x00,0x00,0x55,0xa9,
  0x00,0x00,0x56,0x0e,0x00,0x00,0x56,0x73,0x00,0x00,0x56,0xd9,0x00,0x00,0x57,0x41,
  0x00,0x00,0x57,0xa9,0x00,0x00,0x58,0x12,0x00,0x00,0x58,0x7c,0x00,0x00,0x58,0xe8,
  0x00,0x00,0x59,0x54,0x00,0x00,0x59,0xc1,0x00,0x00,0x5a,0x2f,0x00,0x00,0x5a,0x9f,
  0x00,0x00,0x5b,0x0f,0x00,0x00,0x5b,0x81,0x00,0x00,0x5b,0xf4,0x00,0x00,0x5c,0x68,
  0x00,0x00,0x5c,0xdc,0x00,0x00,0x5d,0x53,0x00,0x00,0x5d,0xca,0x00,0x00,0x5e,0x42,
  0x00,0x00,0x5e,0xbc,0x00,0x00,0x5f,0x37,0x00,0x00,0x5f,0xb3,0x00,0x00,0x60,0x31,
  0x00,0x00,0x60,0xb0,0x00,0x00,0x61,0x30,0x00,0x00,0x61,0xb1,0x00,0x00,0x62,0x34,
  0x00,0x00,0x62,0xb8,0x00,0x00,0x63,0x3e,0x00,0x00,0x63,0xc5,0x00,0x00,0x64,0x4d,
  0x00,0x00,0x64,0xd7,0x00,0x00,0x65,0x62,0x00,0x00,0x65,0xef,0x00,0x00,0x66,0x7e,
  0x00,0x00,0x67,0x0e,0x00,0x00,0x67,0x9f,0x00,0x00,0x68,0x32,0x00,0x00,0x68,0xc7,
  0x00,0x00,0x69,0x5e,0x00,0x00,0x69,0xf6,0x00,0x00,0x6a,0x90,0x00,0x00,0x6b,0x2b,
  0x00,0x00,0x6b,0xc9,0x00,0x00,0x6c,0x68,0x00,0x00,0x6d,0x09,0x00,0x00,0x6d,0xac,
  0x00,0x00,0x6e,0x51,0x00,0x00,0x6e,0xf8,0x00,0x00,0x6f,0xa1,0x00,0x00,0x70,0x4c,
  0x00,0x00,0x70,0xf9,0x00,0x00,0x71,0xa8,0x00,0x00,0x72,0x59,0x00,0x00,0x73,0x0c,
  0x00,0x00,0x73,0xc2,0x00,0x00,0x74,0x7a,0x00,0x00,0x75,0x34,0x00,0x00,0x75,0xf0,
  0x00,0x00,0x76,0xaf,0x00,0x00,0x77,0x70,0x00,0x00,0x78,0x34,0x00,0x00,0x78,0xfa,
  0x00,0x00,0x79,0xc3,0x00,0x00,0x7a,0x8e,0x00,0x00,0x7b,0x5d,0x00,0x00,0x7c,0x2d,
  0x00,0x00,0x7d,0x01,0x00,0x00,0x7d,0xd7,0x00,0x00,0x7e,0xb1,0x00,0x00,0x7f,0x8d,
  0x00,0x00,0x80,0x6c,0x00,0x00,0x81,0x4f,0x00,0x00,0x82,0x34,0x00,0x00,0x83,0x1d,
  0x00,0x00,0x84,0x09,0x00,0x00,0x84,0xf8,0x00,0x00,0x85,0xeb,0x00,0x00,0x86,0xe1,
  0x00,0x00,0x87,0xdb,0x00,0x00,0x88,0xd8,0x00,0x00,0x89,0xda,0x00,0x00,0x8a,0xdf,
  0x00,0x00,0x8b,0xe7,0x00,0x00,0x8c,0xf4,0x00,0x00,0x8e,0x05,0x00,0x00,0x8f,0x1a,
  0x00,0x00,0x90,0x34,0x00,0x00,0x91,0x51,0x00,0x00,0x92,0x73,0x00,0x00,0x93,0x9a,
  0x00,0x00,0x94,0xc5,0x00,0x00,0x95,0xf5,0x00,0x00,0x97,0x2a,0x00,0x00,0x98,0x64,
  0x00,0x00,0x99,0xa4,0x00,0x00,0x9a,0xe8,0x00,0x00,0x9c,0x32,0x00,0x00,0x9d,0x81,
  0x00,0x00,0x9e,0xd6,0x00,0x00,0xa0,0x31,0x00,0x00,0xa1,0x92,0x00,0x00,0xa2,0xf9,
  0x00,0x00,0xa4,0x66,0x00,0x00,0xa5,0xda,0x00,0x00,0xa7,0x54,0x00,0x00,0xa8,0xd5,
  0x00,0x00,0xaa,0x5d,0x00,0x00,0xab,0xed,0x00,0x00,0xad,0x83,0x00,0x00,0xaf,0x21,
  0x00,0x00,0xb0,0xc8,0x00,0x00,0xb2,0x76,0x00,0x00,0xb4,0x2c,0x00,0x00,0xb5,0xeb,
  0x00,0x00,0xb7,0xb2,0x00,0x00,0xb9,0x83,0x00,0x00,0xbb,0x5d,0x00,0x00,0xbd,0x40,
  0x00,0x00,0xbf,0x2d,0x00,0x00,0xc1,0x24,0x00,0x00,0xc3,0x26,0x00,0x00,0xc5,0x33,
  0x00,0x00,0xc7,0x4b,0x00,0x00,0xc9,0x6e,0x00,0x00,0xcb,0x9d,0x00,0x00,0xcd,0xd8,
  0x00,0x00,0xd0,0x20,0x00,0x00,0xd2,0x75,0x00,0x00,0xd4,0xd8,0x00,0x00,0xd7,0x49,
  0x00,0x00,0xd9,0xc8,0x00,0x00,0xdc,0x56,0x00,0x00,0xde,0xf3,0x00,0x00,0xe1,0xa1,
  0x00,0x00,0xe4,0x60,0x00,0x00,0xe7,0x2f,0x00,0x00,0xea,0x11,0x00,0x00,0xed,0x05,
  0x00,0x00,0xf0,0x0d,0x00,0x00,0xf3,0x29,0x00,0x00,0xf6,0x59,0x00,0x00,0xf9,0x9f,
  0x00,0x00,0xfc,0xfc,0x00,0x01,0x00,0x71,0x00,0x01,0x03,0xfd,0x00,0x01,0x07,0xa4,
  0x00,0x01,0x0b,0x65,0x00,0x01,0x0f,0x42,0x00,0x01,0x13,0x3b,0x00,0x01,0x17,0x53,
  0x00,0x01,0x1b,0x8b,0x00,0x01,0x1f,0xe4,0x00,0x01,0x24,0x5f,0x00,0x01,0x28,0xff,
  0x00,0x01,0x2d,0xc4,0x00,0x01,0x32,0xb2,0x00,0x01,0x37,0xc9,0x00,0x01,0x3d,0x0d,
  0x00,0x01,0x42,0x7f,0x00,0x01,0x48,0x21,0x00,0x01,0x4d,0xf7,0x00,0x01,0x54,0x03,
  0x00,0x01,0x5a,0x48,0x00,0x01,0x60,0xc9,0x00,0x01,0x67,0x8a,0x00,0x01,0x6e,0x8f,
  0x00,0x01,0x75,0xdb,0x00,0x01,0x7d,0x73,0x00,0x01,0x85,0x5b,0x00,0x01,0x8d,0x9a,
  0x00,0x01,0x96,0x33,0x00,0x01,0x9f,0x2e,0x00,0x01,0xa8,0x91,0x00,0x01,0xb2,0x63,
  0x00,0x01,0xbc,0xac,0x00,0x01,0xc7,0x75,0x00,0x01,0xd2,0xc7,0x00,0x01,0xde,0xad,
  0x00,0x01,0xeb,0x32,0x00,0x01,0xf8,0x63,0x00,0x02,0x06,0x4f,0x00,0x02,0x15,0x05,
  0x00,0x02,0x24,0x97,0x00,0x02,0x35,0x19,0x00,0x02,0x46,0xa1,0x00,0x02,0x59,0x48,
  0x00,0x02,0x6d,0x2c,0x00,0x02,0x82,0x6b,0x00,0x02,0x99,0x2c,0x00,0x02,0xb1,0x99,
  0x00,0x02,0xcb,0xe3,0x00,0x02,0xe8,0x42,0x00,0x03,0x06,0xf8,0x00,0x03,0x28,0x53,
  0x00,0x03,0x4c,0xaf,0x00,0x03,0x74,0x77,0x00,0x03,0xa0,0x2d,0x00,0x03,0xd0,0x70,
  0x00,0x04,0x05,0xfd,0x00,0x04,0x41,0xc2,0x00,0x04,0x84,0xe3,0x00,0x04,0xd0,0xd5,
  0x00,0x05,0x27,0x73,0x00,0x05,0x8b,0x28,0x00,0x05,0xff,0x2b,0x00,0x06,0x87,0xd4,
  0x00,0x07,0x2b,0x34,0x80,0x07,0xf1,0xf7,
};

static const unsigned char SLOPE_600[9748] = {
  0x00,0x92,0xb8,0x18,0x00,0x03,0xf8,0xfb,0x00,0x03,0x95,0x9a,0x00,0x03,0x43,0xea,
  0x00,0x02,0xff,0x95,0x00,0x02,0xc5,0x94,0x00,0x02,0x93,0xb9,0x00,0x02,0x68,0x6a,
  0x00,0x02,0x42,0x71,0x00,0x02,0x20,0xe1,0x00,0x02,0x02,0xfe,0x00,0x01,0xe8,0x38,
  0x00,0x01,0xd0,0x16,0x00,0x01,0xba,0x3b,0x00,0x01,0xa6,0x57,0x00,0x01,0x94,0x29,
  0x00,0x01,0x83,0x7c,0x00,0x01,0x74,0x21,0x00,0x01,0x65,0xf1,0x00,0x01,0x58,0xcc,
  0x00,0x01,0x4c,0x96,0x00,0x01,0x41,0x35,0x00,0x01,0x36,0x96,0x00,0x01,0x2c,0xa4,
  0x00,0x01,0x23,0x50,0x00,0x01,0x1a,0x8c,0x00,0x01,0x12,0x4b,0x00,0x01,0x0a,0x82,
  0x00,0x01,0x03,0x27,0x00,0x00,0xfc,0x31,0x00,0x00,0xf5,0x99,0x00,0x00,0xef,0x56,
  0x00,0x00,0xe9,0x63,0x00,0x00,0xe3,0xba,0x00,0x00,0xde,0x56,0x00,0x00,0xd9,0x31,
  0x00,0x00,0xd4,0x48,0x00,0x00,0xcf,0x97,0x00,0x00,0xcb,0x19,0x00,0x00,0xc6,0xcd,
  0x00,0x00,0xc2,0xad,0x00,0x00,0xbe,0xb9,0x00,0x00,0xba,0xed,0x00,0x00,0xb7,0x47,
  0x00,0x00,0xb3,0xc5,0x00,0x00,0xb0,0x64,0x00,0x00,0xad,0x24,0x00,0x00,0xaa,0x01,
  0x00,0x00,0xa6,0xfb,0x00,0x00,0xa4,0x10,0x00,0x00,0xa1,0x3f,0x00,0x00,0x9e,0x86,
  0x00,0x00,0x9b,0xe4,0x00,0x00,0x99,0x59,0x00,0x00,0x96,0xe2,0x00,0x00,0x94,0x7f,
  0x00,0x00,0x92,0x2f,0x00,0x00,0x8f,0xf2,0x00,0x00,0x8d,0xc5,0x00,0x00,0x8b,0xa9,
  0x00,0x00,0x89,0x9d,0x00,0x00,0x87,0xa1,0x00,0x00,0x85,0xb2,0x00,0x00,0x83,0xd2,
  0x00,0x00,0x81,0xfe,0x00,0x00,0x80,0x38,0x00,0x00,0x7e,0x7e,0x00,0x00,0x7c,0xcf,
  0x00,0x00,0x7b,0x2c,0x00,0x00,0x79,0x94,0x00,0x00,0x78,0x06,0x00,0x00,0x76,0x82,
  0x00,0x00,0x75,0x08,0x00,0x00,0x73,0x97,0x00,0x00,0x72,0x30,0x00,0x00,0x70,0xd0,
  0x00,0x00,0x6f,0x79,0x00,0x00,0x6e,0x2b,0x00,0x00,0x6c,0xe4,0x00,0x00,0x6b,0xa4,
  0x00,0x00,0x6a,0x6c,0x00,0x00,0x69,0x3a,0x00,0x00,0x68,0x10,0x00,0x00,0x66,0xec,
  0x00,0x00,0x65,0xce,0x00,0x00,0x64,0xb7,0x00,0x00,0x63,0xa5,0x00,0x00,0x62,0x99,
  0x00,0x00,0x61,0x93,0x00,0x00,0x60,0x92,0x00,0x00,0x5f,0x96,0x00,0x00,0x5e,0xa0,
  0x00,0x00,0x5d,0xae,0x00,0x00,0x5c,0xc1,0x00,0x00,0x5b,0xd9,0x00,0x00,0x5a,0xf5,
  0x00,0x00,0x5a,0x16,0x00,0x00,0x59,0x3b,0x00,0x00,0x58,0x64,0x00,0x00,0x57,0x90,
  0x00,0x00,0x56,0xc1,0x00,0x00,0x55,0xf6,0x00,0x00,0x55,0x2e,0x00,0x00,0x54,0x6a,
  0x00,0x00,0x53,0xaa,0x00,0x00,0x52,0xed,0x00,0x00,0x52,0x33,0x00,0x00,0x51,0x7c,
  0x00,0x00,0x50,0xc9,0x00,0x00,0x50,0x18,0x00,0x00,0x4f,0x6b,0x00,0x00,0x4e,0xc0,
  0x00,0x00,0x4e,0x19,0x00,0x00,0x4d,0x74,0x00,0x00,0x4c,0xd2,0x00,0x00,0x4c,0x32,
  0x00,0x00,0x4b,0x95,0x00,0x00,0x4a,0xfa,0x00,0x00,0x4a,0x62,0x00,0x00,0x49,0xcd,
  0x00,0x00,0x49,0x39,0x00,0x00,0x48,0xa8,0x00,0x00,0x48,0x1a,0x00,0x00,0x47,0x8d,
  0x00,0x00,0x47,0x02,0x00,0x00,0x46,0x7a,0x00,0x00,0x45,0xf3,0x00,0x00,0x45,0x6f,
  0x00,0x00,0x44,0xed,0x00,0x00,0x44,0x6c,0x00,0x00,0x43,0xed,0x00,0x00,0x43,0x70,
  0x00,0x00,0x42,0xf5,0x00,0x00,0x42,0x7c,0x00,0x00,0x42,0x04,0x00,0x00,0x41,0x8e,
  0x00,0x00,0x41,0x1a,0x00,0x00,0x40,0xa7,0x00,0x00,0x40,0x36,0x00,0x00,0x3f,0xc6,
  0x00,0x00,0x3f,0x58,0x00,0x00,0x3e,0xeb,0x00,0x00,0x3e,0x80,0x00,0x00,0x3e,0x16,
  0x00,0x00,0x3d,0xae,0x00,0x00,0x3d,0x47,0x00,0x00,0x3c,0xe1,0x00,0x00,0x3c,0x7d,
  0x00,0x00,0x3c,0x1a,0x00,0x00,0x3b,0xb8,0x00,0x00,0x3b,0x57,0x00,0x00,0x3a,0xf8,
  0x00,0x00,0x3a,0x9a,0x00,0x00,0x3a,0x3d,0x00,0x00,0x39,0xe1,0x00,0x00,0x39,0x86,
  0x00,0x00,0x39,0x2c,0x00,0x00,0x38,0xd4,0x00,0x00,0x38,0x7c,0x00,0x00,0x38,0x26,
  0x00,0x00,0x37,0xd0,0x00,0x00,0x37,0x7c,0x00,0x00,0x37,0x28,0x00,0x00,0x36,0xd6,
  0x00,0x00,0x36,0x84,0x00,0x00,0x36,0x34,0x00,0x00,0x35,0xe4,0x00,0x00,0x35,0x95,
  0x00,0x00,0x35,0x48,0x00,0x00,0x34,0xfb,0x00,0x00,0x34,0xaf,0x00,0x00,0x34,0x63,
  0x00,0x00,0x34,0x19,0x00,0x00,0x33,0xcf,0x00,0x00,0x33,0x87,0x00,0x00,0x33,0x3f,
  0x00,0x00,0x32,0xf7,0x00,0x00,0x32,0xb1,0x00,0x00,0x32,0x6b,0x00,0x00,0x32,0x26,
  0x00,0x00,0x31,0xe2,0x00,0x00,0x31,0x9f,0x00,0x00,0x31,0x5c,0x00,0x00,0x31,0x1a,
  0x00,0x00,0x30,0xd8,0x00,0x00,0x30,0x98,0x00,0x00,0x30,0x58,0x00,0x00,0x30,0x18,
  0x00,0x00,0x2f,0xd9,0x00,0x00,0x2f,0x9b,0x00,0x00,0x2f,0x5e,0x00,0x00,0x2f,0x21,
  0x00,0x00,0x2e,0xe5,0x00,0x00,0x2e,0xa9,0x00,0x00,0x2e,0x6e,0x00,0x00,0x2e,0x34,
  0x00,0x00,0x2d,0xfa,0x00,0x00,0x2d,0xc0,0x00,0x00,0x2d,0x87,0x00,0x00,0x2d,0x4f,
  0x00,0x00,0x2d,0x17,0x00,0x00,0x2c,0xe0,0x00,0x00,0x2c,0xaa,0x00,0x00,0x2c,0x74,
  0x00,0x00,0x2c,0x3e,0x00,0x00,0x2c,0x09,0x00,0x00,0x2b,0xd4,0x00,0x00,0x2b,0xa0,
  0x00,0x00,0x2b,0x6c,0x00,0x00,0x2b,0x39,0x00,0x00,0x2b,0x07,0x00,0x00,0x2a,0xd4,
  0x00,0x00,0x2a,0xa2,0x00,0x00,0x2a,0x71,0x00,0x00,0x2a,0x40,0x00,0x00,0x2a,0x10,
  0x00,0x00,0x29,0xe0,0x00,0x00,0x29,0xb0,0x00,0x00,0x29,0x81,0x00,0x00,0x29,0x52,
  0x00,0x00,0x29,0x24,0x00,0x00,0x28,0xf6,0x00,0x00,0x28,0xc8,0x00,0x00,0x28,0x9b,
  0x00,0x00,0x28,0x6f,0x00,0x00,0x28,0x42,0x00,0x00,0x28,0x16,0x00,0x00,0x27,0xea,
  0x00,0x00,0x27,0xbf,0x00,0x00,0x27,0x94,0x00,0x00,0x27,0x6a,0x00,0x00,0x27,0x40,
  0x00,0x00,0x27,0x16,0x00,0x00,0x26,0xec,0x00,0x00,0x26,0xc3,0x00,0x00,0x26,0x9a,
  0x00,0x00,0x26,0x72,0x00,0x00,0x26,0x4a,0x00,0x00,0x26,0x22,0x00,0x00,0x25,0xfa,
  0x00,0x00,0x25,0xd3,0x00,0x00,0x25,0xac,0x00,0x00,0x25,0x86,0x00,0x00,0x25,0x60,
  0x00,0x00,0x25,0x3a,0x00,0x00,0x25,0x14,0x00,0x00,0x24,0xef,0x00,0x00,0x24,0xca,
  0x00,0x00,0x24,0xa5,0x00,0x00,0x24,0x81,0x00,0x00,0x24,0x5c,0x00,0x00,0x24,0x38,
  0x00,0x00,0x24,0x15,0x00,0x00,0x23,0xf1,0x00,0x00,0x23,0xce,0x00,0x00,0x23,0xac,
  0x00,0x00,0x23,0x89,0x00,0x00,0x23,0x67,0x00,0x00,0x23,0x45,0x00,0x00,0x23,0x23,
  0x00,0x00,0x23,0x01,0x00,0x00,0x22,0xe0,0x00,0x00,0x22,0xbf,0x00,0x00,0x22,0x9e,
  0x00,0x00,0x22,0x7e,0x00,0x00,0x22,0x5d,0x00,0x00,0x22,0x3d,0x00,0x00,0x22,0x1d,
  0x00,0x00,0x21,0xfe,0x00,0x00,0x21,0xde,0x00,0x00,0x21,0xbf,0x00,0x00,0x21,0xa0,
  0x00,0x00,0x21,0x82,0x00,0x00,0x21,0x63,0x00,0x00,0x21,0x45,0x00,0x00,0x21,0x27,
  0x00,0x00,0x21,0x09,0x00,0x00,0x20,0xeb,0x00,0x00,0x20,0xce,0x00,0x00,0x20,0xb0,
  0x00,0x00,0x20,0x93,0x00,0x00,0x20,0x77,0x00,0x00,0x20,0x5a,0x00,0x00,0x20,0x3e,
  0x00,0x00,0x20,0x21,0x00,0x00,0x20,0x05,0x00,0x00,0x1f,0xe9,0x00,0x00,0x1f,0xce,
  0x00,0x00,0x1f,0xb2,0x00,0x00,0x1f,0x97,0x00,0x00,0x1f,0x7c,0x00,0x00,0x1f,0x61,
  0x00,0x00,0x1f,0x46,0x00,0x00,0x1f,0x2b,0x00,0x00,0x1f,0x11,0x00,0x00,0x1e,0xf7,
  0x00,0x00,0x1e,0xdd,0x00,0x00,0x1e,0xc3,0x00,0x00,0x1e,0xa9,0x00,0x00,0x1e,0x90,
  0x00,0x00,0x1e,0x76,0x00,0x00,0x1e,0x5d,0x00,0x00,0x1e,0x44,0x00,0x00,0x1e,0x2b,
  0x00,0x00,0x1e,0x12,0x00,0x00,0x1d,0xfa,0x00,0x00,0x1d,0xe1,0x00,0x00,0x1d,0xc9,
  0x00,0x00,0x1d,0xb1,0x00,0x00,0x1d,0x99,0x00,0x00,0x1d,0x81,0x00,0x00,0x1d,0x6a,
  0x00,0x00,0x1d,0x52,0x00,0x00,0x1d,0x3b,0x00,0x00,0x1d,0x23,0x00,0x00,0x1d,0x0c,
  0x00,0x00,0x1c,0xf5,0x00,0x00,0x1c,0xdf,0x00,0x00,0x1c,0xc8,0x00,0x00,0x1c,0xb1,
  0x00,0x00,0x1c,0x9b,0x00,0x00,0x1c,0x85,0x00,0x00,0x1c,0x6f,0x00,0x00,0x1c,0x59,
  0x00,0x00,0x1c,0x43,0x00,0x00,0x1c,0x2d,0x00,0x00,0x1c,0x18,0x00,0x00,0x1c,0x02,
  0x00,0x00,0x1b,0xed,0x00,0x00,0x1b,0xd8,0x00,0x00,0x1b,0xc3,0x00,0x00,0x1b,0xae,
  0x00,0x00,0x1b,0x99,0x00,0x00,0x1b,0x84,0x00,0x00,0x1b,0x6f,0x00,0x00,0x1b,0x5e,
  0x00,0x00,0x1b,0x4b,0x00,0x00,0x1b,0x39,0x00,0x00,0x1b,0x28,0x00,0x00,0x1b,0x16,
  0x00,0x00,0x1b,0x05,0x00,0x00,0x1a,0xf5,0x00,0x00,0x1a,0xe3,0x00,0x00,0x1a,0xd3,
  0x00,0x00,0x1a,0xc1,0x00,0x00,0x1a,0xb1,0x00,0x00,0x1a,0xa1,0x00,0x00,0x1a,0x92,
  0x00,0x00,0x1a,0x82,0x00,0x00,0x1a,0x71,0x00,0x00,0x1a,0x61,0x00,0x00,0x1a,0x52,
  0x00,0x00,0x1a,0x43,0x00,0x00,0x1a,0x34,0x00,0x00,0x1a,0x25,0x00,0x00,0x1a,0x16,
  0x00,0x00,0x1a,0x07,0x00,0x00,0x19,0xf8,0x00,0x00,0x19,0xea,0x00,0x00,0x19,0xdd,
  0x00,0x00,0x19,0xcf,0x00,0x00,0x19,0xc0,0x00,0x00,0x19,0xb2,0x00,0x00,0x19,0xa4,
  0x00,0x00,0x19,0x97,0x00,0x00,0x19,0x89,0x00,0x00,0x19,0x7b,0x00,0x00,0x19,0x6f,
  0x00,0x00,0x19,0x61,0x00,0x00,0x19,0x54,0x00,0x00,0x19,0x48,0x00,0x00,0x19,0x3a,
  0x00,0x00,0x19,0x2e,0x00,0x00,0x19,0x20,0x00,0x00,0x19,0x13,0x00,0x00,0x19,0x07,
  0x00,0x00,0x18,0xfc,0x00,0x00,0x18,0xef,0x00,0x00,0x18,0xe4,0x00,0x00,0x18,0xd7,
  0x00,0x00,0x18,0xcb,0x00,0x00,0x18,0xc0,0x00,0x00,0x18,0xb3,0x00,0x00,0x18,0xa8,
  0x00,0x00,0x18,0x9b,0x00,0x00,0x18,0x90,0x00,0x00,0x18,0x85,0x00,0x00,0x18,0x7b,
  0x00,0x00,0x18,0x70,0x00,0x00,0x18,0x64,0x00,0x00,0x18,0x59,0x00,0x00,0x18,0x4e,
  0x00,0x00,0x18,0x44,0x00,0x00,0x18,0x39,0x00,0x00,0x18,0x2d,0x00,0x00,0x18,0x22,
  0x00,0x00,0x18,0x17,0x00,0x00,0x18,0x0d,0x00,0x00,0x18,0x03,0x00,0x00,0x17,0xf9,
  0x00,0x00,0x17,0xef,0x00,0x00,0x17,0xe5,0x00,0x00,0x17,0xdb,0x00,0x00,0x17,0xd1,
  0x00,0x00,0x17,0xc7,0x00,0x00,0x17,0xbd,0x00,0x00,0x17,0xb3,0x00,0x00,0x17,0xa9,
  0x00,0x00,0x17,0x9f,0x00,0x00,0x17,0x95,0x00,0x00,0x17,0x8c,0x00,0x00,0x17,0x83,
  0x00,0x00,0x17,0x7b,0x00,0x00,0x17,0x72,0x00,0x00,0x17,0x68,0x00,0x00,0x17,0x5f,
  0x00,0x00,0x17,0x56,0x00,0x00,0x17,0x4e,0x00,0x00,0x17,0x45,0x00,0x00,0x17,0x3b,
  0x00,0x00,0x17,0x32,0x00,0x00,0x17,0x29,0x00,0x00,0x17,0x21,0x00,0x00,0x17,0x18,
  0x00,0x00,0x17,0x0e,0x00,0x00,0x17,0x05,0x00,0x00,0x16,0xfe,0x00,0x00,0x16,0xf5,
  0x00,0x00,0x16,0xed,0x00,0x00,0x16,0xe6,0x00,0x00,0x16,0xdd,0x00,0x00,0x16,0xd6,
  0x00,0x00,0x16,0xcd,0x00,0x00,0x16,0xc5,0x00,0x00,0x16,0xbe,0x00,0x00,0x16,0xb5,
  0x00,0x00,0x16,0xae,0x00,0x00,0x16,0xa5,0x00,0x00,0x16,0x9d,0x00,0x00,0x16,0x96,
  0x00,0x00,0x16,0x8d,0x00,0x00,0x16,0x86,0x00,0x00,0x16,0x7d,0x00,0x00,0x16,0x75,
  0x00,0x00,0x16,0x6e,0x00,0x00,0x16,0x65,0x00,0x00,0x16,0x5f,0x00,0x00,0x16,0x57,
  0x00,0x00,0x16,0x50,0x00,0x00,0x16,0x4a,0x00,0x00,0x16,0x42,0x00,0x00,0x16,0x3c,
  0x00,0x00,0x16,0x34,0x00,0x00,0x16,0x2d,0x00,0x00,0x16,0x27,0x00,0x00,0x16,0x1f,
  0x00,0x00,0x16,0x19,0x00,0x00,0x16,0x11,0x00,0x00,0x16,0x0a,0x00,0x00,0x16,0x04,
  0x00,0x00,0x15,0xfc,0x00,0x00,0x15,0xf6,0x00,0x00,0x15,0xee,0x00,0x00,0x15,0xe7,
  0x00,0x00,0x15,0xe1,0x00,0x00,0x15,0xd9,0x00,0x00,0x15,0xd3,0x00,0x00,0x15,0xcb,
  0x00,0x00,0x15,0xc4,0x00,0x00,0x15,0xbf,0x00,0x00,0x15,0xb9,0x00,0x00,0x15,0xb2,
  0x00,0x00,0x15,0xac,0x00,0x00,0x15,0xa6,0x00,0x00,0x15,0xa1,0x00,0x00,0x15,0x9b,
  0x00,0x00,0x15,0x94,0x00,0x00,0x15,0x8e,0x00,0x00,0x15,0x88,0x00,0x00,0x15,0x83,
  0x00,0x00,0x15,0x7d,0x00,0x00,0x15,0x76,0x00,0x00,0x15,0x70,0x00,0x00,0x15,0x6a,
  0x00,0x00,0x15,0x65,0x00,0x00,0x15,0x5f,0x00,0x00,0x15,0x58,0x00,0x00,0x15,0x52,
  0x00,0x00,0x15,0x4c,0x00,0x00,0x15,0x47,0x00,0x00,0x15,0x41,0x00,0x00,0x15,0x3a,
  0x00,0x00,0x15,0x34,0x00,0x00,0x15,0x2e,0x00,0x00,0x15,0x29,0x00,0x00,0x15,0x23,
  0x00,0x00,0x15,0x1c,0x00,0x00,0x15,0x16,0x00,0x00,0x15,0x10,0x00,0x00,0x15,0x0b,
  0x00,0x00,0x15,0x06,0x00,0x00,0x15,0x01,0x00,0x00,0x14,0xfc,0x00,0x00,0x14,0xf7,
  0x00,0x00,0x14,0xf2,0x00,0x00,0x14,0xed,0x00,0x00,0x14,0xe8,0x00,0x00,0x14,0xe3,
  0x00,0x00,0x14,0xde,0x00,0x00,0x14,0xd9,0x00,0x00,0x14,0xd4,0x00,0x00,0x14,0xcf,
  0x00,0x00,0x14,0xca,0x00,0x00,0x14,0xc5,0x00,0x00,0x14,0xc0,0x00,0x00,0x14,0xbb,
  0x00,0x00,0x14,0xb6,0x00,0x00,0x14,0xb1,0x00,0x00,0x14,0xac,0x00,0x00,0x14,0xa7,
  0x00,0x00,0x14,0xa2,0x00,0x00,0x14,0x9d,0x00,0x00,0x14,0x98,0x00,0x00,0x14,0x93,
  0x00,0x00,0x14,0x8e,0x00,0x00,0x14,0x89,0x00,0x00,0x14,0x84,0x00,0x00,0x14,0x7f,
  0x00,0x00,0x14,0x7a,0x00,0x00,0x14,0x75,0x00,0x00,0x14,0x70,0x00,0x00,0x14,0x6b,
  0x00,0x00,0x14,0x66,0x00,0x00,0x14,0x61,0x00,0x00,0x14,0x5c,0x00,0x00,0x14,0x57,
  0x00,0x00,0x14,0x52,0x00,0x00,0x14,0x4d,0x00,0x00,0x14,0x48,0x00,0x00,0x14,0x43,
  0x00,0x00,0x14,0x3e,0x00,0x00,0x14,0x3a,0x00,0x00,0x14,0x36,0x00,0x00,0x14,0x33,
  0x00,0x00,0x14,0x2f,0x00,0x00,0x14,0x2a,0x00,0x00,0x14,0x26,0x00,0x00,0x14,0x22,
  0x00,0x00,0x14,0x1f,0x00,0x00,0x14,0x1b,0x00,0x00,0x14,0x16,0x00,0x00,0x14,0x12,
  0x00,0x00,0x14,0x0e,0x00,0x00,0x14,0x0b,0x00,0x00,0x14,0x07,0x00,0x00,0x14,0x02,
  0x00,0x00,0x13,0xfe,0x00,0x00,0x13,0xfb,0x00,0x00,0x13,0xf7,0x00,0x00,0x13,0xf3,
  0x00,0x00,0x13,0xee,0x00,0x00,0x13,0xea,0x00,0x00,0x13,0xe7,0x00,0x00,0x13,0xe3,
  0x00,0x00,0x13,0xdf,0x00,0x00,0x13,0xda,0x00,0x00,0x13,0xd6,0x00,0x00,0x13,0xd3,
  0x00,0x00,0x13,0xcf,0x00,0x00,0x13,0xcb,0x00,0x00,0x13,0xc6,0x00,0x00,0x13,0xc2,
  0x00,0x00,0x13,0xbf,0x00,0x00,0x13,0xbb,0x00,0x00,0x13,0xb7,0x00,0x00,0x13,0xb2,
  0x00,0x00,0x13,0xae,0x00,0x00,0x13,0xab,0x00,0x00,0x13,0xa7,0x00,0x00,0x13,0xa3,
  0x00,0x00,0x13,0x9e,0x00,0x00,0x13,0x9a,0x00,0x00,0x13,0x97,0x00,0x00,0x13,0x93,
  0x00,0x00,0x13,0x8f,0x00,0x00,0x13,0x8a,0x00,0x00,0x13,0x86,0x00,0x00,0x13,0x83,
  0x00,0x00,0x13,0x7f,0x00,0x00,0x13,0x7b,0x00,0x00,0x13,0x76,0x00,0x00,0x13,0x72,
  0x00,0x00,0x13,0x6f,0x00,0x00,0x13,0x6b,0x00,0x00,0x13,0x67,0x00,0x00,0x13,0x62,
  0x00,0x00,0x13,0x5e,0x00,0x00,0x13,0x5b,0x00,0x00,0x13,0x57,0x00,0x00,0x13,0x53,
  0x00,0x00,0x13,0x51,0x00,0x00,0x13,0x4e,0x00,0x00,0x13,0x4a,0x00,0x00,0x13,0x48,
  0x00,0x00,0x13,0x44,0x00,0x00,0x13,0x42,0x00,0x00,0x13,0x3f,0x00,0x00,0x13,0x3b,
  0x00,0x00,0x13,0x39,0x00,0x00,0x13,0x35,0x00,0x00,0x13,0x33,0x00,0x00,0x13,0x30,
  0x00,0x00,0x13,0x2c,0x00,0x00,0x13,0x2a,0x00,0x00,0x13,0x26,0x00,0x00,0x13,0x24,
  0x00,0x00,0x13,0x21,0x00,0x00,0x13,0x1d,0x00,0x00,0x13,0x1b,0x00,0x00,0x13,0x17,
  0x00,0x00,0x13,0x15,0x00,0x00,0x13,0x12,0x00,0x00,0x13,0x0e,0x00,0x00,0x13,0x0c,
  0x00,0x00,0x13,0x08,0x00,0x00,0x13,0x06,0x00,0x00,0x13,0x03,0x00,0x00,0x12,0xff,
  0x00,0x00,0x12,0xfd,0x00,0x00,0x12,0xf9,0x00,0x00,0x12,0xf7,0x00,0x00,0x12,0xf4,
  0x00,0x00,0x12,0xf0,0x00,0x00,0x12,0xee,0x00,0x00,0x12,0xea,0x00,0x00,0x12,0xe8,
  0x00,0x00,0x12,0xe5,0x00,0x00,0x12,0xe1,0x00,0x00,0x12,0xdf,0x00,0x00,0x12,0xdb,
  0x00,0x00,0x12,0xd9,0x00,0x00,0x12,0xd6,0x00,0x00,0x12,0xd2,0x00,0x00,0x12,0xd0,
  0x00,0x00,0x12,0xcc,0x00,0x00,0x12,0xca,0x00,0x00,0x12,0xc7,0x00,0x00,0x12,0xc3,
  0x00,0x00,0x12,0xc1,0x00,0x00,0x12,0xbd,0x00,0x00,0x12,0xbb,0x00,0x00,0x12,0xb8,
  0x00,0x00,0x12,0xb4,0x00,0x00,0x12,0xb2,0x00,0x00,0x12,0xae,0x00,0x00,0x12,0xac,
  0x00,0x00,0x12,0xa9,0x00,0x00,0x12,0xa5,0x00,0x00,0x12,0xa3,0x00,0x00,0x12,0x9f,
  0x00,0x00,0x12,0x9d,0x00,0x00,0x12,0x9a,0x00,0x00,0x12,0x96,0x00,0x00,0x12,0x94,
  0x00,0x00,0x12,0x90,0x00,0x00,0x12,0x8e,0x00,0x00,0x12,0x8b,0x00,0x00,0x12,0x87,
  0x00,0x00,0x12,0x85,0x00,0x00,0x12,0x81,0x00,0x00,0x12,0x7f,0x00,0x00,0x12,0x7c,
  0x00,0x00,0x12,0x78,0x00,0x00,0x12,0x76,0x00,0x00,0x12,0x72,0x00,0x00,0x12,0x70,
  0x00,0x00,0x12,0x6d,0x00,0x00,0x12,0x69,0x00,0x00,0x12,0x67,0x00,0x00,0x12,0x63,
  0x00,0x00,0x12,0x61,0x00,0x00,0x12,0x5e,0x00,0x00,0x12,0x5a,0x00,0x00,0x12,0x58,
  0x00,0x00,0x12,0x54,0x00,0x00,0x12,0x52,0x00,0x00,0x12,0x4f,0x00,0x00,0x12,0x4b,
  0x00,0x00,0x12,0x49,0x00,0x00,0x12,0x45,0x00,0x00,0x12,0x44,0x00,0x00,0x12,0x41,
  0x00,0x00,0x12,0x40,0x00,0x00,0x12,0x3e,0x00,0x00,0x12,0x3b,0x00,0x00,0x12,0x3a,
  0x00,0x00,0x12,0x37,0x00,0x00,0x12,0x36,0x00,0x00,0x12,0x34,0x00,0x00,0x12,0x31,
  0x00,0x00,0x12,0x30,0x00,0x00,0x12,0x2d,0x00,0x00,0x12,0x2c,0x00,0x00,0x12,0x2a,
  0x00,0x00,0x12,0x27,0x00,0x00,0x12,0x26,0x00,0x00,0x12,0x23,0x00,0x00,0x12,0x22,
  0x00,0x00,0x12,0x20,0x00,0x00,0x12,0x1d,0x00,0x00,0x12,0x1c,0x00,0x00,0x12,0x19,
  0x00,0x00,0x12,0x18,0x00,0x00,0x12,0x16,0x00,0x00,0x12,0x13,0x00,0x00,0x12,0x12,
  0x00,0x00,0x12,0x0f,0x00,0x00,0x12,0x0e,0x00,0x00,0x12,0x0c,0x00,0x00,0x12,0x09,
  0x00,0x00,0x12,0x08,0x00,0x00,0x12,0x05,0x00,0x00,0x12,0x04,0x00,0x00,0x12,0x02,
  0x00,0x00,0x11,0xff,0x00,0x00,0x11,0xfe,0x00,0x00,0x11,0xfb,0x00,0x00,0x11,0xfa,
  0x00,0x00,0x11,0xf8,0x00,0x00,0x11,0xf5,0x00,0x00,0x11,0xf4,0x00,0x00,0x11,0xf1,
  0x00,0x00,0x11,0xf0,0x00,0x00,0x11,0xee,0x00,0x00,0x11,0xeb,0x00,0x00,0x11,0xea,
  0x00,0x00,0x11,0xe7,0x00,0x00,0x11,0xe6,0x00,0x00,0x11,0xe4,0x00,0x00,0x11,0xe1,
  0x00,0x00,0x11,0xe0,0x00,0x00,0x11,0xdd,0x00,0x00,0x11,0xdc,0x00,0x00,0x11,0xda,
  0x00,0x00,0x11,0xd7,0x00,0x00,0x11,0xd6,0x00,0x00,0x11,0xd3,0x00,0x00,0x11,0xd2,
  0x00,0x00,0x11,0xd0,0x00,0x00,0x11,0xcd,0x00,0x00,0x11,0xcc,0x00,0x00,0x11,0xc9,
  0x00,0x00,0x11,0xc8,0x00,0x00,0x11,0xc6,0x00,0x00,0x11,0xc3,0x00,0x00,0x11,0xc2,
  0x00,0x00,0x11,0xbf,0x00,0x00,0x11,0xbe,0x00,0x00,0x11,0xbc,0x00,0x00,0x11,0xb9,
  0x00,0x00,0x11,0xb8,0x00,0x00,0x11,0xb5,0x00,0x00,0x11,0xb4,0x00,0x00,0x11,0xb2,
  0x00,0x00,0x11,0xaf,0x00,0x00,0x11,0xae,0x00,0x00,0x11,0xab,0x00,0x00,0x11,0xaa,
  0x00,0x00,0x11,0xa8,0x00,0x00,0x11,0xa5,0x00,0x00,0x11,0xa4,0x00,0x00,0x11,0xa1,
  0x00,0x00,0x11,0xa0,0x00,0x00,0x11,0x9e,0x00,0x00,0x11,0x9b,0x00,0x00,0x11,0x9a,
  0x00,0x00,0x11,0x97,0x00,0x00,0x11,0x96,0x00,0x00,0x11,0x94,0x00,0x00,0x11,0x91,
  0x00,0x00,0x11,0x90,0x00,0x00,0x11,0x8d,0x00,0x00,0x11,0x8c,0x00,0x00,0x11,0x8a,
  0x00,0x00,0x11,0x87,0x00,0x00,0x11,0x86,0x00,0x00,0x11,0x83,0x00,0x00,0x11,0x82,
  0x00,0x00,0x11,0x80,0x00,0x00,0x11,0x7d,0x00,0x00,0x11,0x7c,0x00,0x00,0x11,0x79,
  0x00,0x00,0x11,0x78,0x00,0x00,0x11,0x76,0x00,0x00,0x11,0x73,0x00,0x00,0x11,0x72,
  0x00,0x00,0x11,0x6f,0x00,0x00,0x11,0x6e,0x00,0x00,0x11,0x6c,0x00,0x00,0x11,0x69,
  0x00,0x00,0x11,0x68,0x00,0x00,0x11,0x65,0x00,0x00,0x11,0x64,0x00,0x00,0x11,0x62,
  0x00,0x00,0x11,0x5f,0x00,0x00,0x11,0x5e,0x00,0x00,0x11,0x5b,0x00,0x00,0x11,0x5a,
  0x00,0x00,0x11,0x58,0x00,0x00,0x11,0x55,0x00,0x00,0x11,0x54,0x00,0x00,0x11,0x51,
  0x00,0x00,0x11,0x50,0x00,0x00,0x11,0x4e,0x00,0x00,0x11,0x4b,0x00,0x00,0x11,0x4a,
  0x00,0x00,0x11,0x47,0x00,0x00,0x11,0x46,0x00,0x00,0x11,0x44,0x00,0x00,0x11,0x41,
  0x00,0x00,0x11,0x40,0x00,0x00,0x11,0x3d,0x00,0x00,0x11,0x3c,0x00,0x00,0x11,0x3a,
  0x00,0x00,0x11,0x37,0x00,0x00,0x11,0x36,0x00,0x00,0x11,0x33,0x00,0x00,0x11,0x32,
  0x00,0x00,0x11,0x30,0x00,0x00,0x11,0x2d,0x00,0x00,0x11,0x2c,0x00,0x00,0x11,0x29,
  0x00,0x00,0x11,0x28,0x00,0x00,0x11,0x26,0x00,0x00,0x11,0x23,0x00,0x00,0x11,0x22,
  0x00,0x00,0x11,0x1f,0x00,0x00,0x11,0x1e,0x00,0x00,0x11,0x1c,0x00,0x00,0x11,0x19,
  0x00,0x00,0x11,0x18,0x00,0x00,0x11,0x15,0x00,0x00,0x11,0x14,0x00,0x00,0x11,0x12,
  0x00,0x00,0x11,0x0f,0x00,0x00,0x11,0x0e,0x00,0x00,0x11,0x0b,0x00,0x00,0x11,0x0a,
  0x00,0x00,0x11,0x08,0x00,0x00,0x11,0x05,0x00,0x00,0x11,0x04,0x00,0x00,0x11,0x01,
  0x00,0x00,0x11,0x00,0x00,0x00,0x10,0xfe,0x00,0x00,0x10,0xfb,0x00,0x00,0x10,0xfa,
  0x00,0x00,0x10,0xf7,0x00,0x00,0x10,0xf6,0x00,0x00,0x10,0xf4,0x00,0x00,0x10,0xf1,
  0x00,0x00,0x10,0xf0,0x00,0x00,0x10,0xed,0x00,0x00,0x10,0xec,0x00,0x00,0x10,0xea,
  0x00,0x00,0x10,0xe7,0x00,0x00,0x10,0xe6,0x00,0x00,0x10,0xe3,0x00,0x00,0x10,0xe2,
  0x00,0x00,0x10,0xe0,0x00,0x00,0x10,0xdd,0x00,0x00,0x10,0xdc,0x00,0x00,0x10,0xd9,
  0x00,0x00,0x10,0xd8,0x00,0x00,0x10,0xd6,0x00,0x00,0x10,0xd3,0x00,0x00,0x10,0xd2,
  0x00,0x00,0x10,0xcf,0x00,0x00,0x10,0xce,0x00,0x00,0x10,0xcc,0x00,0x00,0x10,0xca,
  0x00,0x00,0x10,0xc9,0x00,0x00,0x10,0xc9,0x00,0x00,0x10,0xc8,0x00,0x00,0x10,0xc7,
  0x00,0x00,0x10,0xc5,0x00,0x00,0x10,0xc4,0x00,0x00,0x10,0xc4,0x00,0x00,0x10,0xc3,
  0x00,0x00,0x10,0xc2,0x00,0x00,0x10,0xc0,0x00,0x00,0x10,0xbf,0x00,0x00,0x10,0xbf,
  0x00,0x00,0x10,0xbe,0x00,0x00,0x10,0xbd,0x00,0x00,0x10,0xbb,0x00,0x00,0x10,0xba,
  0x00,0x00,0x10,0xba,0x00,0x00,0x10,0xb9,0x00,0x00,0x10,0xb8,0x00,0x00,0x10,0xb6,
  0x00,0x00,0x10,0xb5,0x00,0x00,0x10,0xb5,0x00,0x00,0x10,0xb4,0x00,0x00,0x10,0xb3,
  0x00,0x00,0x10,0xb1,0x00,0x00,0x10,0xb0,0x00,0x00,0x10,0xb0,0x00,0x00,0x10,0xaf,
  0x00,0x00,0x10,0xae,0x00,0x00,0x10,0xac,0x00,0x00,0x10,0xab,0x00,0x00,0x10,0xab,
  0x00,0x00,0x10,0xaa,0x00,0x00,0x10,0xa9,0x00,0x00,0x10,0xa7,0x00,0x00,0x10,0xa6,
  0x00,0x00,0x10,0xa6,0x00,0x00,0x10,0xa5,0x00,0x00,0x10,0xa4,0x00,0x00,0x10,0xa2,
  0x00,0x00,0x10,0xa1,0x00,0x00,0x10,0xa1,0x00,0x00,0x10,0xa0,0x00,0x00,0x10,0x9f,
  0x00,0x00,0x10,0x9d,0x00,0x00,0x10,0x9c,0x00,0x00,0x10,0x9c,0x00,0x00,0x10,0x9b,
  0x00,0x00,0x10,0x9a,0x00,0x00,0x10,0x98,0x00,0x00,0x10,0x97,0x00,0x00,0x10,0x97,
  0x00,0x00,0x10,0x96,0x00,0x00,0x10,0x95,0x00,0x00,0x10,0x93,0x00,0x00,0x10,0x92,
  0x00,0x00,0x10,0x92,0x00,0x00,0x10,0x91,0x00,0x00,0x10,0x90,0x00,0x00,0x10,0x8e,
  0x00,0x00,0x10,0x8d,0x00,0x00,0x10,0x8d,0x00,0x00,0x10,0x8c,0x00,0x00,0x10,0x8b,
  0x00,0x00,0x10,0x89,0x00,0x00,0x10,0x88,0x00,0x00,0x10,0x88,0x00,0x00,0x10,0x87,
  0x00,0x00,0x10,0x86,0x00,0x00,0x10,0x84,0x00,0x00,0x10,0x83,0x00,0x00,0x10,0x83,
  0x00,0x00,0x10,0x82,0x00,0x00,0x10,0x81,0x00,0x00,0x10,0x7f,0x00,0x00,0x10,0x7e,
  0x00,0x00,0x10,0x7e,0x00,0x00,0x10,0x7d,0x00,0x00,0x10,0x7c,0x00,0x00,0x10,0x7a,
  0x00,0x00,0x10,0x79,0x00,0x00,0x10,0x79,0x00,0x00,0x10,0x78,0x00,0x00,0x10,0x77,
  0x00,0x00,0x10,0x75,0x00,0x00,0x10,0x74,0x00,0x00,0x10,0x74,0x00,0x00,0x10,0x73,
  0x00,0x00,0x10,0x72,0x00,0x00,0x10,0x70,0x00,0x00,0x10,0x6f,0x00,0x00,0x10,0x6f,
  0x00,0x00,0x10,0x6e,0x00,0x00,0x10,0x6d,0x00,0x00,0x10,0x6b,0x00,0x00,0x10,0x6a,
  0x00,0x00,0x10,0x6a,0x00,0x00,0x10,0x69,0x00,0x00,0x10,0x68,0x00,0x00,0x10,0x66,
  0x00,0x00,0x10,0x65,0x00,0x00,0x10,0x65,0x00,0x00,0x10,0x64,0x00,0x00,0x10,0x63,
  0x00,0x00,0x10,0x61,0x00,0x00,0x10,0x60,0x00,0x00,0x10,0x60,0x00,0x00,0x10,0x5f,
  0x00,0x00,0x10,0x5e,0x00,0x00,0x10,0x5c,0x00,0x00,0x10,0x5b,0x00,0x00,0x10,0x5b,
  0x00,0x00,0x10,0x5a,0x00,0x00,0x10,0x59,0x00,0x00,0x10,0x57,0x00,0x00,0x10,0x56,
  0x00,0x00,0x10,0x56,0x00,0x00,0x10,0x55,0x00,0x00,0x10,0x54,0x00,0x00,0x10,0x52,
  0x00,0x00,0x10,0x51,0x00,0x00,0x10,0x51,0x00,0x00,0x10,0x50,0x00,0x00,0x10,0x4f,
  0x00,0x00,0x10,0x4d,0x00,0x00,0x10,0x4c,0x00,0x00,0x10,0x4c,0x00,0x00,0x10,0x4b,
  0x00,0x00,0x10,0x4a,0x00,0x00,0x10,0x48,0x00,0x00,0x10,0x47,0x00,0x00,0x10,0x47,
  0x00,0x00,0x10,0x46,0x00,0x00,0x10,0x45,0x00,0x00,0x10,0x43,0x00,0x00,0x10,0x42,
  0x00,0x00,0x10,0x42,0x00,0x00,0x10,0x41,0x00,0x00,0x10,0x40,0x00,0x00,0x10,0x3e,
  0x00,0x00,0x10,0x3d,0x00,0x00,0x10,0x3d,0x00,0x00,0x10,0x3c,0x00,0x00,0x10,0x3b,
  0x00,0x00,0x10,0x39,0x00,0x00,0x10,0x38,0x00,0x00,0x10,0x38,0x00,0x00,0x10,0x37,
  0x00,0x00,0x10,0x36,0x00,0x00,0x10,0x34,0x00,0x00,0x10,0x33,0x00,0x00,0x10,0x33,
  0x00,0x00,0x10,0x32,0x00,0x00,0x10,0x31,0x00,0x00,0x10,0x2f,0x00,0x00,0x10,0x2e,
  0x00,0x00,0x10,0x2e,0x00,0x00,0x10,0x2d,0x00,0x00,0x10,0x2c,0x00,0x00,0x10,0x2a,
  0x00,0x00,0x10,0x29,0x00,0x00,0x10,0x29,0x00,0x00,0x10,0x28,0x00,0x00,0x10,0x27,
  0x00,0x00,0x10,0x25,0x00,0x00,0x10,0x24,0x00,0x00,0x10,0x24,0x00,0x00,0x10,0x23,
  0x00,0x00,0x10,0x22,0x00,0x00,0x10,0x20,0x00,0x00,0x10,0x1f,0x00,0x00,0x10,0x1f,
  0x00,0x00,0x10,0x1e,0x00,0x00,0x10,0x1d,0x00,0x00,0x10,0x1b,0x00,0x00,0x10,0x1a,
  0x00,0x00,0x10,0x1a,0x00,0x00,0x10,0x19,0x00,0x00,0x10,0x18,0x00,0x00,0x10,0x16,
  0x00,0x00,0x10,0x15,0x00,0x00,0x10,0x15,0x00,0x00,0x10,0x14,0x00,0x00,0x10,0x13,
  0x00,0x00,0x10,0x11,0x00,0x00,0x10,0x10,0x00,0x00,0x10,0x10,0x00,0x00,0x10,0x0f,
  0x00,0x00,0x10,0x0e,0x00,0x00,0x10,0x0c,0x00,0x00,0x10,0x0b,0x00,0x00,0x10,0x0b,
  0x00,0x00,0x10,0x0a,0x00,0x00,0x10,0x09,0x00,0x00,0x10,0x07,0x00,0x00,0x10,0x06,
  0x00,0x00,0x10,0x06,0x00,0x00,0x10,0x05,0x00,0x00,0x10,0x04,0x00,0x00,0x10,0x02,
  0x00,0x00,0x10,0x01,0x00,0x00,0x10,0x01,0x00,0x00,0x10,0x00,0x00,0x00,0x0f,0xfe,
  0x00,0x00,0x0f,0xfd,0x00,0x00,0x0f,0xfc,0x00,0x00,0x0f,0xfc,0x00,0x00,0x0f,0xfb,
  0x00,0x00,0x0f,0xf9,0x00,0x00,0x0f,0xf8,0x00,0x00,0x0f,0xf7,0x00,0x00,0x0f,0xf7,
  0x00,0x00,0x0f,0xf6,0x00,0x00,0x0f,0xf4,0x00,0x00,0x0f,0xf3,0x00,0x00,0x0f,0xf2,
  0x00,0x00,0x0f,0xf2,0x00,0x00,0x0f,0xf1,0x00,0x00,0x0f,0xef,0x00,0x00,0x0f,0xee,
  0x00,0x00,0x0f,0xed,0x00,0x00,0x0f,0xed,0x00,0x00,0x0f,0xec,0x00,0x00,0x0f,0xea,
  0x00,0x00,0x0f,0xe9,0x00,0x00,0x0f,0xe8,0x00,0x00,0x0f,0xe8,0x00,0x00,0x0f,0xe7,
  0x00,0x00,0x0f,0xe5,0x00,0x00,0x0f,0xe4,0x00,0x00,0x0f,0xe3,0x00,0x00,0x0f,0xe3,
  0x00,0x00,0x0f,0xe2,0x00,0x00,0x0f,0xe0,0x00,0x00,0x0f,0xdf,0x00,0x00,0x0f,0xde,
  0x00,0x00,0x0f,0xde,0x00,0x00,0x0f,0xdd,0x00,0x00,0x0f,0xdb,0x00,0x00,0x0f,0xda,
  0x00,0x00,0x0f,0xd9,0x00,0x00,0x0f,0xd9,0x00,0x00,0x0f,0xd8,0x00,0x00,0x0f,0xd6,
  0x00,0x00,0x0f,0xd5,0x00,0x00,0x0f,0xd4,0x00,0x00,0x0f,0xd4,0x00,0x00,0x0f,0xd3,
  0x00,0x00,0x0f,0xd1,0x00,0x00,0x0f,0xd0,0x00,0x00,0x0f,0xcf,0x00,0x00,0x0f,0xcf,
  0x00,0x00,0x0f,0xce,0x00,0x00,0x0f,0xcc,0x00,0x00,0x0f,0xcb,0x00,0x00,0x0f,0xca,
  0x00,0x00,0x0f,0xca,0x00,0x00,0x0f,0xc9,0x00,0x00,0x0f,0xc7,0x00,0x00,0x0f,0xc6,
  0x00,0x00,0x0f,0xc5,0x00,0x00,0x0f,0xc5,0x00,0x00,0x0f,0xc4,0x00,0x00,0x0f,0xc2,
  0x00,0x00,0x0f,0xc1,0x00,0x00,0x0f,0xc0,0x00,0x00,0x0f,0xc0,0x00,0x00,0x0f,0xbf,
  0x00,0x00,0x0f,0xbd,0x00,0x00,0x0f,0xbc,0x00,0x00,0x0f,0xbb,0x00,0x00,0x0f,0xbb,
  0x00,0x00,0x0f,0xba,0x00,0x00,0x0f,0xb8,0x00,0x00,0x0f,0xb7,0x00,0x00,0x0f,0xb6,
  0x00,0x00,0x0f,0xb6,0x00,0x00,0x0f,0xb5,0x00,0x00,0x0f,0xb3,0x00,0x00,0x0f,0xb2,
  0x00,0x00,0x0f,0xb1,0x00,0x00,0x0f,0xb1,0x00,0x00,0x0f,0xb0,0x00,0x00,0x0f,0xae,
  0x00,0x00,0x0f,0xad,0x00,0x00,0x0f,0xac,0x00,0x00,0x0f,0xac,0x00,0x00,0x0f,0xab,
  0x00,0x00,0x0f,0xa9,0x00,0x00,0x0f,0xa8,0x00,0x00,0x0f,0xa7,0x00,0x00,0x0f,0xa7,
  0x00,0x00,0x0f,0xa6,0x00,0x00,0x0f,0xa4,0x00,0x00,0x0f,0xa3,0x00,0x00,0x0f,0xa2,
  0x00,0x00,0x0f,0xa2,0x00,0x00,0x0f,0xa1,0x80,0x00,0x0f,0x9f,0x00,0x00,0x02,0xc6,
  0x00,0x00,0x0f,0x9f,0x00,0x00,0x0f,0xa1,0x00,0x00,0x0f,0xa2,0x00,0x00,0x0f,0xa2,
  0x00,0x00,0x0f,0xa3,0x00,0x00,0x0f,0xa4,0x00,0x00,0x0f,0xa6,0x00,0x00,0x0f,0xa7,
  0x00,0x00,0x0f,0xa7,0x00,0x00,0x0f,0xa8,0x00,0x00,0x0f,0xa9,0x00,0x00,0x0f,0xab,
  0x00,0x00,0x0f,0xac,0x00,0x00,0x0f,0xac,0x00,0x00,0x0f,0xad,0x00,0x00,0x0f,0xae,
  0x00,0x00,0x0f,0xb0,0x00,0x00,0x0f,0xb1,0x00,0x00,0x0f,0xb1,0x00,0x00,0x0f,0xb2,
  0x00,0x00,0x0f,0xb3,0x00,0x00,0x0f,0xb5,0x00,0x00,0x0f,0xb6,0x00,0x00,0x0f,0xb6,
  0x00,0x00,0x0f,0xb7,0x00,0x00,0x0f,0xb8,0x00,0x00,0x0f,0xba,0x00,0x00,0x0f,0xbb,
  0x00,0x00,0x0f,0xbb,0x00,0x00,0x0f,0xbc,0x00,0x00,0x0f,0xbd,0x00,0x00,0x0f,0xbf,
  0x00,0x00,0x0f,0xc0,0x00,0x00,0x0f,0xc0,0x00,0x00,0x0f,0xc1,0x00,0x00,0x0f,0xc2,
  0x00,0x00,0x0f,0xc4,0x00,0x00,0x0f,0xc5,0x00,0x00,0x0f,0xc5,0x00,0x00,0x0f,0xc6,
  0x00,0x00,0x0f,0xc7,0x00,0x00,0x0f,0xc9,0x00,0x00,0x0f,0xca,0x00,0x00,0x0f,0xca,
  0x00,0x00,0x0f,0xcb,0x00,0x00,0x0f,0xcc,0x00,0x00,0x0f,0xce,0x00,0x00,0x0f,0xcf,
  0x00,0x00,0x0f,0xcf,0x00,0x00,0x0f,0xd0,0x00,0x00,0x0f,0xd1,0x00,0x00,0x0f,0xd3,
  0x00,0x00,0x0f,0xd4,0x00,0x00,0x0f,0xd4,0x00,0x00,0x0f,0xd5,0x00,0x00,0x0f,0xd6,
  0x00,0x00,0x0f,0xd8,0x00,0x00,0x0f,0xd9,0x00,0x00,0x0f,0xd9,0x00,0x00,0x0f,0xda,
  0x00,0x00,0x0f,0xdb,0x00,0x00,0x0f,0xdd,0x00,0x00,0x0f,0xde,0x00,0x00,0x0f,0xde,
  0x00,0x00,0x0f,0xdf,0x00,0x00,0x0f,0xe0,0x00,0x00,0x0f,0xe2,0x00,0x00,0x0f,0xe3,
  0x00,0x00,0x0f,0xe3,0x00,0x00,0x0f,0xe4,0x00,0x00,0x0f,0xe5,0x00,0x00,0x0f,0xe7,
  0x00,0x00,0x0f,0xe8,0x00,0x00,0x0f,0xe8,0x00,0x00,0x0f,0xe9,0x00,0x00,0x0f,0xea,
  0x00,0x00,0x0f,0xec,0x00,0x00,0x0f,0xed,0x00,0x00,0x0f,0xed,0x00,0x00,0x0f,0xee,
  0x00,0x00,0x0f,0xef,0x00,0x00,0x0f,0xf1,0x00,0x00,0x0f,0xf2,0x00,0x00,0x0f,0xf2,
  0x00,0x00,0x0f,0xf3,0x00,0x00,0x0f,0xf4,0x00,0x00,0x0f,0xf6,0x00,0x00,0x0f,0xf7,
  0x00,0x00,0x0f,0xf7,0x00,0x00,0x0f,0xf8,0x00,0x00,0x0f,0xf9,0x00,0x00,0x0f,0xfb,
  0x00,0x00,0x0f,0xfc,0x00,0x00,0x0f,0xfc,0x00,0x00,0x0f,0xfd,0x00,0x00,0x0f,0xfe,
  0x00,0x00,0x10,0x00,0x00,0x00,0x10,0x01,0x00,0x00,0x10,0x01,0x00,0x00,0x10,0x02,
  0x00,0x00,0x10,0x04,0x00,0x00,0x10,0x05,0x00,0x00,0x10,0x06,0x00,0x00,0x10,0x06,
  0x00,0x00,0x10,0x07,0x00,0x00,0x10,0x09,0x00,0x00,0x10,0x0a,0x00,0x00,0x10,0x0b,
  0x00,0x00,0x10,0x0b,0x00,0x00,0x10,0x0c,0x00,0x00,0x10,0x0e,0x00,0x00,0x10,0x0f,
  0x00,0x00,0x10,0x10,0x00,0x00,0x10,0x10,0x00,0x00,0x10,0x11,0x00,0x00,0x10,0x13,
  0x00,0x00,0x10,0x14,0x00,0x00,0x10,0x15,0x00,0x00,0x10,0x15,0x00,0x00,0x10,0x16,
  0x00,0x00,0x10,0x18,0x00,0x00,0x10,0x19,0x00,0x00,0x10,0x1a,0x00,0x00,0x10,0x1a,
  0x00,0x00,0x10,0x1b,0x00,0x00,0x10,0x1d,0x00,0x00,0x10,0x1e,0x00,0x00,0x10,0x1f,
  0x00,0x00,0x10,0x1f,0x00,0x00,0x10,0x20,0x00,0x00,0x10,0x22,0x00,0x00,0x10,0x23,
  0x00,0x00,0x10,0x24,0x00,0x00,0x10,0x24,0x00,0x00,0x10,0x25,0x00,0x00,0x10,0x27,
  0x00,0x00,0x10,0x28,0x00,0x00,0x10,0x29,0x00,0x00,0x10,0x29,0x00,0x00,0x10,0x2a,
  0x00,0x00,0x10,0x2c,0x00,0x00,0x10,0x2d,0x00,0x00,0x10,0x2e,0x00,0x00,0x10,0x2e,
  0x00,0x00,0x10,0x2f,0x00,0x00,0x10,0x31,0x00,0x00,0x10,0x32,0x00,0x00,0x10,0x33,
  0x00,0x00,0x10,0x33,0x00,0x00,0x10,0x34,0x00,0x00,0x10,0x36,0x00,0x00,0x10,0x37,
  0x00,0x00,0x10,0x38,0x00,0x00,0x10,0x38,0x00,0x00,0x10,0x39,0x00,0x00,0x10,0x3b,
  0x00,0x00,0x10,0x3c,0x00,0x00,0x10,0x3d,0x00,0x00,0x10,0x3d,0x00,0x00,0x10,0x3e,
  0x00,0x00,0x10,0x40,0x00,0x00,0x10,0x41,0x00,0x00,0x10,0x42,0x00,0x00,0x10,0x42,
  0x00,0x00,0x10,0x43,0x00,0x00,0x10,0x45,0x00,0x00,0x10,0x46,0x00,0x00,0x10,0x47,
  0x00,0x00,0x10,0x47,0x00,0x00,0x10,0x48,0x00,0x00,0x10,0x4a,0x00,0x00,0x10,0x4b,
  0x00,0x00,0x10,0x4c,0x00,0x00,0x10,0x4c,0x00,0x00,0x10,0x4d,0x00,0x00,0x10,0x4f,
  0x00,0x00,0x10,0x50,0x00,0x00,0x10,0x51,0x00,0x00,0x10,0x51,0x00,0x00,0x10,0x52,
  0x00,0x00,0x10,0x54,0x00,0x00,0x10,0x55,0x00,0x00,0x10,0x56,0x00,0x00,0x10,0x56,
  0x00,0x00,0x10,0x57,0x00,0x00,0x10,0x59,0x00,0x00,0x10,0x5a,0x00,0x00,0x10,0x5b,
  0x00,0x00,0x10,0x5b,0x00,0x00,0x10,0x5c,0x00,0x00,0x10,0x5e,0x00,0x00,0x10,0x5f,
  0x00,0x00,0x10,0x60,0x00,0x00,0x10,0x60,0x00,0x00,0x10,0x61,0x00,0x00,0x10,0x63,
  0x00,0x00,0x10,0x64,0x00,0x00,0x10,0x65,0x00,0x00,0x10,0x65,0x00,0x00,0x10,0x66,
  0x00,0x00,0x10,0x68,0x00,0x00,0x10,0x69,0x00,0x00,0x10,0x6a,0x00,0x00,0x10,0x6a,
  0x00,0x00,0x10,0x6b,0x00,0x00,0x10,0x6d,0x00,0x00,0x10,0x6e,0x00,0x00,0x10,0x6f,
  0x00,0x00,0x10,0x6f,0x00,0x00,0x10,0x70,0x00,0x00,0x10,0x72,0x00,0x00,0x10,0x73,
  0x00,0x00,0x10,0x74,0x00,0x00,0x10,0x74,0x00,0x00,0x10,0x75,0x00,0x00,0x10,0x77,
  0x00,0x00,0x10,0x78,0x00,0x00,0x10,0x79,0x00,0x00,0x10,0x79,0x00,0x00,0x10,0x7a,
  0x00,0x00,0x10,0x7c,0x00,0x00,0x10,0x7d,0x00,0x00,0x10,0x7e,0x00,0x00,0x10,0x7e,
  0x00,0x00,0x10,0x7f,0x00,0x00,0x10,0x81,0x00,0x00,0x10,0x82,0x00,0x00,0x10,0x83,
  0x00,0x00,0x10,0x83,0x00,0x00,0x10,0x84,0x00,0x00,0x10,0x86,0x00,0x00,0x10,0x87,
  0x00,0x00,0x10,0x88,0x00,0x00,0x10,0x88,0x00,0x00,0x10,0x89,0x00,0x00,0x10,0x8b,
  0x00,0x00,0x10,0x8c,0x00,0x00,0x10,0x8d,0x00,0x00,0x10,0x8d,0x00,0x00,0x10,0x8e,
  0x00,0x00,0x10,0x90,0x00,0x00,0x10,0x91,0x00,0x00,0x10,0x92,0x00,0x00,0x10,0x92,
  0x00,0x00,0x10,0x93,0x00,0x00,0x10,0x95,0x00,0x00,0x10,0x96,0x00,0x00,0x10,0x97,
  0x00,0x00,0x10,0x97,0x00,0x00,0x10,0x98,0x00,0x00,0x10,0x9a,0x00,0x00,0x10,0x9b,
  0x00,0x00,0x10,0x9c,0x00,0x00,0x10,0x9c,0x00,0x00,0x10,0x9d,0x00,0x00,0x10,0x9f,
  0x00,0x00,0x10,0xa0,0x00,0x00,0x10,0xa1,0x00,0x00,0x10,0xa1,0x00,0x00,0x10,0xa2,
  0x00,0x00,0x10,0xa4,0x00,0x00,0x10,0xa5,0x00,0x00,0x10,0xa6,0x00,0x00,0x10,0xa6,
  0x00,0x00,0x10,0xa7,0x00,0x00,0x10,0xa9,0x00,0x00,0x10,0xaa,0x00,0x00,0x10,0xab,
  0x00,0x00,0x10,0xab,0x00,0x00,0x10,0xac,0x00,0x00,0x10,0xae,0x00,0x00,0x10,0xaf,
  0x00,0x00,0x10,0xb0,0x00,0x00,0x10,0xb0,0x00,0x00,0x10,0xb1,0x00,0x00,0x10,0xb3,
  0x00,0x00,0x10,0xb4,0x00,0x00,0x10,0xb5,0x00,0x00,0x10,0xb5,0x00,0x00,0x10,0xb6,
  0x00,0x00,0x10,0xb8,0x00,0x00,0x10,0xb9,0x00,0x00,0x10,0xba,0x00,0x00,0x10,0xba,
  0x00,0x00,0x10,0xbb,0x00,0x00,0x10,0xbd,0x00,0x00,0x10,0xbe,0x00,0x00,0x10,0xbf,
  0x00,0x00,0x10,0xbf,0x00,0x00,0x10,0xc0,0x00,0x00,0x10,0xc2,0x00,0x00,0x10,0xc3,
  0x00,0x00,0x10,0xc4,0x00,0x00,0x10,0xc4,0x00,0x00,0x10,0xc5,0x00,0x00,0x10,0xc7,
  0x00,0x00,0x10,0xc8,0x00,0x00,0x10,0xc9,0x00,0x00,0x10,0xc9,0x00,0x00,0x10,0xca,
  0x00,0x00,0x10,0xcc,0x00,0x00,0x10,0xce,0x00,0x00,0x10,0xcf,0x00,0x00,0x10,0xd2,
  0x00,0x00,0x10,0xd3,0x00,0x00,0x10,0xd6,0x00,0x00,0x10,0xd8,0x00,0x00,0x10,0xd9,
  0x00,0x00,0x10,0xdc,0x00,0x00,0x10,0xdd,0x00,0x00,0x10,0xe0,0x00,0x00,0x10,0xe2,
  0x00,0x00,0x10,0xe3,0x00,0x00,0x10,0xe6,0x00,0x00,0x10,0xe7,0x00,0x00,0x10,0xea,
  0x00,0x00,0x10,0xec,0x00,0x00,0x10,0xed,0x00,0x00,0x10,0xf0,0x00,0x00,0x10,0xf1,
  0x00,0x00,0x10,0xf4,0x00,0x00,0x10,0xf6,0x00,0x00,0x10,0xf7,0x00,0x00,0x10,0xfa,
  0x00,0x00,0x10,0xfb,0x00,0x00,0x10,0xfe,0x00,0x00,0x11,0x00,0x00,0x00,0x11,0x01,
  0x00,0x00,0x11,0x04,0x00,0x00,0x11,0x05,0x00,0x00,0x11,0x08,0x00,0x00,0x11,0x0a,
  0x00,0x00,0x11,0x0b,0x00,0x00,0x11,0x0e,0x00,0x00,0x11,0x0f,0x00,0x00,0x11,0x12,
  0x00,0x00,0x11,0x14,0x00,0x00,0x11,0x15,0x00,0x00,0x11,0x18,0x00,0x00,0x11,0x19,
  0x00,0x00,0x11,0x1c,0x00,0x00,0x11,0x1e,0x00,0x00,0x11,0x1f,0x00,0x00,0x11,0x22,
  0x00,0x00,0x11,0x23,0x00,0x00,0x11,0x26,0x00,0x00,0x11,0x28,0x00,0x00,0x11,0x29,
  0x00,0x00,0x11,0x2c,0x00,0x00,0x11,0x2d,0x00,0x00,0x11,0x30,0x00,0x00,0x11,0x32,
  0x00,0x00,0x11,0x33,0x00,0x00,0x11,0x36,0x00,0x00,0x11,0x37,0x00,0x00,0x11,0x3a,
  0x00,0x00,0x11,0x3c,0x00,0x00,0x11,0x3d,0x00,0x00,0x11,0x40,0x00,0x00,0x11,0x41,
  0x00,0x00,0x11,0x44,0x00,0x00,0x11,0x46,0x00,0x00,0x11,0x47,0x00,0x00,0x11,0x4a,
  0x00,0x00,0x11,0x4b,0x00,0x00,0x11,0x4e,0x00,0x00,0x11,0x50,0x00,0x00,0x11,0x51,
  0x00,0x00,0x11,0x54,0x00,0x00,0x11,0x55,0x00,0x00,0x11,0x58,0x00,0x00,0x11,0x5a,
  0x00,0x00,0x11,0x5b,0x00,0x00,0x11,0x5e,0x00,0x00,0x11,0x5f,0x00,0x00,0x11,0x62,
  0x00,0x00,0x11,0x64,0x00,0x00,0x11,0x65,0x00,0x00,0x11,0x68,0x00,0x00,0x11,0x69,
  0x00,0x00,0x11,0x6c,0x00,0x00,0x11,0x6e,0x00,0x00,0x11,0x6f,0x00,0x00,0x11,0x72,
  0x00,0x00,0x11,0x73,0x00,0x00,0x11,0x76,0x00,0x00,0x11,0x78,0x00,0x00,0x11,0x79,
  0x00,0x00,0x11,0x7c,0x00,0x00,0x11,0x7d,0x00,0x00,0x11,0x80,0x00,0x00,0x11,0x82,
  0x00,0x00,0x11,0x83,0x00,0x00,0x11,0x86,0x00,0x00,0x11,0x87,0x00,0x00,0x11,0x8a,
  0x00,0x00,0x11,0x8c,0x00,0x00,0x11,0x8d,0x00,0x00,0x11,0x90,0x00,0x00,0x11,0x91,
  0x00,0x00,0x11,0x94,0x00,0x00,0x11,0x96,0x00,0x00,0x11,0x97,0x00,0x00,0x11,0x9a,
  0x00,0x00,0x11,0x9b,0x00,0x00,0x11,0x9e,0x00,0x00,0x11,0xa0,0x00,0x00,0x11,0xa1,
  0x00,0x00,0x11,0xa4,0x00,0x00,0x11,0xa5,0x00,0x00,0x11,0xa8,0x00,0x00,0x11,0xaa,
  0x00,0x00,0x11,0xab,0x00,0x00,0x11,0xae,0x00,0x00,0x11,0xaf,0x00,0x00,0x11,0xb2,
  0x00,0x00,0x11,0xb4,0x00,0x00,0x11,0xb5,0x00,0x00,0x11,0xb8,0x00,0x00,0x11,0xb9,
  0x00,0x00,0x11,0xbc,0x00,0x00,0x11,0xbe,0x00,0x00,0x11,0xbf,0x00,0x00,0x11,0xc2,
  0x00,0x00,0x11,0xc3,0x00,0x00,0x11,0xc6,0x00,0x00,0x11,0xc8,0x00,0x00,0x11,0xc9,
  0x00,0x00,0x11,0xcc,0x00,0x00,0x11,0xcd,0x00,0x00,0x11,0xd0,0x00,0x00,0x11,0xd2,
  0x00,0x00,0x11,0xd3,0x00,0x00,0x11,0xd6,0x00,0x00,0x11,0xd7,0x00,0x00,0x11,0xda,
  0x00,0x00,0x11,0xdc,0x00,0x00,0x11,0xdd,0x00,0x00,0x11,0xe0,0x00,0x00,0x11,0xe1,
  0x00,0x00,0x11,0xe4,0x00,0x00,0x11,0xe6,0x00,0x00,0x11,0xe7,0x00,0x00,0x11,0xea,
  0x00,0x00,0x11,0xeb,0x00,0x00,0x11,0xee,0x00,0x00,0x11,0xf0,0x00,0x00,0x11,0xf1,
  0x00,0x00,0x11,0xf4,0x00,0x00,0x11,0xf5,0x00,0x00,0x11,0xf8,0x00,0x00,0x11,0xfa,
  0x00,0x00,0x11,0xfb,0x00,0x00,0x11,0xfe,0x00,0x00,0x11,0xff,0x00,0x00,0x12,0x02,
  0x00,0x00,0x12,0x04,0x00,0x00,0x12,0x05,0x00,0x00,0x12,0x08,0x00,0x00,0x12,0x09,
  0x00,0x00,0x12,0x0c,0x00,0x00,0x12,0x0e,0x00,0x00,0x12,0x0f,0x00,0x00,0x12,0x12,
  0x00,0x00,0x12,0x13,0x00,0x00,0x12,0x16,0x00,0x00,0x12,0x18,0x00,0x00,0x12,0x19,
  0x00,0x00,0x12,0x1c,0x00,0x00,0x12,0x1d,0x00,0x00,0x12,0x20,0x00,0x00,0x12,0x22,
  0x00,0x00,0x12,0x23,0x00,0x00,0x12,0x26,0x00,0x00,0x12,0x27,0x00,0x00,0x12,0x2a,
  0x00,0x00,0x12,0x2c,0x00,0x00,0x12,0x2d,0x00,0x00,0x12,0x30,0x00,0x00,0x12,0x31,
  0x00,0x00,0x12,0x34,0x00,0x00,0x12,0x36,0x00,0x00,0x12,0x37,0x00,0x00,0x12,0x3a,
  0x00,0x00,0x12,0x3b,0x00,0x00,0x12,0x3e,0x00,0x00,0x12,0x40,0x00,0x00,0x12,0x41,
  0x00,0x00,0x12,0x44,0x00,0x00,0x12,0x45,0x00,0x00,0x12,0x49,0x00,0x00,0x12,0x4b,
  0x00,0x00,0x12,0x4f,0x00,0x00,0x12,0x52,0x00,0x00,0x12,0x54,0x00,0x00,0x12,0x58,
  0x00,0x00,0x12,0x5a,0x00,0x00,0x12,0x5e,0x00,0x00,0x12,0x61,0x00,0x00,0x12,0x63,
  0x00,0x00,0x12,0x67,0x00,0x00,0x12,0x69,0x00,0x00,0x12,0x6d,0x00,0x00,0x12,0x70,
  0x00,0x00,0x12,0x72,0x00,0x00,0x12,0x76,0x00,0x00,0x12,0x78,0x00,0x00,0x12,0x7c,
  0x00,0x00,0x12,0x7f,0x00,0x00,0x12,0x81,0x00,0x00,0x12,0x85,0x00,0x00,0x12,0x87,
  0x00,0x00,0x12,0x8b,0x00,0x00,0x12,0x8e,0x00,0x00,0x12,0x90,0x00,0x00,0x12,0x94,
  0x00,0x00,0x12,0x96,0x00,0x00,0x12,0x9a,0x00,0x00,0x12,0x9d,0x00,0x00,0x12,0x9f,
  0x00,0x00,0x12,0xa3,0x00,0x00,0x12,0xa5,0x00,0x00,0x12,0xa9,0x00,0x00,0x12,0xac,
  0x00,0x00,0x12,0xae,0x00,0x00,0x12,0xb2,0x00,0x00,0x12,0xb4,0x00,0x00,0x12,0xb8,
  0x00,0x00,0x12,0xbb,0x00,0x00,0x12,0xbd,0x00,0x00,0x12,0xc1,0x00,0x00,0x12,0xc3,
  0x00,0x00,0x12,0xc7,0x00,0x00,0x12,0xca,0x00,0x00,0x12,0xcc,0x00,0x00,0x12,0xd0,
  0x00,0x00,0x12,0xd2,0x00,0x00,0x12,0xd6,0x00,0x00,0x12,0xd9,0x00,0x00,0x12,0xdb,
  0x00,0x00,0x12,0xdf,0x00,0x00,0x12,0xe1,0x00,0x00,0x12,0xe5,0x00,0x00,0x12,0xe8,
  0x00,0x00,0x12,0xea,0x00,0x00,0x12,0xee,0x00,0x00,0x12,0xf0,0x00,0x00,0x12,0xf4,
  0x00,0x00,0x12,0xf7,0x00,0x00,0x12,0xf9,0x00,0x00,0x12,0xfd,0x00,0x00,0x12,0xff,
  0x00,0x00,0x13,0x03,0x00,0x00,0x13,0x06,0x00,0x00,0x13,0x08,0x00,0x00,0x13,0x0c,
  0x00,0x00,0x13,0x0e,0x00,0x00,0x13,0x12,0x00,0x00,0x13,0x15,0x00,0x00,0x13,0x17,
  0x00,0x00,0x13,0x1b,0x00,0x00,0x13,0x1d,0x00,0x00,0x13,0x21,0x00,0x00,0x13,0x24,
  0x00,0x00,0x13,0x26,0x00,0x00,0x13,0x2a,0x00,0x00,0x13,0x2c,0x00,0x00,0x13,0x30,
  0x00,0x00,0x13,0x33,0x00,0x00,0x13,0x35,0x00,0x00,0x13,0x39,0x00,0x00,0x13,0x3b,
  0x00,0x00,0x13,0x3f,0x00,0x00,0x13,0x42,0x00,0x00,0x13,0x44,0x00,0x00,0x13,0x48,
  0x00,0x00,0x13,0x4a,0x00,0x00,0x13,0x4e,0x00,0x00,0x13,0x51,0x00,0x00,0x13,0x53,
  0x00,0x00,0x13,0x57,0x00,0x00,0x13,0x5b,0x00,0x00,0x13,0x5e,0x00,0x00,0x13,0x62,
  0x00,0x00,0x13,0x67,0x00,0x00,0x13,0x6b,0x00,0x00,0x13,0x6f,0x00,0x00,0x13,0x72,
  0x00,0x00,0x13,0x76,0x00,0x00,0x13,0x7b,0x00,0x00,0x13,0x7f,0x00,0x00,0x13,0x83,
  0x00,0x00,0x13,0x86,0x00,0x00,0x13,0x8a,0x00,0x00,0x13,0x8f,0x00,0x00,0x13,0x93,
  0x00,0x00,0x13,0x97,0x00,0x00,0x13,0x9a,0x00,0x00,0x13,0x9e,0x00,0x00,0x13,0xa3,
  0x00,0x00,0x13,0xa7,0x00,0x00,0x13,0xab,0x00,0x00,0x13,0xae,0x00,0x00,0x13,0xb2,
  0x00,0x00,0x13,0xb7,0x00,0x00,0x13,0xbb,0x00,0x00,0x13,0xbf,0x00,0x00,0x13,0xc2,
  0x00,0x00,0x13,0xc6,0x00,0x00,0x13,0xcb,0x00,0x00,0x13,0xcf,0x00,0x00,0x13,0xd3,
  0x00,0x00,0x13,0xd6,0x00,0x00,0x13,0xda,0x00,0x00,0x13,0xdf,0x00,0x00,0x13,0xe3,
  0x00,0x00,0x13,0xe7,0x00,0x00,0x13,0xea,0x00,0x00,0x13,0xee,0x00,0x00,0x13,0xf3,
  0x00,0x00,0x13,0xf7,0x00,0x00,0x13,0xfb,0x00,0x00,0x13,0xfe,0x00,0x00,0x14,0x02,
  0x00,0x00,0x14,0x07,0x00,0x00,0x14,0x0b,0x00,0x00,0x14,0x0e,0x00,0x00,0x14,0x12,
  0x00,0x00,0x14,0x16,0x00,0x00,0x14,0x1b,0x00,0x00,0x14,0x1f,0x00,0x00,0x14,0x22,
  0x00,0x00,0x14,0x26,0x00,0x00,0x14,0x2a,0x00,0x00,0x14,0x2f,0x00,0x00,0x14,0x33,
  0x00,0x00,0x14,0x36,0x00,0x00,0x14,0x3a,0x00,0x00,0x14,0x3e,0x00,0x00,0x14,0x43,
  0x00,0x00,0x14,0x48,0x00,0x00,0x14,0x4d,0x00,0x00,0x14,0x52,0x00,0x00,0x14,0x57,
  0x00,0x00,0x14,0x5c,0x00,0x00,0x14,0x61,0x00,0x00,0x14,0x66,0x00,0x00,0x14,0x6b,
  0x00,0x00,0x14,0x70,0x00,0x00,0x14,0x75,0x00,0x00,0x14,0x7a,0x00,0x00,0x14,0x7f,
  0x00,0x00,0x14,0x84,0x00,0x00,0x14,0x89,0x00,0x00,0x14,0x8e,0x00,0x00,0x14,0x93,
  0x00,0x00,0x14,0x98,0x00,0x00,0x14,0x9d,0x00,0x00,0x14,0xa2,0x00,0x00,0x14,0xa7,
  0x00,0x00,0x14,0xac,0x00,0x00,0x14,0xb1,0x00,0x00,0x14,0xb6,0x00,0x00,0x14,0xbb,
  0x00,0x00,0x14,0xc0,0x00,0x00,0x14,0xc5,0x00,0x00,0x14,0xca,0x00,0x00,0x14,0xcf,
  0x00,0x00,0x14,0xd4,0x00,0x00,0x14,0xd9,0x00,0x00,0x14,0xde,0x00,0x00,0x14,0xe3,
  0x00,0x00,0x14,0xe8,0x00,0x00,0x14,0xed,0x00,0x00,0x14,0xf2,0x00,0x00,0x14,0xf7,
  0x00,0x00,0x14,0xfc,0x00,0x00,0x15,0x01,0x00,0x00,0x15,0x06,0x00,0x00,0x15,0x0b,
  0x00,0x00,0x15,0x10,0x00,0x00,0x15,0x16,0x00,0x00,0x15,0x1c,0x00,0x00,0x15,0x23,
  0x00,0x00,0x15,0x29,0x00,0x00,0x15,0x2e,0x00,0x00,0x15,0x34,0x00,0x00,0x15,0x3a,
  0x00,0x00,0x15,0x41,0x00,0x00,0x15,0x47,0x00,0x00,0x15,0x4c,0x00,0x00,0x15,0x52,
  0x00,0x00,0x15,0x58,0x00,0x00,0x15,0x5f,0x00,0x00,0x15,0x65,0x00,0x00,0x15,0x6a,
  0x00,0x00,0x15,0x70,0x00,0x00,0x15,0x76,0x00,0x00,0x15,0x7d,0x00,0x00,0x15,0x83,
  0x00,0x00,0x15,0x88,0x00,0x00,0x15,0x8e,0x00,0x00,0x15,0x94,0x00,0x00,0x15,0x9b,
  0x00,0x00,0x15,0xa1,0x00,0x00,0x15,0xa6,0x00,0x00,0x15,0xac,0x00,0x00,0x15,0xb2,
  0x00,0x00,0x15,0xb9,0x00,0x00,0x15,0xbf,0x00,0x00,0x15,0xc4,0x00,0x00,0x15,0xcb,
  0x00,0x00,0x15,0xd3,0x00,0x00,0x15,0xd9,0x00,0x00,0x15,0xe1,0x00,0x00,0x15,0xe7,
  0x00,0x00,0x15,0xee,0x00,0x00,0x15,0xf6,0x00,0x00,0x15,0xfc,0x00,0x00,0x16,0x04,
  0x00,0x00,0x16,0x0a,0x00,0x00,0x16,0x11,0x00,0x00,0x16,0x19,0x00,0x00,0x16,0x1f,
  0x00,0x00,0x16,0x27,0x00,0x00,0x16,0x2d,0x00,0x00,0x16,0x34,0x00,0x00,0x16,0x3c,
  0x00,0x00,0x16,0x42,0x00,0x00,0x16,0x4a,0x00,0x00,0x16,0x50,0x00,0x00,0x16,0x57,
  0x00,0x00,0x16,0x5f,0x00,0x00,0x16,0x65,0x00,0x00,0x16,0x6e,0x00,0x00,0x16,0x75,
  0x00,0x00,0x16,0x7d,0x00,0x00,0x16,0x86,0x00,0x00,0x16,0x8d,0x00,0x00,0x16,0x96,
  0x00,0x00,0x16,0x9d,0x00,0x00,0x16,0xa5,0x00,0x00,0x16,0xae,0x00,0x00,0x16,0xb5,
  0x00,0x00,0x16,0xbe,0x00,0x00,0x16,0xc5,0x00,0x00,0x16,0xcd,0x00,0x00,0x16,0xd6,
  0x00,0x00,0x16,0xdd,0x00,0x00,0x16,0xe6,0x00,0x00,0x16,0xed,0x00,0x00,0x16,0xf5,
  0x00,0x00,0x16,0xfe,0x00,0x00,0x17,0x05,0x00,0x00,0x17,0x0e,0x00,0x00,0x17,0x18,
  0x00,0x00,0x17,0x21,0x00,0x00,0x17,0x29,0x00,0x00,0x17,0x32,0x00,0x00,0x17,0x3b,
  0x00,0x00,0x17,0x45,0x00,0x00,0x17,0x4e,0x00,0x00,0x17,0x56,0x00,0x00,0x17,0x5f,
  0x00,0x00,0x17,0x68,0x00,0x00,0x17,0x72,0x00,0x00,0x17,0x7b,0x00,0x00,0x17,0x83,
  0x00,0x00,0x17,0x8c,0x00,0x00,0x17,0x95,0x00,0x00,0x17,0x9f,0x00,0x00,0x17,0xa9,
  0x00,0x00,0x17,0xb3,0x00,0x00,0x17,0xbd,0x00,0x00,0x17,0xc7,0x00,0x00,0x17,0xd1,
  0x00,0x00,0x17,0xdb,0x00,0x00,0x17,0xe5,0x00,0x00,0x17,0xef,0x00,0x00,0x17,0xf9,
  0x00,0x00,0x18,0x03,0x00,0x00,0x18,0x0d,0x00,0x00,0x18,0x17,0x00,0x00,0x18,0x22,
  0x00,0x00,0x18,0x2d,0x00,0x00,0x18,0x39,0x00,0x00,0x18,0x44,0x00,0x00,0x18,0x4e,
  0x00,0x00,0x18,0x59,0x00,0x00,0x18,0x64,0x00,0x00,0x18,0x70,0x00,0x00,0x18,0x7b,
  0x00,0x00,0x18,0x85,0x00,0x00,0x18,0x90,0x00,0x00,0x18,0x9b,0x00,0x00,0x18,0xa8,
  0x00,0x00,0x18,0xb3,0x00,0x00,0x18,0xc0,0x00,0x00,0x18,0xcb,0x00,0x00,0x18,0xd7,
  0x00,0x00,0x18,0xe4,0x00,0x00,0x18,0xef,0x00,0x00,0x18,0xfc,0x00,0x00,0x19,0x07,
  0x00,0x00,0x19,0x13,0x00,0x00,0x19,0x20,0x00,0x00,0x19,0x2e,0x00,0x00,0x19,0x3a,
  0x00,0x00,0x19,0x48,0x00,0x00,0x19,0x54,0x00,0x00,0x19,0x61,0x00,0x00,0x19,0x6f,
  0x00,0x00,0x19,0x7b,0x00,0x00,0x19,0x89,0x00,0x00,0x19,0x97,0x00,0x00,0x19,0xa4,
  0x00,0x00,0x19,0xb2,0x00,0x00,0x19,0xc0,0x00,0x00,0x19,0xcf,0x00,0x00,0x19,0xdd,
  0x00,0x00,0x19,0xea,0x00,0x00,0x19,0xf8,0x00,0x00,0x1a,0x07,0x00,0x00,0x1a,0x16,
  0x00,0x00,0x1a,0x25,0x00,0x00,0x1a,0x34,0x00,0x00,0x1a,0x43,0x00,0x00,0x1a,0x52,
  0x00,0x00,0x1a,0x61,0x00,0x00,0x1a,0x71,0x00,0x00,0x1a,0x82,0x00,0x00,0x1a,0x92,
  0x00,0x00,0x1a,0xa1,0x00,0x00,0x1a,0xb1,0x00,0x00,0x1a,0xc1,0x00,0x00,0x1a,0xd3,
  0x00,0x00,0x1a,0xe3,0x00,0x00,0x1a,0xf5,0x00,0x00,0x1b,0x05,0x00,0x00,0x1b,0x16,
  0x00,0x00,0x1b,0x28,0x00,0x00,0x1b,0x39,0x00,0x00,0x1b,0x4b,0x00,0x00,0x1b,0x5e,
  0x00,0x00,0x1b,0x6f,0x00,0x00,0x1b,0x84,0x00,0x00,0x1b,0x99,0x00,0x00,0x1b,0xae,
  0x00,0x00,0x1b,0xc3,0x00,0x00,0x1b,0xd8,0x00,0x00,0x1b,0xed,0x00,0x00,0x1c,0x02,
  0x00,0x00,0x1c,0x18,0x00,0x00,0x1c,0x2d,0x00,0x00,0x1c,0x43,0x00,0x00,0x1c,0x59,
  0x00,0x00,0x1c,0x6f,0x00,0x00,0x1c,0x85,0x00,0x00,0x1c,0x9b,0x00,0x00,0x1c,0xb1,
  0x00,0x00,0x1c,0xc8,0x00,0x00,0x1c,0xdf,0x00,0x00,0x1c,0xf5,0x00,0x00,0x1d,0x0c,
  0x00,0x00,0x1d,0x23,0x00,0x00,0x1d,0x3b,0x00,0x00,0x1d,0x52,0x00,0x00,0x1d,0x6a,
  0x00,0x00,0x1d,0x81,0x00,0x00,0x1d,0x99,0x00,0x00,0x1d,0xb1,0x00,0x00,0x1d,0xc9,
  0x00,0x00,0x1d,0xe1,0x00,0x00,0x1d,0xfa,0x00,0x00,0x1e,0x12,0x00,0x00,0x1e,0x2b,
  0x00,0x00,0x1e,0x44,0x00,0x00,0x1e,0x5d,0x00,0x00,0x1e,0x76,0x00,0x00,0x1e,0x90,
  0x00,0x00,0x1e,0xa9,0x00,0x00,0x1e,0xc3,0x00,0x00,0x1e,0xdd,0x00,0x00,0x1e,0xf7,
  0x00,0x00,0x1f,0x11,0x00,0x00,0x1f,0x2b,0x00,0x00,0x1f,0x46,0x00,0x00,0x1f,0x61,
  0x00,0x00,0x1f,0x7c,0x00,0x00,0x1f,0x97,0x00,0x00,0x1f,0xb2,0x00,0x00,0x1f,0xce,
  0x00,0x00,0x1f,0xe9,0x00,0x00,0x20,0x05,0x00,0x00,0x20,0x21,0x00,0x00,0x20,0x3e,
  0x00,0x00,0x20,0x5a,0x00,0x00,0x20,0x77,0x00,0x00,0x20,0x93,0x00,0x00,0x20,0xb0,
  0x00,0x00,0x20,0xce,0x00,0x00,0x20,0xeb,0x00,0x00,0x21,0x09,0x00,0x00,0x21,0x27,
  0x00,0x00,0x21,0x45,0x00,0x00,0x21,0x63,0x00,0x00,0x21,0x82,0x00,0x00,0x21,0xa0,
  0x00,0x00,0x21,0xbf,0x00,0x00,0x21,0xde,0x00,0x00,0x21,0xfe,0x00,0x00,0x22,0x1d,
  0x00,0x00,0x22,0x3d,0x00,0x00,0x22,0x5d,0x00,0x00,0x22,0x7e,0x00,0x00,0x22,0x9e,
  0x00,0x00,0x22,0xbf,0x00,0x00,0x22,0xe0,0x00,0x00,0x23,0x01,0x00,0x00,0x23,0x23,
  0x00,0x00,0x23,0x45,0x00,0x00,0x23,0x67,0x00,0x00,0x23,0x89,0x00,0x00,0x23,0xac,
  0x00,0x00,0x23,0xce,0x00,0x00,0x23,0xf1,0x00,0x00,0x24,0x15,0x00,0x00,0x24,0x38,
  0x00,0x00,0x24,0x5c,0x00,0x00,0x24,0x81,0x00,0x00,0x24,0xa5,0x00,0x00,0x24,0xca,
  0x00,0x00,0x24,0xef,0x00,0x00,0x25,0x14,0x00,0x00,0x25,0x3a,0x00,0x00,0x25,0x60,
  0x00,0x00,0x25,0x86,0x00,0x00,0x25,0xac,0x00,0x00,0x25,0xd3,0x00,0x00,0x25,0xfa,
  0x00,0x00,0x26,0x22,0x00,0x00,0x26,0x4a,0x00,0x00,0x26,0x72,0x00,0x00,0x26,0x9a,
  0x00,0x00,0x26,0xc3,0x00,0x00,0x26,0xec,0x00,0x00,0x27,0x16,0x00,0x00,0x27,0x40,
  0x00,0x00,0x27,0x6a,0x00,0x00,0x27,0x94,0x00,0x00,0x27,0xbf,0x00,0x00,0x27,0xea,
  0x00,0x00,0x28,0x16,0x00,0x00,0x28,0x42,0x00,0x00,0x28,0x6f,0x00,0x00,0x28,0x9b,
  0x00,0x00,0x28,0xc8,0x00,0x00,0x28,0xf6,0x00,0x00,0x29,0x24,0x00,0x00,0x29,0x52,
  0x00,0x00,0x29,0x81,0x00,0x00,0x29,0xb0,0x00,0x00,0x29,0xe0,0x00,0x00,0x2a,0x10,
  0x00,0x00,0x2a,0x40,0x00,0x00,0x2a,0x71,0x00,0x00,0x2a,0xa2,0x00,0x00,0x2a,0xd4,
  0x00,0x00,0x2b,0x07,0x00,0x00,0x2b,0x39,0x00,0x00,0x2b,0x6c,0x00,0x00,0x2b,0xa0,
  0x00,0x00,0x2b,0xd4,0x00,0x00,0x2c,0x09,0x00,0x00,0x2c,0x3e,0x00,0x00,0x2c,0x74,
  0x00,0x00,0x2c,0xaa,0x00,0x00,0x2c,0xe0,0x00,0x00,0x2d,0x17,0x00,0x00,0x2d,0x4f,
  0x00,0x00,0x2d,0x87,0x00,0x00,0x2d,0xc0,0x00,0x00,0x2d,0xfa,0x00,0x00,0x2e,0x34,
  0x00,0x00,0x2e,0x6e,0x00,0x00,0x2e,0xa9,0x00,0x00,0x2e,0xe5,0x00,0x00,0x2f,0x21,
  0x00,0x00,0x2f,0x5e,0x00,0x00,0x2f,0x9b,0x00,0x00,0x2f,0xd9,0x00,0x00,0x30,0x18,
  0x00,0x00,0x30,0x58,0x00,0x00,0x30,0x98,0x00,0x00,0x30,0xd8,0x00,0x00,0x31,0x1a,
  0x00,0x00,0x31,0x5c,0x00,0x00,0x31,0x9f,0x00,0x00,0x31,0xe2,0x00,0x00,0x32,0x26,
  0x00,0x00,0x32,0x6b,0x00,0x00,0x32,0xb1,0x00,0x00,0x32,0xf7,0x00,0x00,0x33,0x3f,
  0x00,0x00,0x33,0x87,0x00,0x00,0x33,0xcf,0x00,0x00,0x34,0x19,0x00,0x00,0x34,0x63,
  0x00,0x00,0x34,0xaf,0x00,0x00,0x34,0xfb,0x00,0x00,0x35,0x48,0x00,0x00,0x35,0x95,
  0x00,0x00,0x35,0xe4,0x00,0x00,0x36,0x34,0x00,0x00,0x36,0x84,0x00,0x00,0x36,0xd6,
  0x00,0x00,0x37,0x28,0x00,0x00,0x37,0x7c,0x00,0x00,0x37,0xd0,0x00,0x00,0x38,0x26,
  0x00,0x00,0x38,0x7c,0x00,0x00,0x38,0xd4,0x00,0x00,0x39,0x2c,0x00,0x00,0x39,0x86,
  0x00,0x00,0x39,0xe1,0x00,0x00,0x3a,0x3d,0x00,0x00,0x3a,0x9a,0x00,0x00,0x3a,0xf8,
  0x00,0x00,0x3b,0x57,0x00,0x00,0x3b,0xb8,0x00,0x00,0x3c,0x1a,0x00,0x00,0x3c,0x7d,
  0x00,0x00,0x3c,0xe1,0x00,0x00,0x3d,0x47,0x00,0x00,0x3d,0xae,0x00,0x00,0x3e,0x16,
  0x00,0x00,0x3e,0x80,0x00,0x00,0x3e,0xeb,0x00,0x00,0x3f,0x58,0x00,0x00,0x3f,0xc6,
  0x00,0x00,0x40,0x36,0x00,0x00,0x40,0xa7,0x00,0x00,0x41,0x1a,0x00,0x00,0x41,0x8e,
  0x00,0x00,0x42,0x04,0x00,0x00,0x42,0x7c,0x00,0x00,0x42,0xf5,0x00,0x00,0x43,0x70,
  0x00,0x00,0x43,0xed,0x00,0x00,0x44,0x6c,0x00,0x00,0x44,0xed,0x00,0x00,0x45,0x6f,
  0x00,0x00,0x45,0xf3,0x00,0x00,0x46,0x7a,0x00,0x00,0x47,0x02,0x00,0x00,0x47,0x8d,
  0x00,0x00,0x48,0x1a,0x00,0x00,0x48,0xa8,0x00,0x00,0x49,0x39,0x00,0x00,0x49,0xcd,
  0x00,0x00,0x4a,0x62,0x00,0x00,0x4a,0xfa,0x00,0x00,0x4b,0x95,0x00,0x00,0x4c,0x32,
  0x00,0x00,0x4c,0xd2,0x00,0x00,0x4d,0x74,0x00,0x00,0x4e,0x19,0x00,0x00,0x4e,0xc0,
  0x00,0x00,0x4f,0x6b,0x00,0x00,0x50,0x18,0x00,0x00,0x50,0xc9,0x00,0x00,0x51,0x7c,
  0x00,0x00,0x52,0x33,0x00,0x00,0x52,0xed,0x00,0x00,0x53,0xaa,0x00,0x00,0x54,0x6a,
  0x00,0x00,0x55,0x2e,0x00,0x00,0x55,0xf6,0x00,0x00,0x56,0xc1,0x00,0x00,0x57,0x90,
  0x00,0x00,0x58,0x64,0x00,0x00,0x59,0x3b,0x00,0x00,0x5a,0x16,0x00,0x00,0x5a,0xf5,
  0x00,0x00,0x5b,0xd9,0x00,0x00,0x5c,0xc1,0x00,0x00,0x5d,0xae,0x00,0x00,0x5e,0xa0,
  0x00,0x00,0x5f,0x96,0x00,0x00,0x60,0x92,0x00,0x00,0x61,0x93,0x00,0x00,0x62,0x99,
  0x00,0x00,0x63,0xa5,0x00,0x00,0x64,0xb7,0x00,0x00,0x65,0xce,0x00,0x00,0x66,0xec,
  0x00,0x00,0x68,0x10,0x00,0x00,0x69,0x3a,0x00,0x00,0x6a,0x6c,0x00,0x00,0x6b,0xa4,
  0x00,0x00,0x6c,0xe4,0x00,0x00,0x6e,0x2b,0x00,0x00,0x6f,0x79,0x00,0x00,0x70,0xd0,
  0x00,0x00,0x72,0x30,0x00,0x00,0x73,0x97,0x00,0x00,0x75,0x08,0x00,0x00,0x76,0x82,
  0x00,0x00,0x78,0x06,0x00,0x00,0x79,0x94,0x00,0x00,0x7b,0x2c,0x80,0x00,0x7e,0x00,
  0x00,0x00,0x00,0x14,0x80,0x00,0x7e,0x00,0x80,0x00,0x00,0x00,0x80,0x00,0x7e,0x00,
  0x00,0x00,0x7d,0xd7,0x00,0x00,0x7e,0xb1,0x00,0x00,0x7f,0x8d,0x00,0x00,0x80,0x6c,
  0x00,0x00,0x81,0x4f,0x00,0x00,0x82,0x34,0x00,0x00,0x83,0x1d,0x00,0x00,0x84,0x09,
  0x00,0x00,0x84,0xf8,0x00,0x00,0x85,0xeb,0x00,0x00,0x86,0xe1,0x00,0x00,0x87,0xdb,
  0x00,0x00,0x88,0xd8,0x00,0x00,0x89,0xda,0x00,0x00,0x8a,0xdf,0x00,0x00,0x8b,0xe7,
  0x00,0x00,0x8c,0xf4,0x00,0x00,0x8e,0x05,0x00,0x00,0x8f,0x1a,0x00,0x00,0x90,0x34,
  0x00,0x00,0x91,0x51,0x00,0x00,0x92,0x73,0x00,0x00,0x93,0x9a,0x00,0x00,0x94,0xc5,
  0x00,0x00,0x95,0xf5,0x00,0x00,0x97,0x2a,0x00,0x00,0x98,0x64,0x00,0x00,0x99,0xa4,
  0x00,0x00,0x9a,0xe8,0x00,0x00,0x9c,0x32,0x00,0x00,0x9d,0x81,0x00,0x00,0x9e,0xd6,
  0x00,0x00,0xa0,0x31,0x00,0x00,0xa1,0x92,0x00,0x00,0xa2,0xf9,0x00,0x00,0xa4,0x66,
  0x00,0x00,0xa5,0xda,0x00,0x00,0xa7,0x54,0x00,0x00,0xa8,0xd5,0x00,0x00,0xaa,0x5d,
  0x00,0x00,0xab,0xed,0x00,0x00,0xad,0x83,0x00,0x00,0xaf,0x21,0x00,0x00,0xb0,0xc8,
  0x00,0x00,0xb2,0x76,0x00,0x00,0xb4,0x2c,0x00,0x00,0xb5,0xeb,0x00,0x00,0xb7,0xb2,
  0x00,0x00,0xb9,0x83,0x00,0x00,0xbb,0x5d,0x00,0x00,0xbd,0x40,0x00,0x00,0xbf,0x2d,
  0x00,0x00,0xc1,0x24,0x00,0x00,0xc3,0x26,0x00,0x00,0xc5,0x33,0x00,0x00,0xc7,0x4b,
  0x00,0x00,0xc9,0x6e,0x00,0x00,0xcb,0x9d,0x00,0x00,0xcd,0xd8,0x00,0x00,0xd0,0x20,
  0x00,0x00,0xd2,0x75,0x00,0x00,0xd4,0xd8,0x00,0x00,0xd7,0x49,0x00,0x00,0xd9,0xc8,
  0x00,0x00,0xdc,0x56,0x00,0x00,0xde,0xf3,0x00,0x00,0xe1,0xa1,0x00,0x00,0xe4,0x60,
  0x00,0x00,0xe7,0x2f,0x00,0x00,0xea,0x11,0x00,0x00,0xed,0x05,0x00,0x00,0xf0,0x0d,
  0x00,0x00,0xf3,0x29,0x00,0x00,0xf6,0x59,0x00,0x00,0xf9,0x9f,0x00,0x00,0xfc,0xfc,
  0x00,0x01,0x00,0x71,0x00,0x01,0x03,0xfd,0x00,0x01,0x07,0xa4,0x00,0x01,0x0b,0x65,
  0x00,0x01,0x0f,0x42,0x00,0x01,0x13,0x3b,0x00,0x01,0x17,0x53,0x00,0x01,0x1b,0x8b,
  0x00,0x01,0x1f,0xe4,0x00,0x01,0x24,0x5f,0x00,0x01,0x28,0xff,0x00,0x01,0x2d,0xc4,
  0x00,0x01,0x32,0xb2,0x00,0x01,0x37,0xc9,0x00,0x01,0x3d,0x0d,0x00,0x01,0x42,0x7f,
  0x00,0x01,0x48,0x21,0x00,0x01,0x4d,0xf7,0x00,0x01,0x54,0x03,0x00,0x01,0x5a,0x48,
  0x00,0x01,0x60,0xc9,0x00,0x01,0x67,0x8a,0x00,0x01,0x6e,0x8f,0x00,0x01,0x75,0xdb,
  0x00,0x01,0x7d,0x73,0x00,0x01,0x85,0x5b,0x00,0x01,0x8d,0x9a,0x00,0x01,0x96,0x33,
  0x00,0x01,0x9f,0x2e,0x00,0x01,0xa8,0x91,0x00,0x01,0xb2,0x63,0x00,0x01,0xbc,0xac,
  0x00,0x01,0xc7,0x75,0x00,0x01,0xd2,0xc7,0x00,0x01,0xde,0xad,0x00,0x01,0xeb,0x32,
  0x00,0x01,0xf8,0x63,0x00,0x02,0x06,0x4f,0x00,0x02,0x15,0x05,0x00,0x02,0x24,0x97,
  0x00,0x02,0x35,0x19,0x00,0x02,0x46,0xa1,0x00,0x02,0x59,0x48,0x00,0x02,0x6d,0x2c,
  0x00,0x02,0x82,0x6b,0x00,0x02,0x99,0x2c,0x00,0x02,0xb1,0x99,0x00,0x02,0xcb,0xe3,
  0x00,0x02,0xe8,0x42,0x00,0x03,0x06,0xf8,0x00,0x03,0x28,0x53,0x00,0x03,0x4c,0xaf,
  0x00,0x03,0x74,0x77,0x00,0x03,0xa0,0x2d,0x00,0x03,0xd0,0x70,0x00,0x04,0x05,0xfd,
  0x00,0x04,0x41,0xc2,0x00,0x04,0x84,0xe3,0x00,0x04,0xd0,0xd5,0x00,0x05,0x27,0x73,
  0x00,0x05,0x8b,0x28,0x00,0x05,0xff,0x2b,0x00,0x06,0x87,0xd4,0x00,0x07,0x2b,0x34,
  0x80,0x07,0xf1,0xf7,
};

static const unsigned char SLOPE_1200[9448] = {
  0x00,0x92,0xb8,0x18,0x00,0x03,0xf8,0xfb,0x00,0x03,0x95,0x9a,0x00,0x03,0x43,0xea,
  0x00,0x02,0xff,0x95,0x00,0x02,0xc5,0x94,0x00,0x02,0x93,0xb9,0x00,0x02,0x68,0x6a,
  0x00,0x02,0x42,0x71,0x00,0x02,0x20,0xe1,0x00,0x02,0x02,0xfe,0x00,0x01,0xe8,0x38,
  0x00,0x01,0xd0,0x16,0x00,0x01,0xba,0x3b,0x00,0x01,0xa6,0x57,0x00,0x01,0x94,0x29,
  0x00,0x01,0x83,0x7c,0x00,0x01,0x74,0x21,0x00,0x01,0x65,0xf1,0x00,0x01,0x58,0xcc,
  0x00,0x01,0x4c,0x96,0x00,0x01,0x41,0x35,0x00,0x01,0x36,0x96,0x00,0x01,0x2c,0xa4,
  0x00,0x01,0x23,0x50,0x00,0x01,0x1a,0x8c,0x00,0x01,0x12,0x4b,0x00,0x01,0x0a,0x82,
  0x00,0x01,0x03,0x27,0x00,0x00,0xfc,0x31,0x00,0x00,0xf5,0x99,0x00,0x00,0xef,0x56,
  0x00,0x00,0xe9,0x63,0x00,0x00,0xe3,0xba,0x00,0x00,0xde,0x56,0x00,0x00,0xd9,0x31,
  0x00,0x00,0xd4,0x48,0x00,0x00,0xcf,0x97,0x00,0x00,0xcb,0x19,0x00,0x00,0xc6,0xcd,
  0x00,0x00,0xc2,0xad,0x00,0x00,0xbe,0xb9,0x00,0x00,0xba,0xed,0x00,0x00,0xb7,0x47,
  0x00,0x00,0xb3,0xc5,0x00,0x00,0xb0,0x64,0x00,0x00,0xad,0x24,0x00,0x00,0xaa,0x01,
  0x00,0x00,0xa6,0xfb,0x00,0x00,0xa4,0x10,0x00,0x00,0xa1,0x3f,0x00,0x00,0x9e,0x86,
  0x00,0x00,0x9b,0xe4,0x00,0x00,0x99,0x59,0x00,0x00,0x96,0xe2,0x00,0x00,0x94,0x7f,
  0x00,0x00,0x92,0x2f,0x00,0x00,0x8f,0xf2,0x00,0x00,0x8d,0xc5,0x00,0x00,0x8b,0xa9,
  0x00,0x00,0x89,0x9d,0x00,0x00,0x87,0xa1,0x00,0x00,0x85,0xb2,0x00,0x00,0x83,0xd2,
  0x00,0x00,0x81,0xfe,0x00,0x00,0x80,0x38,0x00,0x00,0x7e,0x7e,0x00,0x00,0x7c,0xcf,
  0x00,0x00,0x7b,0x2c,0x00,0x00,0x79,0x94,0x00,0x00,0x78,0x06,0x00,0x00,0x76,0x82,
  0x00,0x00,0x75,0x08,0x00,0x00,0x73,0x97,0x00,0x00,0x72,0x30,0x00,0x00,0x70,0xd0,
  0x00,0x00,0x6f,0x79,0x00,0x00,0x6e,0x2b,0x00,0x00,0x6c,0xe4,0x00,0x00,0x6b,0xa4,
  0x00,0x00,0x6a,0x6c,0x00,0x00,0x69,0x3a,0x00,0x00,0x68,0x10,0x00,0x00,0x66,0xec,
  0x00,0x00,0x65,0xce,0x00,0x00,0x64,0xb7,0x00,0x00,0x63,0xa5,0x00,0x00,0x62,0x99,
  0x00,0x00,0x61,0x93,0x00,0x00,0x60,0x92,0x00,0x00,0x5f,0x96,0x00,0x00,0x5e,0xa0,
  0x00,0x00,0x5d,0xae,0x00,0x00,0x5c,0xc1,0x00,0x00,0x5b,0xd9,0x00,0x00,0x5a,0xf5,
  0x00,0x00,0x5a,0x16,0x00,0x00,0x59,0x3b,0x00,0x00,0x58,0x64,0x00,0x00,0x57,0x90,
  0x00,0x00,0x56,0xc1,0x00,0x00,0x55,0xf6,0x00,0x00,0x55,0x2e,0x00,0x00,0x54,0x6a,
  0x00,0x00,0x53,0xaa,0x00,0x00,0x52,0xed,0x00,0x00,0x52,0x33,0x00,0x00,0x51,0x7c,
  0x00,0x00,0x50,0xc9,0x00,0x00,0x50,0x18,0x00,0x00,0x4f,0x6b,0x00,0x00,0x4e,0xc0,
  0x00,0x00,0x4e,0x19,0x00,0x00,0x4d,0x74,0x00,0x00,0x4c,0xd2,0x00,0x00,0x4c,0x32,
  0x00,0x00,0x4b,0x95,0x00,0x00,0x4a,0xfa,0x00,0x00,0x4a,0x62,0x00,0x00,0x49,0xcd,
  0x00,0x00,0x49,0x39,0x00,0x00,0x48,0xa8,0x00,0x00,0x48,0x1a,0x00,0x00,0x47,0x8d,
  0x00,0x00,0x47,0x02,0x00,0x00,0x46,0x7a,0x00,0x00,0x45,0xf3,0x00,0x00,0x45,0x6f,
  0x00,0x00,0x44,0xed,0x00,0x00,0x44,0x6c,0x00,0x00,0x43,0xed,0x00,0x00,0x43,0x70,
  0x00,0x00,0x42,0xf5,0x00,0x00,0x42,0x7c,0x00,0x00,0x42,0x04,0x00,0x00,0x41,0x8e,
  0x00,0x00,0x41,0x1a,0x00,0x00,0x40,0xa7,0x00,0x00,0x40,0x36,0x00,0x00,0x3f,0xc6,
  0x00,0x00,0x3f,0x58,0x00,0x00,0x3e,0xeb,0x00,0x00,0x3e,0x80,0x00,0x00,0x3e,0x16,
  0x00,0x00,0x3d,0xae,0x00,0x00,0x3d,0x47,0x00,0x00,0x3c,0xe1,0x00,0x00,0x3c,0x7d,
  0x00,0x00,0x3c,0x1a,0x00,0x00,0x3b,0xb8,0x00,0x00,0x3b,0x57,0x00,0x00,0x3a,0xf8,
  0x00,0x00,0x3a,0x9a,0x00,0x00,0x3a,0x3d,0x00,0x00,0x39,0xe1,0x00,0x00,0x39,0x86,
  0x00,0x00,0x39,0x2c,0x00,0x00,0x38,0xd4,0x00,0x00,0x38,0x7c,0x00,0x00,0x38,0x26,
  0x00,0x00,0x37,0xd0,0x00,0x00,0x37,0x7c,0x00,0x00,0x37,0x28,0x00,0x00,0x36,0xd6,
  0x00,0x00,0x36,0x84,0x00,0x00,0x36,0x34,0x00,0x00,0x35,0xe4,0x00,0x00,0x35,0x95,
  0x00,0x00,0x35,0x48,0x00,0x00,0x34,0xfb,0x00,0x00,0x34,0xaf,0x00,0x00,0x34,0x63,
  0x00,0x00,0x34,0x19,0x00,0x00,0x33,0xcf,0x00,0x00,0x33,0x87,0x00,0x00,0x33,0x3f,
  0x00,0x00,0x32,0xf7,0x00,0x00,0x32,0xb1,0x00,0x00,0x32,0x6b,0x00,0x00,0x32,0x26,
  0x00,0x00,0x31,0xe2,0x00,0x00,0x31,0x9f,0x00,0x00,0x31,0x5c,0x00,0x00,0x31,0x1a,
  0x00,0x00,0x30,0xd8,0x00,0x00,0x30,0x98,0x00,0x00,0x30,0x58,0x00,0x00,0x30,0x18,
  0x00,0x00,0x2f,0xd9,0x00,0x00,0x2f,0x9b,0x00,0x00,0x2f,0x5e,0x00,0x00,0x2f,0x21,
  0x00,0x00,0x2e,0xe5,0x00,0x00,0x2e,0xa9,0x00,0x00,0x2e,0x6e,0x00,0x00,0x2e,0x34,
  0x00,0x00,0x2d,0xfa,0x00,0x00,0x2d,0xc0,0x00,0x00,0x2d,0x87,0x00,0x00,0x2d,0x4f,
  0x00,0x00,0x2d,0x17,0x00,0x00,0x2c,0xe0,0x00,0x00,0x2c,0xaa,0x00,0x00,0x2c,0x74,
  0x00,0x00,0x2c,0x3e,0x00,0x00,0x2c,0x09,0x00,0x00,0x2b,0xd4,0x00,0x00,0x2b,0xa0,
  0x00,0x00,0x2b,0x6c,0x00,0x00,0x2b,0x39,0x00,0x00,0x2b,0x07,0x00,0x00,0x2a,0xd4,
  0x00,0x00,0x2a,0xa2,0x00,0x00,0x2a,0x71,0x00,0x00,0x2a,0x40,0x00,0x00,0x2a,0x10,
  0x00,0x00,0x29,0xe0,0x00,0x00,0x29,0xb0,0x00,0x00,0x29,0x81,0x00,0x00,0x29,0x52,
  0x00,0x00,0x29,0x24,0x00,0x00,0x28,0xf6,0x00,0x00,0x28,0xc8,0x00,0x00,0x28,0x9b,
  0x00,0x00,0x28,0x6f,0x00,0x00,0x28,0x42,0x00,0x00,0x28,0x16,0x00,0x00,0x27,0xea,
  0x00,0x00,0x27,0xbf,0x00,0x00,0x27,0x94,0x00,0x00,0x27,0x6a,0x00,0x00,0x27,0x40,
  0x00,0x00,0x27,0x16,0x00,0x00,0x26,0xec,0x00,0x00,0x26,0xc3,0x00,0x00,0x26,0x9a,
  0x00,0x00,0x26,0x72,0x00,0x00,0x26,0x4a,0x00,0x00,0x26,0x22,0x00,0x00,0x25,0xfa,
  0x00,0x00,0x25,0xd3,0x00,0x00,0x25,0xac,0x00,0x00,0x25,0x86,0x00,0x00,0x25,0x60,
  0x00,0x00,0x25,0x3a,0x00,0x00,0x25,0x14,0x00,0x00,0x24,0xef,0x00,0x00,0x24,0xca,
  0x00,0x00,0x24,0xa5,0x00,0x00,0x24,0x81,0x00,0x00,0x24,0x5c,0x00,0x00,0x24,0x38,
  0x00,0x00,0x24,0x15,0x00,0x00,0x23,0xf1,0x00,0x00,0x23,0xce,0x00,0x00,0x23,0xac,
  0x00,0x00,0x23,0x89,0x00,0x00,0x23,0x67,0x00,0x00,0x23,0x45,0x00,0x00,0x23,0x23,
  0x00,0x00,0x23,0x01,0x00,0x00,0x22,0xe0,0x00,0x00,0x22,0xbf,0x00,0x00,0x22,0x9e,
  0x00,0x00,0x22,0x7e,0x00,0x00,0x22,0x5d,0x00,0x00,0x22,0x3d,0x00,0x00,0x22,0x1d,
  0x00,0x00,0x21,0xfe,0x00,0x00,0x21,0xde,0x00,0x00,0x21,0xbf,0x00,0x00,0x21,0xa0,
  0x00,0x00,0x21,0x82,0x00,0x00,0x21,0x63,0x00,0x00,0x21,0x45,0x00,0x00,0x21,0x27,
  0x00,0x00,0x21,0x09,0x00,0x00,0x20,0xeb,0x00,0x00,0x20,0xce,0x00,0x00,0x20,0xb0,
  0x00,0x00,0x20,0x93,0x00,0x00,0x20,0x77,0x00,0x00,0x20,0x5a,0x00,0x00,0x20,0x3e,
  0x00,0x00,0x20,0x21,0x00,0x00,0x20,0x05,0x00,0x00,0x1f,0xe9,0x00,0x00,0x1f,0xce,
  0x00,0x00,0x1f,0xb2,0x00,0x00,0x1f,0x97,0x00,0x00,0x1f,0x7c,0x00,0x00,0x1f,0x61,
  0x00,0x00,0x1f,0x46,0x00,0x00,0x1f,0x2b,0x00,0x00,0x1f,0x11,0x00,0x00,0x1e,0xf7,
  0x00,0x00,0x1e,0xdd,0x00,0x00,0x1e,0xc3,0x00,0x00,0x1e,0xa9,0x00,0x00,0x1e,0x90,
  0x00,0x00,0x1e,0x76,0x00,0x00,0x1e,0x5d,0x00,0x00,0x1e,0x44,0x00,0x00,0x1e,0x2b,
  0x00,0x00,0x1e,0x12,0x00,0x00,0x1d,0xfa,0x00,0x00,0x1d,0xe1,0x00,0x00,0x1d,0xc9,
  0x00,0x00,0x1d,0xb1,0x00,0x00,0x1d,0x99,0x00,0x00,0x1d,0x81,0x00,0x00,0x1d,0x6a,
  0x00,0x00,0x1d,0x52,0x00,0x00,0x1d,0x3b,0x00,0x00,0x1d,0x23,0x00,0x00,0x1d,0x0c,
  0x00,0x00,0x1c,0xf5,0x00,0x00,0x1c,0xdf,0x00,0x00,0x1c,0xc8,0x00,0x00,0x1c,0xb1,
  0x00,0x00,0x1c,0x9b,0x00,0x00,0x1c,0x85,0x00,0x00,0x1c,0x6f,0x00,0x00,0x1c,0x59,
  0x00,0x00,0x1c,0x43,0x00,0x00,0x1c,0x2d,0x00,0x00,0x1c,0x18,0x00,0x00,0x1c,0x02,
  0x00,0x00,0x1b,0xed,0x00,0x00,0x1b,0xd8,0x00,0x00,0x1b,0xc3,0x00,0x00,0x1b,0xae,
  0x00,0x00,0x1b,0x99,0x00,0x00,0x1b,0x84,0x00,0x00,0x1b,0x6f,0x00,0x00,0x1b,0x5e,
  0x00,0x00,0x1b,0x4b,0x00,0x00,0x1b,0x39,0x00,0x00,0x1b,0x28,0x00,0x00,0x1b,0x16,
  0x00,0x00,0x1b,0x05,0x00,0x00,0x1a,0xf5,0x00,0x00,0x1a,0xe3,0x00,0x00,0x1a,0xd3,
  0x00,0x00,0x1a,0xc1,0x00,0x00,0x1a,0xb1,0x00,0x00,0x1a,0xa1,0x00,0x00,0x1a,0x92,
  0x00,0x00,0x1a,0x82,0x00,0x00,0x1a,0x71,0x00,0x00,0x1a,0x61,0x00,0x00,0x1a,0x52,
  0x00,0x00,0x1a,0x43,0x00,0x00,0x1a,0x34,0x00,0x00,0x1a,0x25,0x00,0x00,0x1a,0x16,
  0x00,0x00,0x1a,0x07,0x00,0x00,0x19,0xf8,0x00,0x00,0x19,0xea,0x00,0x00,0x19,0xdd,
  0x00,0x00,0x19,0xcf,0x00,0x00,0x19,0xc0,0x00,0x00,0x19,0xb2,0x00,0x00,0x19,0xa4,
  0x00,0x00,0x19,0x97,0x00,0x00,0x19,0x89,0x00,0x00,0x19,0x7b,0x00,0x00,0x19,0x6f,
  0x00,0x00,0x19,0x61,0x00,0x00,0x19,0x54,0x00,0x00,0x19,0x48,0x00,0x00,0x19,0x3a,
  0x00,0x00,0x19,0x2e,0x00,0x00,0x19,0x20,0x00,0x00,0x19,0x13,0x00,0x00,0x19,0x07,
  0x00,0x00,0x18,0xfc,0x00,0x00,0x18,0xef,0x00,0x00,0x18,0xe4,0x00,0x00,0x18,0xd7,
  0x00,0x00,0x18,0xcb,0x00,0x00,0x18,0xc0,0x00,0x00,0x18,0xb3,0x00,0x00,0x18,0xa8,
  0x00,0x00,0x18,0x9b,0x00,0x00,0x18,0x90,0x00,0x00,0x18,0x85,0x00,0x00,0x18,0x7b,
  0x00,0x00,0x18,0x70,0x00,0x00,0x18,0x64,0x00,0x00,0x18,0x59,0x00,0x00,0x18,0x4e,
  0x00,0x00,0x18,0x44,0x00,0x00,0x18,0x39,0x00,0x00,0x18,0x2d,0x00,0x00,0x18,0x22,
  0x00,0x00,0x18,0x17,0x00,0x00,0x18,0x0d,0x00,0x00,0x18,0x03,0x00,0x00,0x17,0xf9,
  0x00,0x00,0x17,0xef,0x00,0x00,0x17,0xe5,0x00,0x00,0x17,0xdb,0x00,0x00,0x17,0xd1,
  0x00,0x00,0x17,0xc7,0x00,0x00,0x17,0xbd,0x00,0x00,0x17,0xb3,0x00,0x00,0x17,0xa9,
  0x00,0x00,0x17,0x9f,0x00,0x00,0x17,0x95,0x00,0x00,0x17,0x8c,0x00,0x00,0x17,0x83,
  0x00,0x00,0x17,0x7b,0x00,0x00,0x17,0x72,0x00,0x00,0x17,0x68,0x00,0x00,0x17,0x5f,
  0x00,0x00,0x17,0x56,0x00,0x00,0x17,0x4e,0x00,0x00,0x17,0x45,0x00,0x00,0x17,0x3b,
  0x00,0x00,0x17,0x32,0x00,0x00,0x17,0x29,0x00,0x00,0x17,0x21,0x00,0x00,0x17,0x18,
  0x00,0x00,0x17,0x0e,0x00,0x00,0x17,0x05,0x00,0x00,0x16,0xfe,0x00,0x00,0x16,0xf5,
  0x00,0x00,0x16,0xed,0x00,0x00,0x16,0xe6,0x00,0x00,0x16,0xdd,0x00,0x00,0x16,0xd6,
  0x00,0x00,0x16,0xcd,0x00,0x00,0x16,0xc5,0x00,0x00,0x16,0xbe,0x00,0x00,0x16,0xb5,
  0x00,0x00,0x16,0xae,0x00,0x00,0x16,0xa5,0x00,0x00,0x16,0x9d,0x00,0x00,0x16,0x96,
  0x00,0x00,0x16,0x8d,0x00,0x00,0x16,0x86,0x00,0x00,0x16,0x7d,0x00,0x00,0x16,0x75,
  0x00,0x00,0x16,0x6e,0x00,0x00,0x16,0x65,0x00,0x00,0x16,0x5f,0x00,0x00,0x16,0x57,
  0x00,0x00,0x16,0x50,0x00,0x00,0x16,0x4a,0x00,0x00,0x16,0x42,0x00,0x00,0x16,0x3c,
  0x00,0x00,0x16,0x34,0x00,0x00,0x16,0x2d,0x00,0x00,0x16,0x27,0x00,0x00,0x16,0x1f,
  0x00,0x00,0x16,0x19,0x00,0x00,0x16,0x11,0x00,0x00,0x16,0x0a,0x00,0x00,0x16,0x04,
  0x00,0x00,0x15,0xfc,0x00,0x00,0x15,0xf6,0x00,0x00,0x15,0xee,0x00,0x00,0x15,0xe7,
  0x00,0x00,0x15,0xe1,0x00,0x00,0x15,0xd9,0x00,0x00,0x15,0xd3,0x00,0x00,0x15,0xcb,
  0x00,0x00,0x15,0xc4,0x00,0x00,0x15,0xbf,0x00,0x00,0x15,0xb9,0x00,0x00,0x15,0xb2,
  0x00,0x00,0x15,0xac,0x00,0x00,0x15,0xa6,0x00,0x00,0x15,0xa1,0x00,0x00,0x15,0x9b,
  0x00,0x00,0x15,0x94,0x00,0x00,0x15,0x8e,0x00,0x00,0x15,0x88,0x00,0x00,0x15,0x83,
  0x00,0x00,0x15,0x7d,0x00,0x00,0x15,0x76,0x00,0x00,0x15,0x70,0x00,0x00,0x15,0x6a,
  0x00,0x00,0x15,0x65,0x00,0x00,0x15,0x5f,0x00,0x00,0x15,0x58,0x00,0x00,0x15,0x52,
  0x00,0x00,0x15,0x4c,0x00,0x00,0x15,0x47,0x00,0x00,0x15,0x41,0x00,0x00,0x15,0x3a,
  0x00,0x00,0x15,0x34,0x00,0x00,0x15,0x2e,0x00,0x00,0x15,0x29,0x00,0x00,0x15,0x23,
  0x00,0x00,0x15,0x1c,0x00,0x00,0x15,0x16,0x00,0x00,0x15,0x10,0x00,0x00,0x15,0x0b,
  0x00,0x00,0x15,0x06,0x00,0x00,0x15,0x01,0x00,0x00,0x14,0xfc,0x00,0x00,0x14,0xf7,
  0x00,0x00,0x14,0xf2,0x00,0x00,0x14,0xed,0x00,0x00,0x14,0xe8,0x00,0x00,0x14,0xe3,
  0x00,0x00,0x14,0xde,0x00,0x00,0x14,0xd9,0x00,0x00,0x14,0xd4,0x00,0x00,0x14,0xcf,
  0x00,0x00,0x14,0xca,0x00,0x00,0x14,0xc5,0x00,0x00,0x14,0xc0,0x00,0x00,0x14,0xbb,
  0x00,0x00,0x14,0xb6,0x00,0x00,0x14,0xb1,0x00,0x00,0x14,0xac,0x00,0x00,0x14,0xa7,
  0x00,0x00,0x14,0xa2,0x00,0x00,0x14,0x9d,0x00,0x00,0x14,0x98,0x00,0x00,0x14,0x93,
  0x00,0x00,0x14,0x8e,0x00,0x00,0x14,0x89,0x00,0x00,0x14,0x84,0x00,0x00,0x14,0x7f,
  0x00,0x00,0x14,0x7a,0x00,0x00,0x14,0x75,0x00,0x00,0x14,0x70,0x00,0x00,0x14,0x6b,
  0x00,0x00,0x14,0x66,0x00,0x00,0x14,0x61,0x00,0x00,0x14,0x5c,0x00,0x00,0x14,0x57,
  0x00,0x00,0x14,0x52,0x00,0x00,0x14,0x4d,0x00,0x00,0x14,0x48,0x00,0x00,0x14,0x43,
  0x00,0x00,0x14,0x3e,0x00,0x00,0x14,0x3a,0x00,0x00,0x14,0x36,0x00,0x00,0x14,0x33,
  0x00,0x00,0x14,0x2f,0x00,0x00,0x14,0x2a,0x00,0x00,0x14,0x26,0x00,0x00,0x14,0x22,
  0x00,0x00,0x14,0x1f,0x00,0x00,0x14,0x1b,0x00,0x00,0x14,0x16,0x00,0x00,0x14,0x12,
  0x00,0x00,0x14,0x0e,0x00,0x00,0x14,0x0b,0x00,0x00,0x14,0x07,0x00,0x00,0x14,0x02,
  0x00,0x00,0x13,0xfe,0x00,0x00,0x13,0xfb,0x00,0x00,0x13,0xf7,0x00,0x00,0x13,0xf3,
  0x00,0x00,0x13,0xee,0x00,0x00,0x13,0xea,0x00,0x00,0x13,0xe7,0x00,0x00,0x13,0xe3,
  0x00,0x00,0x13,0xdf,0x00,0x00,0x13,0xda,0x00,0x00,0x13,0xd6,0x00,0x00,0x13,0xd3,
  0x00,0x00,0x13,0xcf,0x00,0x00,0x13,0xcb,0x00,0x00,0x13,0xc6,0x00,0x00,0x13,0xc2,
  0x00,0x00,0x13,0xbf,0x00,0x00,0x13,0xbb,0x00,0x00,0x13,0xb7,0x00,0x00,0x13,0xb2,
  0x00,0x00,0x13,0xae,0x00,0x00,0x13,0xab,0x00,0x00,0x13,0xa7,0x00,0x00,0x13,0xa3,
  0x00,0x00,0x13,0x9e,0x00,0x00,0x13,0x9a,0x00,0x00,0x13,0x97,0x00,0x00,0x13,0x93,
  0x00,0x00,0x13,0x8f,0x00,0x00,0x13,0x8a,0x00,0x00,0x13,0x86,0x00,0x00,0x13,0x83,
  0x00,0x00,0x13,0x7f,0x00,0x00,0x13,0x7b,0x00,0x00,0x13,0x76,0x00,0x00,0x13,0x72,
  0x00,0x00,0x13,0x6f,0x00,0x00,0x13,0x6b,0x00,0x00,0x13,0x67,0x00,0x00,0x13,0x62,
  0x00,0x00,0x13,0x5e,0x00,0x00,0x13,0x5b,0x00,0x00,0x13,0x57,0x00,0x00,0x13,0x53,
  0x00,0x00,0x13,0x51,0x00,0x00,0x13,0x4e,0x00,0x00,0x13,0x4a,0x00,0x00,0x13,0x48,
  0x00,0x00,0x13,0x44,0x00,0x00,0x13,0x42,0x00,0x00,0x13,0x3f,0x00,0x00,0x13,0x3b,
  0x00,0x00,0x13,0x39,0x00,0x00,0x13,0x35,0x00,0x00,0x13,0x33,0x00,0x00,0x13,0x30,
  0x00,0x00,0x13,0x2c,0x00,0x00,0x13,0x2a,0x00,0x00,0x13,0x26,0x00,0x00,0x13,0x24,
  0x00,0x00,0x13,0x21,0x00,0x00,0x13,0x1d,0x00,0x00,0x13,0x1b,0x00,0x00,0x13,0x17,
  0x00,0x00,0x13,0x15,0x00,0x00,0x13,0x12,0x00,0x00,0x13,0x0e,0x00,0x00,0x13,0x0c,
  0x00,0x00,0x13,0x08,0x00,0x00,0x13,0x06,0x00,0x00,0x13,0x03,0x00,0x00,0x12,0xff,
  0x00,0x00,0x12,0xfd,0x00,0x00,0x12,0xf9,0x00,0x00,0x12,0xf7,0x00,0x00,0x12,0xf4,
  0x00,0x00,0x12,0xf0,0x00,0x00,0x12,0xee,0x00,0x00,0x12,0xea,0x00,0x00,0x12,0xe8,
  0x00,0x00,0x12,0xe5,0x00,0x00,0x12,0xe1,0x00,0x00,0x12,0xdf,0x00,0x00,0x12,0xdb,
  0x00,0x00,0x12,0xd9,0x00,0x00,0x12,0xd6,0x00,0x00,0x12,0xd2,0x00,0x00,0x12,0xd0,
  0x00,0x00,0x12,0xcc,0x00,0x00,0x12,0xca,0x00,0x00,0x12,0xc7,0x00,0x00,0x12,0xc3,
  0x00,0x00,0x12,0xc1,0x00,0x00,0x12,0xbd,0x00,0x00,0x12,0xbb,0x00,0x00,0x12,0xb8,
  0x00,0x00,0x12,0xb4,0x00,0x00,0x12,0xb2,0x00,0x00,0x12,0xae,0x00,0x00,0x12,0xac,
  0x00,0x00,0x12,0xa9,0x00,0x00,0x12,0xa5,0x00,0x00,0x12,0xa3,0x00,0x00,0x12,0x9f,
  0x00,0x00,0x12,0x9d,0x00,0x00,0x12,0x9a,0x00,0x00,0x12,0x96,0x00,0x00,0x12,0x94,
  0x00,0x00,0x12,0x90,0x00,0x00,0x12,0x8e,0x00,0x00,0x12,0x8b,0x00,0x00,0x12,0x87,
  0x00,0x00,0x12,0x85,0x00,0x00,0x12,0x81,0x00,0x00,0x12,0x7f,0x00,0x00,0x12,0x7c,
  0x00,0x00,0x12,0x78,0x00,0x00,0x12,0x76,0x00,0x00,0x12,0x72,0x00,0x00,0x12,0x70,
  0x00,0x00,0x12,0x6d,0x00,0x00,0x12,0x69,0x00,0x00,0x12,0x67,0x00,0x00,0x12,0x63,
  0x00,0x00,0x12,0x61,0x00,0x00,0x12,0x5e,0x00,0x00,0x12,0x5a,0x00,0x00,0x12,0x58,
  0x00,0x00,0x12,0x54,0x00,0x00,0x12,0x52,0x00,0x00,0x12,0x4f,0x00,0x00,0x12,0x4b,
  0x00,0x00,0x12,0x49,0x00,0x00,0x12,0x45,0x00,0x00,0x12,0x44,0x00,0x00,0x12,0x41,
  0x00,0x00,0x12,0x40,0x00,0x00,0x12,0x3e,0x00,0x00,0x12,0x3b,0x00,0x00,0x12,0x3a,
  0x00,0x00,0x12,0x37,0x00,0x00,0x12,0x36,0x00,0x00,0x12,0x34,0x00,0x00,0x12,0x31,
  0x00,0x00,0x12,0x30,0x00,0x00,0x12,0x2d,0x00,0x00,0x12,0x2c,0x00,0x00,0x12,0x2a,
  0x00,0x00,0x12,0x27,0x00,0x00,0x12,0x26,0x00,0x00,0x12,0x23,0x00,0x00,0x12,0x22,
  0x00,0x00,0x12,0x20,0x00,0x00,0x12,0x1d,0x00,0x00,0x12,0x1c,0x00,0x00,0x12,0x19,
  0x00,0x00,0x12,0x18,0x00,0x00,0x12,0x16,0x00,0x00,0x12,0x13,0x00,0x00,0x12,0x12,
  0x00,0x00,0x12,0x0f,0x00,0x00,0x12,0x0e,0x00,0x00,0x12,0x0c,0x00,0x00,0x12,0x09,
  0x00,0x00,0x12,0x08,0x00,0x00,0x12,0x05,0x00,0x00,0x12,0x04,0x00,0x00,0x12,0x02,
  0x00,0x00,0x11,0xff,0x00,0x00,0x11,0xfe,0x00,0x00,0x11,0xfb,0x00,0x00,0x11,0xfa,
  0x00,0x00,0x11,0xf8,0x00,0x00,0x11,0xf5,0x00,0x00,0x11,0xf4,0x00,0x00,0x11,0xf1,
  0x00,0x00,0x11,0xf0,0x00,0x00,0x11,0xee,0x00,0x00,0x11,0xeb,0x00,0x00,0x11,0xea,
  0x00,0x00,0x11,0xe7,0x00,0x00,0x11,0xe6,0x00,0x00,0x11,0xe4,0x00,0x00,0x11,0xe1,
  0x00,0x00,0x11,0xe0,0x00,0x00,0x11,0xdd,0x00,0x00,0x11,0xdc,0x00,0x00,0x11,0xda,
  0x00,0x00,0x11,0xd7,0x00,0x00,0x11,0xd6,0x00,0x00,0x11,0xd3,0x00,0x00,0x11,0xd2,
  0x00,0x00,0x11,0xd0,0x00,0x00,0x11,0xcd,0x00,0x00,0x11,0xcc,0x00,0x00,0x11,0xc9,
  0x00,0x00,0x11,0xc8,0x00,0x00,0x11,0xc6,0x00,0x00,0x11,0xc3,0x00,0x00,0x11,0xc2,
  0x00,0x00,0x11,0xbf,0x00,0x00,0x11,0xbe,0x00,0x00,0x11,0xbc,0x00,0x00,0x11,0xb9,
  0x00,0x00,0x11,0xb8,0x00,0x00,0x11,0xb5,0x00,0x00,0x11,0xb4,0x00,0x00,0x11,0xb2,
  0x00,0x00,0x11,0xaf,0x00,0x00,0x11,0xae,0x00,0x00,0x11,0xab,0x00,0x00,0x11,0xaa,
  0x00,0x00,0x11,0xa8,0x00,0x00,0x11,0xa5,0x00,0x00,0x11,0xa4,0x00,0x00,0x11,0xa1,
  0x00,0x00,0x11,0xa0,0x00,0x00,0x11,0x9e,0x00,0x00,0x11,0x9b,0x00,0x00,0x11,0x9a,
  0x00,0x00,0x11,0x97,0x00,0x00,0x11,0x96,0x00,0x00,0x11,0x94,0x00,0x00,0x11,0x91,
  0x00,0x00,0x11,0x90,0x00,0x00,0x11,0x8d,0x00,0x00,0x11,0x8c,0x00,0x00,0x11,0x8a,
  0x00,0x00,0x11,0x87,0x00,0x00,0x11,0x86,0x00,0x00,0x11,0x83,0x00,0x00,0x11,0x82,
  0x00,0x00,0x11,0x80,0x00,0x00,0x11,0x7d,0x00,0x00,0x11,0x7c,0x00,0x00,0x11,0x79,
  0x00,0x00,0x11,0x78,0x00,0x00,0x11,0x76,0x00,0x00,0x11,0x73,0x00,0x00,0x11,0x72,
  0x00,0x00,0x11,0x6f,0x00,0x00,0x11,0x6e,0x00,0x00,0x11,0x6c,0x00,0x00,0x11,0x69,
  0x00,0x00,0x11,0x68,0x00,0x00,0x11,0x65,0x00,0x00,0x11,0x64,0x00,0x00,0x11,0x62,
  0x00,0x00,0x11,0x5f,0x00,0x00,0x11,0x5e,0x00,0x00,0x11,0x5b,0x00,0x00,0x11,0x5a,
  0x00,0x00,0x11,0x58,0x00,0x00,0x11,0x55,0x00,0x00,0x11,0x54,0x00,0x00,0x11,0x51,
  0x00,0x00,0x11,0x50,0x00,0x00,0x11,0x4e,0x00,0x00,0x11,0x4b,0x00,0x00,0x11,0x4a,
  0x00,0x00,0x11,0x47,0x00,0x00,0x11,0x46,0x00,0x00,0x11,0x44,0x00,0x00,0x11,0x41,
  0x00,0x00,0x11,0x40,0x00,0x00,0x11,0x3d,0x00,0x00,0x11,0x3c,0x00,0x00,0x11,0x3a,
  0x00,0x00,0x11,0x37,0x00,0x00,0x11,0x36,0x00,0x00,0x11,0x33,0x00,0x00,0x11,0x32,
  0x00,0x00,0x11,0x30,0x00,0x00,0x11,0x2d,0x00,0x00,0x11,0x2c,0x00,0x00,0x11,0x29,
  0x00,0x00,0x11,0x28,0x00,0x00,0x11,0x26,0x00,0x00,0x11,0x23,0x00,0x00,0x11,0x22,
  0x00,0x00,0x11,0x1f,0x00,0x00,0x11,0x1e,0x00,0x00,0x11,0x1c,0x00,0x00,0x11,0x19,
  0x00,0x00,0x11,0x18,0x00,0x00,0x11,0x15,0x00,0x00,0x11,0x14,0x00,0x00,0x11,0x12,
  0x00,0x00,0x11,0x0f,0x00,0x00,0x11,0x0e,0x00,0x00,0x11,0x0b,0x00,0x00,0x11,0x0a,
  0x00,0x00,0x11,0x08,0x00,0x00,0x11,0x05,0x00,0x00,0x11,0x04,0x00,0x00,0x11,0x01,
  0x00,0x00,0x11,0x00,0x00,0x00,0x10,0xfe,0x00,0x00,0x10,0xfb,0x00,0x00,0x10,0xfa,
  0x00,0x00,0x10,0xf7,0x00,0x00,0x10,0xf6,0x00,0x00,0x10,0xf4,0x00,0x00,0x10,0xf1,
  0x00,0x00,0x10,0xf0,0x00,0x00,0x10,0xed,0x00,0x00,0x10,0xec,0x00,0x00,0x10,0xea,
  0x00,0x00,0x10,0xe7,0x00,0x00,0x10,0xe6,0x00,0x00,0x10,0xe3,0x00,0x00,0x10,0xe2,
  0x00,0x00,0x10,0xe0,0x00,0x00,0x10,0xdd,0x00,0x00,0x10,0xdc,0x00,0x00,0x10,0xd9,
  0x00,0x00,0x10,0xd8,0x00,0x00,0x10,0xd6,0x00,0x00,0x10,0xd3,0x00,0x00,0x10,0xd2,
  0x00,0x00,0x10,0xcf,0x00,0x00,0x10,0xce,0x00,0x00,0x10,0xcc,0x00,0x00,0x10,0xca,
  0x00,0x00,0x10,0xc9,0x00,0x00,0x10,0xc9,0x00,0x00,0x10,0xc8,0x00,0x00,0x10,0xc7,
  0x00,0x00,0x10,0xc5,0x00,0x00,0x10,0xc4,0x00,0x00,0x10,0xc4,0x00,0x00,0x10,0xc3,
  0x00,0x00,0x10,0xc2,0x00,0x00,0x10,0xc0,0x00,0x00,0x10,0xbf,0x00,0x00,0x10,0xbf,
  0x00,0x00,0x10,0xbe,0x00,0x00,0x10,0xbd,0x00,0x00,0x10,0xbb,0x00,0x00,0x10,0xba,
  0x00,0x00,0x10,0xba,0x00,0x00,0x10,0xb9,0x00,0x00,0x10,0xb8,0x00,0x00,0x10,0xb6,
  0x00,0x00,0x10,0xb5,0x00,0x00,0x10,0xb5,0x00,0x00,0x10,0xb4,0x00,0x00,0x10,0xb3,
  0x00,0x00,0x10,0xb1,0x00,0x00,0x10,0xb0,0x00,0x00,0x10,0xb0,0x00,0x00,0x10,0xaf,
  0x00,0x00,0x10,0xae,0x00,0x00,0x10,0xac,0x00,0x00,0x10,0xab,0x00,0x00,0x10,0xab,
  0x00,0x00,0x10,0xaa,0x00,0x00,0x10,0xa9,0x00,0x00,0x10,0xa7,0x00,0x00,0x10,0xa6,
  0x00,0x00,0x10,0xa6,0x00,0x00,0x10,0xa5,0x00,0x00,0x10,0xa4,0x00,0x00,0x10,0xa2,
  0x00,0x00,0x10,0xa1,0x00,0x00,0x10,0xa1,0x00,0x00,0x10,0xa0,0x00,0x00,0x10,0x9f,
  0x00,0x00,0x10,0x9d,0x00,0x00,0x10,0x9c,0x00,0x00,0x10,0x9c,0x00,0x00,0x10,0x9b,
  0x00,0x00,0x10,0x9a,0x00,0x00,0x10,0x98,0x00,0x00,0x10,0x97,0x00,0x00,0x10,0x97,
  0x00,0x00,0x10,0x96,0x00,0x00,0x10,0x95,0x00,0x00,0x10,0x93,0x00,0x00,0x10,0x92,
  0x00,0x00,0x10,0x92,0x00,0x00,0x10,0x91,0x00,0x00,0x10,0x90,0x00,0x00,0x10,0x8e,
  0x00,0x00,0x10,0x8d,0x00,0x00,0x10,0x8d,0x00,0x00,0x10,0x8c,0x00,0x00,0x10,0x8b,
  0x00,0x00,0x10,0x89,0x00,0x00,0x10,0x88,0x00,0x00,0x10,0x88,0x00,0x00,0x10,0x87,
  0x00,0x00,0x10,0x86,0x00,0x00,0x10,0x84,0x00,0x00,0x10,0x83,0x00,0x00,0x10,0x83,
  0x00,0x00,0x10,0x82,0x00,0x00,0x10,0x81,0x00,0x00,0x10,0x7f,0x00,0x00,0x10,0x7e,
  0x00,0x00,0x10,0x7e,0x00,0x00,0x10,0x7d,0x00,0x00,0x10,0x7c,0x00,0x00,0x10,0x7a,
  0x00,0x00,0x10,0x79,0x00,0x00,0x10,0x79,0x00,0x00,0x10,0x78,0x00,0x00,0x10,0x77,
  0x00,0x00,0x10,0x75,0x00,0x00,0x10,0x74,0x00,0x00,0x10,0x74,0x00,0x00,0x10,0x73,
  0x00,0x00,0x10,0x72,0x00,0x00,0x10,0x70,0x00,0x00,0x10,0x6f,0x00,0x00,0x10,0x6f,
  0x00,0x00,0x10,0x6e,0x00,0x00,0x10,0x6d,0x00,0x00,0x10,0x6b,0x00,0x00,0x10,0x6a,
  0x00,0x00,0x10,0x6a,0x00,0x00,0x10,0x69,0x00,0x00,0x10,0x68,0x00,0x00,0x10,0x66,
  0x00,0x00,0x10,0x65,0x00,0x00,0x10,0x65,0x00,0x00,0x10,0x64,0x00,0x00,0x10,0x63,
  0x00,0x00,0x10,0x61,0x00,0x00,0x10,0x60,0x00,0x00,0x10,0x60,0x00,0x00,0x10,0x5f,
  0x00,0x00,0x10,0x5e,0x00,0x00,0x10,0x5c,0x00,0x00,0x10,0x5b,0x00,0x00,0x10,0x5b,
  0x00,0x00,0x10,0x5a,0x00,0x00,0x10,0x59,0x00,0x00,0x10,0x57,0x00,0x00,0x10,0x56,
  0x00,0x00,0x10,0x56,0x00,0x00,0x10,0x55,0x00,0x00,0x10,0x54,0x00,0x00,0x10,0x52,
  0x00,0x00,0x10,0x51,0x00,0x00,0x10,0x51,0x00,0x00,0x10,0x50,0x00,0x00,0x10,0x4f,
  0x00,0x00,0x10,0x4d,0x00,0x00,0x10,0x4c,0x00,0x00,0x10,0x4c,0x00,0x00,0x10,0x4b,
  0x00,0x00,0x10,0x4a,0x00,0x00,0x10,0x48,0x00,0x00,0x10,0x47,0x00,0x00,0x10,0x47,
  0x00,0x00,0x10,0x46,0x00,0x00,0x10,0x45,0x00,0x00,0x10,0x43,0x00,0x00,0x10,0x42,
  0x00,0x00,0x10,0x42,0x00,0x00,0x10,0x41,0x00,0x00,0x10,0x40,0x00,0x00,0x10,0x3e,
  0x00,0x00,0x10,0x3d,0x00,0x00,0x10,0x3d,0x00,0x00,0x10,0x3c,0x00,0x00,0x10,0x3b,
  0x00,0x00,0x10,0x39,0x00,0x00,0x10,0x38,0x00,0x00,0x10,0x38,0x00,0x00,0x10,0x37,
  0x00,0x00,0x10,0x36,0x00,0x00,0x10,0x34,0x00,0x00,0x10,0x33,0x00,0x00,0x10,0x33,
  0x00,0x00,0x10,0x32,0x00,0x00,0x10,0x31,0x00,0x00,0x10,0x2f,0x00,0x00,0x10,0x2e,
  0x00,0x00,0x10,0x2e,0x00,0x00,0x10,0x2d,0x00,0x00,0x10,0x2c,0x00,0x00,0x10,0x2a,
  0x00,0x00,0x10,0x29,0x00,0x00,0x10,0x29,0x00,0x00,0x10,0x28,0x00,0x00,0x10,0x27,
  0x00,0x00,0x10,0x25,0x00,0x00,0x10,0x24,0x00,0x00,0x10,0x24,0x00,0x00,0x10,0x23,
  0x00,0x00,0x10,0x22,0x00,0x00,0x10,0x20,0x00,0x00,0x10,0x1f,0x00,0x00,0x10,0x1f,
  0x00,0x00,0x10,0x1e,0x00,0x00,0x10,0x1d,0x00,0x00,0x10,0x1b,0x00,0x00,0x10,0x1a,
  0x00,0x00,0x10,0x1a,0x00,0x00,0x10,0x19,0x00,0x00,0x10,0x18,0x00,0x00,0x10,0x16,
  0x00,0x00,0x10,0x15,0x00,0x00,0x10,0x15,0x00,0x00,0x10,0x14,0x00,0x00,0x10,0x13,
  0x00,0x00,0x10,0x11,0x00,0x00,0x10,0x10,0x00,0x00,0x10,0x10,0x00,0x00,0x10,0x0f,
  0x00,0x00,0x10,0x0e,0x00,0x00,0x10,0x0c,0x00,0x00,0x10,0x0b,0x00,0x00,0x10,0x0b,
  0x00,0x00,0x10,0x0a,0x00,0x00,0x10,0x09,0x00,0x00,0x10,0x07,0x00,0x00,0x10,0x06,
  0x00,0x00,0x10,0x06,0x00,0x00,0x10,0x05,0x00,0x00,0x10,0x04,0x00,0x00,0x10,0x02,
  0x00,0x00,0x10,0x01,0x00,0x00,0x10,0x01,0x00,0x00,0x10,0x00,0x00,0x00,0x0f,0xfe,
  0x00,0x00,0x0f,0xfd,0x00,0x00,0x0f,0xfc,0x00,0x00,0x0f,0xfc,0x00,0x00,0x0f,0xfb,
  0x00,0x00,0x0f,0xf9,0x00,0x00,0x0f,0xf8,0x00,0x00,0x0f,0xf7,0x00,0x00,0x0f,0xf7,
  0x00,0x00,0x0f,0xf6,0x00,0x00,0x0f,0xf4,0x00,0x00,0x0f,0xf3,0x00,0x00,0x0f,0xf2,
  0x00,0x00,0x0f,0xf2,0x00,0x00,0x0f,0xf1,0x00,0x00,0x0f,0xef,0x00,0x00,0x0f,0xee,
  0x00,0x00,0x0f,0xed,0x00,0x00,0x0f,0xed,0x00,0x00,0x0f,0xec,0x00,0x00,0x0f,0xea,
  0x00,0x00,0x0f,0xe9,0x00,0x00,0x0f,0xe8,0x00,0x00,0x0f,0xe8,0x00,0x00,0x0f,0xe7,
  0x00,0x00,0x0f,0xe5,0x00,0x00,0x0f,0xe4,0x00,0x00,0x0f,0xe3,0x00,0x00,0x0f,0xe3,
  0x00,0x00,0x0f,0xe2,0x00,0x00,0x0f,0xe0,0x00,0x00,0x0f,0xdf,0x00,0x00,0x0f,0xde,
  0x00,0x00,0x0f,0xde,0x00,0x00,0x0f,0xdd,0x00,0x00,0x0f,0xdb,0x00,0x00,0x0f,0xda,
  0x00,0x00,0x0f,0xd9,0x00,0x00,0x0f,0xd9,0x00,0x00,0x0f,0xd8,0x00,0x00,0x0f,0xd6,
  0x00,0x00,0x0f,0xd5,0x00,0x00,0x0f,0xd4,0x00,0x00,0x0f,0xd4,0x00,0x00,0x0f,0xd3,
  0x00,0x00,0x0f,0xd1,0x00,0x00,0x0f,0xd0,0x00,0x00,0x0f,0xcf,0x00,0x00,0x0f,0xcf,
  0x00,0x00,0x0f,0xce,0x00,0x00,0x0f,0xcc,0x00,0x00,0x0f,0xcb,0x00,0x00,0x0f,0xca,
  0x00,0x00,0x0f,0xca,0x00,0x00,0x0f,0xc9,0x00,0x00,0x0f,0xc7,0x00,0x00,0x0f,0xc6,
  0x00,0x00,0x0f,0xc5,0x00,0x00,0x0f,0xc5,0x00,0x00,0x0f,0xc4,0x00,0x00,0x0f,0xc2,
  0x00,0x00,0x0f,0xc1,0x00,0x00,0x0f,0xc0,0x00,0x00,0x0f,0xc0,0x00,0x00,0x0f,0xbf,
  0x00,0x00,0x0f,0xbd,0x00,0x00,0x0f,0xbc,0x00,0x00,0x0f,0xbb,0x00,0x00,0x0f,0xbb,
  0x00,0x00,0x0f,0xba,0x00,0x00,0x0f,0xb8,0x00,0x00,0x0f,0xb7,0x00,0x00,0x0f,0xb6,
  0x00,0x00,0x0f,0xb6,0x00,0x00,0x0f,0xb5,0x00,0x00,0x0f,0xb3,0x00,0x00,0x0f,0xb2,
  0x00,0x00,0x0f,0xb1,0x00,0x00,0x0f,0xb1,0x00,0x00,0x0f,0xb0,0x00,0x00,0x0f,0xae,
  0x00,0x00,0x0f,0xad,0x00,0x00,0x0f,0xac,0x00,0x00,0x0f,0xac,0x00,0x00,0x0f,0xab,
  0x00,0x00,0x0f,0xa9,0x00,0x00,0x0f,0xa8,0x00,0x00,0x0f,0xa7,0x00,0x00,0x0f,0xa7,
  0x00,0x00,0x0f,0xa6,0x00,0x00,0x0f,0xa4,0x00,0x00,0x0f,0xa3,0x00,0x00,0x0f,0xa2,
  0x00,0x00,0x0f,0xa2,0x00,0x00,0x0f,0xa1,0x80,0x00,0x0f,0x9f,0x00,0x00,0x02,0xbd,
  0x00,0x00,0x0f,0x9f,0x00,0x00,0x0f,0xa1,0x00,0x00,0x0f,0xa2,0x00,0x00,0x0f,0xa2,
  0x00,0x00,0x0f,0xa3,0x00,0x00,0x0f,0xa4,0x00,0x00,0x0f,0xa6,0x00,0x00,0x0f,0xa7,
  0x00,0x00,0x0f,0xa7,0x00,0x00,0x0f,0xa8,0x00,0x00,0x0f,0xa9,0x00,0x00,0x0f,0xab,
  0x00,0x00,0x0f,0xac,0x00,0x00,0x0f,0xac,0x00,0x00,0x0f,0xad,0x00,0x00,0x0f,0xae,
  0x00,0x00,0x0f,0xb0,0x00,0x00,0x0f,0xb1,0x00,0x00,0x0f,0xb1,0x00,0x00,0x0f,0xb2,
  0x00,0x00,0x0f,0xb3,0x00,0x00,0x0f,0xb5,0x00,0x00,0x0f,0xb6,0x00,0x00,0x0f,0xb6,
  0x00,0x00,0x0f,0xb7,0x00,0x00,0x0f,0xb8,0x00,0x00,0x0f,0xba,0x00,0x00,0x0f,0xbb,
  0x00,0x00,0x0f,0xbb,0x00,0x00,0x0f,0xbc,0x00,0x00,0x0f,0xbd,0x00,0x00,0x0f,0xbf,
  0x00,0x00,0x0f,0xc0,0x00,0x00,0x0f,0xc0,0x00,0x00,0x0f,0xc1,0x00,0x00,0x0f,0xc2,
  0x00,0x00,0x0f,0xc4,0x00,0x00,0x0f,0xc5,0x00,0x00,0x0f,0xc5,0x00,0x00,0x0f,0xc6,
  0x00,0x00,0x0f,0xc7,0x00,0x00,0x0f,0xc9,0x00,0x00,0x0f,0xca,0x00,0x00,0x0f,0xca,
  0x00,0x00,0x0f,0xcb,0x00,0x00,0x0f,0xcc,0x00,0x00,0x0f,0xce,0x00,0x00,0x0f,0xcf,
  0x00,0x00,0x0f,0xcf,0x00,0x00,0x0f,0xd0,0x00,0x00,0x0f,0xd1,0x00,0x00,0x0f,0xd3,
  0x00,0x00,0x0f,0xd4,0x00,0x00,0x0f,0xd4,0x00,0x00,0x0f,0xd5,0x00,0x00,0x0f,0xd6,
  0x00,0x00,0x0f,0xd8,0x00,0x00,0x0f,0xd9,0x00,0x00,0x0f,0xd9,0x00,0x00,0x0f,0xda,
  0x00,0x00,0x0f,0xdb,0x00,0x00,0x0f,0xdd,0x00,0x00,0x0f,0xde,0x00,0x00,0x0f,0xde,
  0x00,0x00,0x0f,0xdf,0x00,0x00,0x0f,0xe0,0x00,0x00,0x0f,0xe2,0x00,0x00,0x0f,0xe3,
  0x00,0x00,0x0f,0xe3,0x00,0x00,0x0f,0xe4,0x00,0x00,0x0f,0xe5,0x00,0x00,0x0f,0xe7,
  0x00,0x00,0x0f,0xe8,0x00,0x00,0x0f,0xe8,0x00,0x00,0x0f,0xe9,0x00,0x00,0x0f,0xea,
  0x00,0x00,0x0f,0xec,0x00,0x00,0x0f,0xed,0x00,0x00,0x0f,0xed,0x00,0x00,0x0f,0xee,
  0x00,0x00,0x0f,0xef,0x00,0x00,0x0f,0xf1,0x00,0x00,0x0f,0xf2,0x00,0x00,0x0f,0xf2,
  0x00,0x00,0x0f,0xf3,0x00,0x00,0x0f,0xf4,0x00,0x00,0x0f,0xf6,0x00,0x00,0x0f,0xf7,
  0x00,0x00,0x0f,0xf7,0x00,0x00,0x0f,0xf8,0x00,0x00,0x0f,0xf9,0x00,0x00,0x0f,0xfb,
  0x00,0x00,0x0f,0xfc,0x00,0x00,0x0f,0xfc,0x00,0x00,0x0f,0xfd,0x00,0x00,0x0f,0xfe,
  0x00,0x00,0x10,0x00,0x00,0x00,0x10,0x01,0x00,0x00,0x10,0x01,0x00,0x00,0x10,0x02,
  0x00,0x00,0x10,0x04,0x00,0x00,0x10,0x05,0x00,0x00,0x10,0x06,0x00,0x00,0x10,0x06,
  0x00,0x00,0x10,0x07,0x00,0x00,0x10,0x09,0x00,0x00,0x10,0x0a,0x00,0x00,0x10,0x0b,
  0x00,0x00,0x10,0x0b,0x00,0x00,0x10,0x0c,0x00,0x00,0x10,0x0e,0x00,0x00,0x10,0x0f,
  0x00,0x00,0x10,0x10,0x00,0x00,0x10,0x10,0x00,0x00,0x10,0x11,0x00,0x00,0x10,0x13,
  0x00,0x00,0x10,0x14,0x00,0x00,0x10,0x15,0x00,0x00,0x10,0x15,0x00,0x00,0x10,0x16,
  0x00,0x00,0x10,0x18,0x00,0x00,0x10,0x19,0x00,0x00,0x10,0x1a,0x00,0x00,0x10,0x1a,
  0x00,0x00,0x10,0x1b,0x00,0x00,0x10,0x1d,0x00,0x00,0x10,0x1e,0x00,0x00,0x10,0x1f,
  0x00,0x00,0x10,0x1f,0x00,0x00,0x10,0x20,0x00,0x00,0x10,0x22,0x00,0x00,0x10,0x23,
  0x00,0x00,0x10,0x24,0x00,0x00,0x10,0x24,0x00,0x00,0x10,0x25,0x00,0x00,0x10,0x27,
  0x00,0x00,0x10,0x28,0x00,0x00,0x10,0x29,0x00,0x00,0x10,0x29,0x00,0x00,0x10,0x2a,
  0x00,0x00,0x10,0x2c,0x00,0x00,0x10,0x2d,0x00,0x00,0x10,0x2e,0x00,0x00,0x10,0x2e,
  0x00,0x00,0x10,0x2f,0x00,0x00,0x10,0x31,0x00,0x00,0x10,0x32,0x00,0x00,0x10,0x33,
  0x00,0x00,0x10,0x33,0x00,0x00,0x10,0x34,0x00,0x00,0x10,0x36,0x00,0x00,0x10,0x37,
  0x00,0x00,0x10,0x38,0x00,0x00,0x10,0x38,0x00,0x00,0x10,0x39,0x00,0x00,0x10,0x3b,
  0x00,0x00,0x10,0x3c,0x00,0x00,0x10,0x3d,0x00,0x00,0x10,0x3d,0x00,0x00,0x10,0x3e,
  0x00,0x00,0x10,0x40,0x00,0x00,0x10,0x41,0x00,0x00,0x10,0x42,0x00,0x00,0x10,0x42,
  0x00,0x00,0x10,0x43,0x00,0x00,0x10,0x45,0x00,0x00,0x10,0x46,0x00,0x00,0x10,0x47,
  0x00,0x00,0x10,0x47,0x00,0x00,0x10,0x48,0x00,0x00,0x10,0x4a,0x00,0x00,0x10,0x4b,
  0x00,0x00,0x10,0x4c,0x00,0x00,0x10,0x4c,0x00,0x00,0x10,0x4d,0x00,0x00,0x10,0x4f,
  0x00,0x00,0x10,0x50,0x00,0x00,0x10,0x51,0x00,0x00,0x10,0x51,0x00,0x00,0x10,0x52,
  0x00,0x00,0x10,0x54,0x00,0x00,0x10,0x55,0x00,0x00,0x10,0x56,0x00,0x00,0x10,0x56,
  0x00,0x00,0x10,0x57,0x00,0x00,0x10,0x59,0x00,0x00,0x10,0x5a,0x00,0x00,0x10,0x5b,
  0x00,0x00,0x10,0x5b,0x00,0x00,0x10,0x5c,0x00,0x00,0x10,0x5e,0x00,0x00,0x10,0x5f,
  0x00,0x00,0x10,0x60,0x00,0x00,0x10,0x60,0x00,0x00,0x10,0x61,0x00,0x00,0x10,0x63,
  0x00,0x00,0x10,0x64,0x00,0x00,0x10,0x65,0x00,0x00,0x10,0x65,0x00,0x00,0x10,0x66,
  0x00,0x00,0x10,0x68,0x00,0x00,0x10,0x69,0x00,0x00,0x10,0x6a,0x00,0x00,0x10,0x6a,
  0x00,0x00,0x10,0x6b,0x00,0x00,0x10,0x6d,0x00,0x00,0x10,0x6e,0x00,0x00,0x10,0x6f,
  0x00,0x00,0x10,0x6f,0x00,0x00,0x10,0x70,0x00,0x00,0x10,0x72,0x00,0x00,0x10,0x73,
  0x00,0x00,0x10,0x74,0x00,0x00,0x10,0x74,0x00,0x00,0x10,0x75,0x00,0x00,0x10,0x77,
  0x00,0x00,0x10,0x78,0x00,0x00,0x10,0x79,0x00,0x00,0x10,0x79,0x00,0x00,0x10,0x7a,
  0x00,0x00,0x10,0x7c,0x00,0x00,0x10,0x7d,0x00,0x00,0x10,0x7e,0x00,0x00,0x10,0x7e,
  0x00,0x00,0x10,0x7f,0x00,0x00,0x10,0x81,0x00,0x00,0x10,0x82,0x00,0x00,0x10,0x83,
  0x00,0x00,0x10,0x83,0x00,0x00,0x10,0x84,0x00,0x00,0x10,0x86,0x00,0x00,0x10,0x87,
  0x00,0x00,0x10,0x88,0x00,0x00,0x10,0x88,0x00,0x00,0x10,0x89,0x00,0x00,0x10,0x8b,
  0x00,0x00,0x10,0x8c,0x00,0x00,0x10,0x8d,0x00,0x00,0x10,0x8d,0x00,0x00,0x10,0x8e,
  0x00,0x00,0x10,0x90,0x00,0x00,0x10,0x91,0x00,0x00,0x10,0x92,0x00,0x00,0x10,0x92,
  0x00,0x00,0x10,0x93,0x00,0x00,0x10,0x95,0x00,0x00,0x10,0x96,0x00,0x00,0x10,0x97,
  0x00,0x00,0x10,0x97,0x00,0x00,0x10,0x98,0x00,0x00,0x10,0x9a,0x00,0x00,0x10,0x9b,
  0x00,0x00,0x10,0x9c,0x00,0x00,0x10,0x9c,0x00,0x00,0x10,0x9d,0x00,0x00,0x10,0x9f,
  0x00,0x00,0x10,0xa0,0x00,0x00,0x10,0xa1,0x00,0x00,0x10,0xa1,0x00,0x00,0x10,0xa2,
  0x00,0x00,0x10,0xa4,0x00,0x00,0x10,0xa5,0x00,0x00,0x10,0xa6,0x00,0x00,0x10,0xa6,
  0x00,0x00,0x10,0xa7,0x00,0x00,0x10,0xa9,0x00,0x00,0x10,0xaa,0x00,0x00,0x10,0xab,
  0x00,0x00,0x10,0xab,0x00,0x00,0x10,0xac,0x00,0x00,0x10,0xae,0x00,0x00,0x10,0xaf,
  0x00,0x00,0x10,0xb0,0x00,0x00,0x10,0xb0,0x00,0x00,0x10,0xb1,0x00,0x00,0x10,0xb3,
  0x00,0x00,0x10,0xb4,0x00,0x00,0x10,0xb5,0x00,0x00,0x10,0xb5,0x00,0x00,0x10,0xb6,
  0x00,0x00,0x10,0xb8,0x00,0x00,0x10,0xb9,0x00,0x00,0x10,0xba,0x00,0x00,0x10,0xba,
  0x00,0x00,0x10,0xbb,0x00,0x00,0x10,0xbd,0x00,0x00,0x10,0xbe,0x00,0x00,0x10,0xbf,
  0x00,0x00,0x10,0xbf,0x00,0x00,0x10,0xc0,0x00,0x00,0x10,0xc2,0x00,0x00,0x10,0xc3,
  0x00,0x00,0x10,0xc4,0x00,0x00,0x10,0xc4,0x00,0x00,0x10,0xc5,0x00,0x00,0x10,0xc7,
  0x00,0x00,0x10,0xc8,0x00,0x00,0x10,0xc9,0x00,0x00,0x10,0xc9,0x00,0x00,0x10,0xca,
  0x00,0x00,0x10,0xcc,0x00,0x00,0x10,0xce,0x00,0x00,0x10,0xcf,0x00,0x00,0x10,0xd2,
  0x00,0x00,0x10,0xd3,0x00,0x00,0x10,0xd6,0x00,0x00,0x10,0xd8,0x00,0x00,0x10,0xd9,
  0x00,0x00,0x10,0xdc,0x00,0x00,0x10,0xdd,0x00,0x00,0x10,0xe0,0x00,0x00,0x10,0xe2,
  0x00,0x00,0x10,0xe3,0x00,0x00,0x10,0xe6,0x00,0x00,0x10,0xe7,0x00,0x00,0x10,0xea,
  0x00,0x00,0x10,0xec,0x00,0x00,0x10,0xed,0x00,0x00,0x10,0xf0,0x00,0x00,0x10,0xf1,
  0x00,0x00,0x10,0xf4,0x00,0x00,0x10,0xf6,0x00,0x00,0x10,0xf7,0x00,0x00,0x10,0xfa,
  0x00,0x00,0x10,0xfb,0x00,0x00,0x10,0xfe,0x00,0x00,0x11,0x00,0x00,0x00,0x11,0x01,
  0x00,0x00,0x11,0x04,0x00,0x00,0x11,0x05,0x00,0x00,0x11,0x08,0x00,0x00,0x11,0x0a,
  0x00,0x00,0x11,0x0b,0x00,0x00,0x11,0x0e,0x00,0x00,0x11,0x0f,0x00,0x00,0x11,0x12,
  0x00,0x00,0x11,0x14,0x00,0x00,0x11,0x15,0x00,0x00,0x11,0x18,0x00,0x00,0x11,0x19,
  0x00,0x00,0x11,0x1c,0x00,0x00,0x11,0x1e,0x00,0x00,0x11,0x1f,0x00,0x00,0x11,0x22,
  0x00,0x00,0x11,0x23,0x00,0x00,0x11,0x26,0x00,0x00,0x11,0x28,0x00,0x00,0x11,0x29,
  0x00,0x00,0x11,0x2c,0x00,0x00,0x11,0x2d,0x00,0x00,0x11,0x30,0x00,0x00,0x11,0x32,
  0x00,0x00,0x11,0x33,0x00,0x00,0x11,0x36,0x00,0x00,0x11,0x37,0x00,0x00,0x11,0x3a,
  0x00,0x00,0x11,0x3c,0x00,0x00,0x11,0x3d,0x00,0x00,0x11,0x40,0x00,0x00,0x11,0x41,
  0x00,0x00,0x11,0x44,0x00,0x00,0x11,0x46,0x00,0x00,0x11,0x47,0x00,0x00,0x11,0x4a,
  0x00,0x00,0x11,0x4b,0x00,0x00,0x11,0x4e,0x00,0x00,0x11,0x50,0x00,0x00,0x11,0x51,
  0x00,0x00,0x11,0x54,0x00,0x00,0x11,0x55,0x00,0x00,0x11,0x58,0x00,0x00,0x11,0x5a,
  0x00,0x00,0x11,0x5b,0x00,0x00,0x11,0x5e,0x00,0x00,0x11,0x5f,0x00,0x00,0x11,0x62,
  0x00,0x00,0x11,0x64,0x00,0x00,0x11,0x65,0x00,0x00,0x11,0x68,0x00,0x00,0x11,0x69,
  0x00,0x00,0x11,0x6c,0x00,0x00,0x11,0x6e,0x00,0x00,0x11,0x6f,0x00,0x00,0x11,0x72,
  0x00,0x00,0x11,0x73,0x00,0x00,0x11,0x76,0x00,0x00,0x11,0x78,0x00,0x00,0x11,0x79,
  0x00,0x00,0x11,0x7c,0x00,0x00,0x11,0x7d,0x00,0x00,0x11,0x80,0x00,0x00,0x11,0x82,
  0x00,0x00,0x11,0x83,0x00,0x00,0x11,0x86,0x00,0x00,0x11,0x87,0x00,0x00,0x11,0x8a,
  0x00,0x00,0x11,0x8c,0x00,0x00,0x11,0x8d,0x00,0x00,0x11,0x90,0x00,0x00,0x11,0x91,
  0x00,0x00,0x11,0x94,0x00,0x00,0x11,0x96,0x00,0x00,0x11,0x97,0x00,0x00,0x11,0x9a,
  0x00,0x00,0x11,0x9b,0x00,0x00,0x11,0x9e,0x00,0x00,0x11,0xa0,0x00,0x00,0x11,0xa1,
  0x00,0x00,0x11,0xa4,0x00,0x00,0x11,0xa5,0x00,0x00,0x11,0xa8,0x00,0x00,0x11,0xaa,
  0x00,0x00,0x11,0xab,0x00,0x00,0x11,0xae,0x00,0x00,0x11,0xaf,0x00,0x00,0x11,0xb2,
  0x00,0x00,0x11,0xb4,0x00,0x00,0x11,0xb5,0x00,0x00,0x11,0xb8,0x00,0x00,0x11,0xb9,
  0x00,0x00,0x11,0xbc,0x00,0x00,0x11,0xbe,0x00,0x00,0x11,0xbf,0x00,0x00,0x11,0xc2,
  0x00,0x00,0x11,0xc3,0x00,0x00,0x11,0xc6,0x00,0x00,0x11,0xc8,0x00,0x00,0x11,0xc9,
  0x00,0x00,0x11,0xcc,0x00,0x00,0x11,0xcd,0x00,0x00,0x11,0xd0,0x00,0x00,0x11,0xd2,
  0x00,0x00,0x11,0xd3,0x00,0x00,0x11,0xd6,0x00,0x00,0x11,0xd7,0x00,0x00,0x11,0xda,
  0x00,0x00,0x11,0xdc,0x00,0x00,0x11,0xdd,0x00,0x00,0x11,0xe0,0x00,0x00,0x11,0xe1,
  0x00,0x00,0x11,0xe4,0x00,0x00,0x11,0xe6,0x00,0x00,0x11,0xe7,0x00,0x00,0x11,0xea,
  0x00,0x00,0x11,0xeb,0x00,0x00,0x11,0xee,0x00,0x00,0x11,0xf0,0x00,0x00,0x11,0xf1,
  0x00,0x00,0x11,0xf4,0x00,0x00,0x11,0xf5,0x00,0x00,0x11,0xf8,0x00,0x00,0x11,0xfa,
  0x00,0x00,0x11,0xfb,0x00,0x00,0x11,0xfe,0x00,0x00,0x11,0xff,0x00,0x00,0x12,0x02,
  0x00,0x00,0x12,0x04,0x00,0x00,0x12,0x05,0x00,0x00,0x12,0x08,0x00,0x00,0x12,0x09,
  0x00,0x00,0x12,0x0c,0x00,0x00,0x12,0x0e,0x00,0x00,0x12,0x0f,0x00,0x00,0x12,0x12,
  0x00,0x00,0x12,0x13,0x00,0x00,0x12,0x16,0x00,0x00,0x12,0x18,0x00,0x00,0x12,0x19,
  0x00,0x00,0x12,0x1c,0x00,0x00,0x12,0x1d,0x00,0x00,0x12,0x20,0x00,0x00,0x12,0x22,
  0x00,0x00,0x12,0x23,0x00,0x00,0x12,0x26,0x00,0x00,0x12,0x27,0x00,0x00,0x12,0x2a,
  0x00,0x00,0x12,0x2c,0x00,0x00,0x12,0x2d,0x00,0x00,0x12,0x30,0x00,0x00,0x12,0x31,
  0x00,0x00,0x12,0x34,0x00,0x00,0x12,0x36,0x00,0x00,0x12,0x37,0x00,0x00,0x12,0x3a,
  0x00,0x00,0x12,0x3b,0x00,0x00,0x12,0x3e,0x00,0x00,0x12,0x40,0x00,0x00,0x12,0x41,
  0x00,0x00,0x12,0x44,0x00,0x00,0x12,0x45,0x00,0x00,0x12,0x49,0x00,0x00,0x12,0x4b,
  0x00,0x00,0x12,0x4f,0x00,0x00,0x12,0x52,0x00,0x00,0x12,0x54,0x00,0x00,0x12,0x58,
  0x00,0x00,0x12,0x5a,0x00,0x00,0x12,0x5e,0x00,0x00,0x12,0x61,0x00,0x00,0x12,0x63,
  0x00,0x00,0x12,0x67,0x00,0x00,0x12,0x69,0x00,0x00,0x12,0x6d,0x00,0x00,0x12,0x70,
  0x00,0x00,0x12,0x72,0x00,0x00,0x12,0x76,0x00,0x00,0x12,0x78,0x00,0x00,0x12,0x7c,
  0x00,0x00,0x12,0x7f,0x00,0x00,0x12,0x81,0x00,0x00,0x12,0x85,0x00,0x00,0x12,0x87,
  0x00,0x00,0x12,0x8b,0x00,0x00,0x12,0x8e,0x00,0x00,0x12,0x90,0x00,0x00,0x12,0x94,
  0x00,0x00,0x12,0x96,0x00,0x00,0x12,0x9a,0x00,0x00,0x12,0x9d,0x00,0x00,0x12,0x9f,
  0x00,0x00,0x12,0xa3,0x00,0x00,0x12,0xa5,0x00,0x00,0x12,0xa9,0x00,0x00,0x12,0xac,
  0x00,0x00,0x12,0xae,0x00,0x00,0x12,0xb2,0x00,0x00,0x12,0xb4,0x00,0x00,0x12,0xb8,
  0x00,0x00,0x12,0xbb,0x00,0x00,0x12,0xbd,0x00,0x00,0x12,0xc1,0x00,0x00,0x12,0xc3,
  0x00,0x00,0x12,0xc7,0x00,0x00,0x12,0xca,0x00,0x00,0x12,0xcc,0x00,0x00,0x12,0xd0,
  0x00,0x00,0x12,0xd2,0x00,0x00,0x12,0xd6,0x00,0x00,0x12,0xd9,0x00,0x00,0x12,0xdb,
  0x00,0x00,0x12,0xdf,0x00,0x00,0x12,0xe1,0x00,0x00,0x12,0xe5,0x00,0x00,0x12,0xe8,
  0x00,0x00,0x12,0xea,0x00,0x00,0x12,0xee,0x00,0x00,0x12,0xf0,0x00,0x00,0x12,0xf4,
  0x00,0x00,0x12,0xf7,0x00,0x00,0x12,0xf9,0x00,0x00,0x12,0xfd,0x00,0x00,0x12,0xff,
  0x00,0x00,0x13,0x03,0x00,0x00,0x13,0x06,0x00,0x00,0x13,0x08,0x00,0x00,0x13,0x0c,
  0x00,0x00,0x13,0x0e,0x00,0x00,0x13,0x12,0x00,0x00,0x13,0x15,0x00,0x00,0x13,0x17,
  0x00,0x00,0x13,0x1b,0x00,0x00,0x13,0x1d,0x00,0x00,0x13,0x21,0x00,0x00,0x13,0x24,
  0x00,0x00,0x13,0x26,0x00,0x00,0x13,0x2a,0x00,0x00,0x13,0x2c,0x00,0x00,0x13,0x30,
  0x00,0x00,0x13,0x33,0x00,0x00,0x13,0x35,0x00,0x00,0x13,0x39,0x00,0x00,0x13,0x3b,
  0x00,0x00,0x13,0x3f,0x00,0x00,0x13,0x42,0x00,0x00,0x13,0x44,0x00,0x00,0x13,0x48,
  0x00,0x00,0x13,0x4a,0x00,0x00,0x13,0x4e,0x00,0x00,0x13,0x51,0x00,0x00,0x13,0x53,
  0x00,0x00,0x13,0x57,0x00,0x00,0x13,0x5b,0x00,0x00,0x13,0x5e,0x00,0x00,0x13,0x62,
  0x00,0x00,0x13,0x67,0x00,0x00,0x13,0x6b,0x00,0x00,0x13,0x6f,0x00,0x00,0x13,0x72,
  0x00,0x00,0x13,0x76,0x00,0x00,0x13,0x7b,0x00,0x00,0x13,0x7f,0x00,0x00,0x13,0x83,
  0x00,0x00,0x13,0x86,0x00,0x00,0x13,0x8a,0x00,0x00,0x13,0x8f,0x00,0x00,0x13,0x93,
  0x00,0x00,0x13,0x97,0x00,0x00,0x13,0x9a,0x00,0x00,0x13,0x9e,0x00,0x00,0x13,0xa3,
  0x00,0x00,0x13,0xa7,0x00,0x00,0x13,0xab,0x00,0x00,0x13,0xae,0x00,0x00,0x13,0xb2,
  0x00,0x00,0x13,0xb7,0x00,0x00,0x13,0xbb,0x00,0x00,0x13,0xbf,0x00,0x00,0x13,0xc2,
  0x00,0x00,0x13,0xc6,0x00,0x00,0x13,0xcb,0x00,0x00,0x13,0xcf,0x00,0x00,0x13,0xd3,
  0x00,0x00,0x13,0xd6,0x00,0x00,0x13,0xda,0x00,0x00,0x13,0xdf,0x00,0x00,0x13,0xe3,
  0x00,0x00,0x13,0xe7,0x00,0x00,0x13,0xea,0x00,0x00,0x13,0xee,0x00,0x00,0x13,0xf3,
  0x00,0x00,0x13,0xf7,0x00,0x00,0x13,0xfb,0x00,0x00,0x13,0xfe,0x00,0x00,0x14,0x02,
  0x00,0x00,0x14,0x07,0x00,0x00,0x14,0x0b,0x00,0x00,0x14,0x0e,0x00,0x00,0x14,0x12,
  0x00,0x00,0x14,0x16,0x00,0x00,0x14,0x1b,0x00,0x00,0x14,0x1f,0x00,0x00,0x14,0x22,
  0x00,0x00,0x14,0x26,0x00,0x00,0x14,0x2a,0x00,0x00,0x14,0x2f,0x00,0x00,0x14,0x33,
  0x00,0x00,0x14,0x36,0x00,0x00,0x14,0x3a,0x00,0x00,0x14,0x3e,0x00,0x00,0x14,0x43,
  0x00,0x00,0x14,0x48,0x00,0x00,0x14,0x4d,0x00,0x00,0x14,0x52,0x00,0x00,0x14,0x57,
  0x00,0x00,0x14,0x5c,0x00,0x00,0x14,0x61,0x00,0x00,0x14,0x66,0x00,0x00,0x14,0x6b,
  0x00,0x00,0x14,0x70,0x00,0x00,0x14,0x75,0x00,0x00,0x14,0x7a,0x00,0x00,0x14,0x7f,
  0x00,0x00,0x14,0x84,0x00,0x00,0x14,0x89,0x00,0x00,0x14,0x8e,0x00,0x00,0x14,0x93,
  0x00,0x00,0x14,0x98,0x00,0x00,0x14,0x9d,0x00,0x00,0x14,0xa2,0x00,0x00,0x14,0xa7,
  0x00,0x00,0x14,0xac,0x00,0x00,0x14,0xb1,0x00,0x00,0x14,0xb6,0x00,0x00,0x14,0xbb,
  0x00,0x00,0x14,0xc0,0x00,0x00,0x14,0xc5,0x00,0x00,0x14,0xca,0x00,0x00,0x14,0xcf,
  0x00,0x00,0x14,0xd4,0x00,0x00,0x14,0xd9,0x00,0x00,0x14,0xde,0x00,0x00,0x14,0xe3,
  0x00,0x00,0x14,0xe8,0x00,0x00,0x14,0xed,0x00,0x00,0x14,0xf2,0x00,0x00,0x14,0xf7,
  0x00,0x00,0x14,0xfc,0x00,0x00,0x15,0x01,0x00,0x00,0x15,0x06,0x00,0x00,0x15,0x0b,
  0x00,0x00,0x15,0x10,0x00,0x00,0x15,0x16,0x00,0x00,0x15,0x1c,0x00,0x00,0x15,0x23,
  0x00,0x00,0x15,0x29,0x00,0x00,0x15,0x2e,0x00,0x00,0x15,0x34,0x00,0x00,0x15,0x3a,
  0x00,0x00,0x15,0x41,0x00,0x00,0x15,0x47,0x00,0x00,0x15,0x4c,0x00,0x00,0x15,0x52,
  0x00,0x00,0x15,0x58,0x00,0x00,0x15,0x5f,0x00,0x00,0x15,0x65,0x00,0x00,0x15,0x6a,
  0x00,0x00,0x15,0x70,0x00,0x00,0x15,0x76,0x00,0x00,0x15,0x7d,0x00,0x00,0x15,0x83,
  0x00,0x00,0x15,0x88,0x00,0x00,0x15,0x8e,0x00,0x00,0x15,0x94,0x00,0x00,0x15,0x9b,
  0x00,0x00,0x15,0xa1,0x00,0x00,0x15,0xa6,0x00,0x00,0x15,0xac,0x00,0x00,0x15,0xb2,
  0x00,0x00,0x15,0xb9,0x00,0x00,0x15,0xbf,0x00,0x00,0x15,0xc4,0x00,0x00,0x15,0xcb,
  0x00,0x00,0x15,0xd3,0x00,0x00,0x15,0xd9,0x00,0x00,0x15,0xe1,0x00,0x00,0x15,0xe7,
  0x00,0x00,0x15,0xee,0x00,0x00,0x15,0xf6,0x00,0x00,0x15,0xfc,0x00,0x00,0x16,0x04,
  0x00,0x00,0x16,0x0a,0x00,0x00,0x16,0x11,0x00,0x00,0x16,0x19,0x00,0x00,0x16,0x1f,
  0x00,0x00,0x16,0x27,0x00,0x00,0x16,0x2d,0x00,0x00,0x16,0x34,0x00,0x00,0x16,0x3c,
  0x00,0x00,0x16,0x42,0x00,0x00,0x16,0x4a,0x00,0x00,0x16,0x50,0x00,0x00,0x16,0x57,
  0x00,0x00,0x16,0x5f,0x00,0x00,0x16,0x65,0x00,0x00,0x16,0x6e,0x00,0x00,0x16,0x75,
  0x00,0x00,0x16,0x7d,0x00,0x00,0x16,0x86,0x00,0x00,0x16,0x8d,0x00,0x00,0x16,0x96,
  0x00,0x00,0x16,0x9d,0x00,0x00,0x16,0xa5,0x00,0x00,0x16,0xae,0x00,0x00,0x16,0xb5,
  0x00,0x00,0x16,0xbe,0x00,0x00,0x16,0xc5,0x00,0x00,0x16,0xcd,0x00,0x00,0x16,0xd6,
  0x00,0x00,0x16,0xdd,0x00,0x00,0x16,0xe6,0x00,0x00,0x16,0xed,0x00,0x00,0x16,0xf5,
  0x00,0x00,0x16,0xfe,0x00,0x00,0x17,0x05,0x00,0x00,0x17,0x0e,0x00,0x00,0x17,0x18,
  0x00,0x00,0x17,0x21,0x00,0x00,0x17,0x29,0x00,0x00,0x17,0x32,0x00,0x00,0x17,0x3b,
  0x00,0x00,0x17,0x45,0x00,0x00,0x17,0x4e,0x00,0x00,0x17,0x56,0x00,0x00,0x17,0x5f,
  0x00,0x00,0x17,0x68,0x00,0x00,0x17,0x72,0x00,0x00,0x17,0x7b,0x00,0x00,0x17,0x83,
  0x00,0x00,0x17,0x8c,0x00,0x00,0x17,0x95,0x00,0x00,0x17,0x9f,0x00,0x00,0x17,0xa9,
  0x00,0x00,0x17,0xb3,0x00,0x00,0x17,0xbd,0x00,0x00,0x17,0xc7,0x00,0x00,0x17,0xd1,
  0x00,0x00,0x17,0xdb,0x00,0x00,0x17,0xe5,0x00,0x00,0x17,0xef,0x00,0x00,0x17,0xf9,
  0x00,0x00,0x18,0x03,0x00,0x00,0x18,0x0d,0x00,0x00,0x18,0x17,0x00,0x00,0x18,0x22,
  0x00,0x00,0x18,0x2d,0x00,0x00,0x18,0x39,0x00,0x00,0x18,0x44,0x00,0x00,0x18,0x4e,
  0x00,0x00,0x18,0x59,0x00,0x00,0x18,0x64,0x00,0x00,0x18,0x70,0x00,0x00,0x18,0x7b,
  0x00,0x00,0x18,0x85,0x00,0x00,0x18,0x90,0x00,0x00,0x18,0x9b,0x00,0x00,0x18,0xa8,
  0x00,0x00,0x18,0xb3,0x00,0x00,0x18,0xc0,0x00,0x00,0x18,0xcb,0x00,0x00,0x18,0xd7,
  0x00,0x00,0x18,0xe4,0x00,0x00,0x18,0xef,0x00,0x00,0x18,0xfc,0x00,0x00,0x19,0x07,
  0x00,0x00,0x19,0x13,0x00,0x00,0x19,0x20,0x00,0x00,0x19,0x2e,0x00,0x00,0x19,0x3a,
  0x00,0x00,0x19,0x48,0x00,0x00,0x19,0x54,0x00,0x00,0x19,0x61,0x00,0x00,0x19,0x6f,
  0x00,0x00,0x19,0x7b,0x00,0x00,0x19,0x89,0x00,0x00,0x19,0x97,0x00,0x00,0x19,0xa4,
  0x00,0x00,0x19,0xb2,0x00,0x00,0x19,0xc0,0x00,0x00,0x19,0xcf,0x00,0x00,0x19,0xdd,
  0x00,0x00,0x19,0xea,0x00,0x00,0x19,0xf8,0x00,0x00,0x1a,0x07,0x00,0x00,0x1a,0x16,
  0x00,0x00,0x1a,0x25,0x00,0x00,0x1a,0x34,0x00,0x00,0x1a,0x43,0x00,0x00,0x1a,0x52,
  0x00,0x00,0x1a,0x61,0x00,0x00,0x1a,0x71,0x00,0x00,0x1a,0x82,0x00,0x00,0x1a,0x92,
  0x00,0x00,0x1a,0xa1,0x00,0x00,0x1a,0xb1,0x00,0x00,0x1a,0xc1,0x00,0x00,0x1a,0xd3,
  0x00,0x00,0x1a,0xe3,0x00,0x00,0x1a,0xf5,0x00,0x00,0x1b,0x05,0x00,0x00,0x1b,0x16,
  0x00,0x00,0x1b,0x28,0x00,0x00,0x1b,0x39,0x00,0x00,0x1b,0x4b,0x00,0x00,0x1b,0x5e,
  0x00,0x00,0x1b,0x6f,0x00,0x00,0x1b,0x84,0x00,0x00,0x1b,0x99,0x00,0x00,0x1b,0xae,
  0x00,0x00,0x1b,0xc3,0x00,0x00,0x1b,0xd8,0x00,0x00,0x1b,0xed,0x00,0x00,0x1c,0x02,
  0x00,0x00,0x1c,0x18,0x00,0x00,0x1c,0x2d,0x00,0x00,0x1c,0x43,0x00,0x00,0x1c,0x59,
  0x00,0x00,0x1c,0x6f,0x00,0x00,0x1c,0x85,0x00,0x00,0x1c,0x9b,0x00,0x00,0x1c,0xb1,
  0x00,0x00,0x1c,0xc8,0x00,0x00,0x1c,0xdf,0x00,0x00,0x1c,0xf5,0x00,0x00,0x1d,0x0c,
  0x00,0x00,0x1d,0x23,0x00,0x00,0x1d,0x3b,0x00,0x00,0x1d,0x52,0x00,0x00,0x1d,0x6a,
  0x00,0x00,0x1d,0x81,0x00,0x00,0x1d,0x99,0x00,0x00,0x1d,0xb1,0x00,0x00,0x1d,0xc9,
  0x00,0x00,0x1d,0xe1,0x00,0x00,0x1d,0xfa,0x00,0x00,0x1e,0x12,0x00,0x00,0x1e,0x2b,
  0x00,0x00,0x1e,0x44,0x00,0x00,0x1e,0x5d,0x00,0x00,0x1e,0x76,0x00,0x00,0x1e,0x90,
  0x00,0x00,0x1e,0xa9,0x00,0x00,0x1e,0xc3,0x00,0x00,0x1e,0xdd,0x00,0x00,0x1e,0xf7,
  0x00,0x00,0x1f,0x11,0x00,0x00,0x1f,0x2b,0x00,0x00,0x1f,0x46,0x00,0x00,0x1f,0x61,
  0x00,0x00,0x1f,0x7c,0x00,0x00,0x1f,0x97,0x00,0x00,0x1f,0xb2,0x00,0x00,0x1f,0xce,
  0x00,0x00,0x1f,0xe9,0x00,0x00,0x20,0x05,0x00,0x00,0x20,0x21,0x00,0x00,0x20,0x3e,
  0x00,0x00,0x20,0x5a,0x00,0x00,0x20,0x77,0x00,0x00,0x20,0x93,0x00,0x00,0x20,0xb0,
  0x00,0x00,0x20,0xce,0x00,0x00,0x20,0xeb,0x00,0x00,0x21,0x09,0x00,0x00,0x21,0x27,
  0x00,0x00,0x21,0x45,0x00,0x00,0x21,0x63,0x00,0x00,0x21,0x82,0x00,0x00,0x21,0xa0,
  0x00,0x00,0x21,0xbf,0x00,0x00,0x21,0xde,0x00,0x00,0x21,0xfe,0x00,0x00,0x22,0x1d,
  0x00,0x00,0x22,0x3d,0x00,0x00,0x22,0x5d,0x00,0x00,0x22,0x7e,0x00,0x00,0x22,0x9e,
  0x00,0x00,0x22,0xbf,0x00,0x00,0x22,0xe0,0x00,0x00,0x23,0x01,0x00,0x00,0x23,0x23,
  0x00,0x00,0x23,0x45,0x00,0x00,0x23,0x67,0x00,0x00,0x23,0x89,0x00,0x00,0x23,0xac,
  0x00,0x00,0x23,0xce,0x00,0x00,0x23,0xf1,0x00,0x00,0x24,0x15,0x00,0x00,0x24,0x38,
  0x00,0x00,0x24,0x5c,0x00,0x00,0x24,0x81,0x00,0x00,0x24,0xa5,0x00,0x00,0x24,0xca,
  0x00,0x00,0x24,0xef,0x00,0x00,0x25,0x14,0x00,0x00,0x25,0x3a,0x00,0x00,0x25,0x60,
  0x00,0x00,0x25,0x86,0x00,0x00,0x25,0xac,0x00,0x00,0x25,0xd3,0x00,0x00,0x25,0xfa,
  0x00,0x00,0x26,0x22,0x00,0x00,0x26,0x4a,0x00,0x00,0x26,0x72,0x00,0x00,0x26,0x9a,
  0x00,0x00,0x26,0xc3,0x00,0x00,0x26,0xec,0x00,0x00,0x27,0x16,0x00,0x00,0x27,0x40,
  0x00,0x00,0x27,0x6a,0x00,0x00,0x27,0x94,0x00,0x00,0x27,0xbf,0x00,0x00,0x27,0xea,
  0x00,0x00,0x28,0x16,0x00,0x00,0x28,0x42,0x00,0x00,0x28,0x6f,0x00,0x00,0x28,0x9b,
  0x00,0x00,0x28,0xc8,0x00,0x00,0x28,0xf6,0x00,0x00,0x29,0x24,0x00,0x00,0x29,0x52,
  0x00,0x00,0x29,0x81,0x00,0x00,0x29,0xb0,0x00,0x00,0x29,0xe0,0x00,0x00,0x2a,0x10,
  0x00,0x00,0x2a,0x40,0x00,0x00,0x2a,0x71,0x00,0x00,0x2a,0xa2,0x00,0x00,0x2a,0xd4,
  0x00,0x00,0x2b,0x07,0x00,0x00,0x2b,0x39,0x00,0x00,0x2b,0x6c,0x00,0x00,0x2b,0xa0,
  0x00,0x00,0x2b,0xd4,0x00,0x00,0x2c,0x09,0x00,0x00,0x2c,0x3e,0x00,0x00,0x2c,0x74,
  0x00,0x00,0x2c,0xaa,0x00,0x00,0x2c,0xe0,0x00,0x00,0x2d,0x17,0x00,0x00,0x2d,0x4f,
  0x00,0x00,0x2d,0x87,0x00,0x00,0x2d,0xc0,0x00,0x00,0x2d,0xfa,0x00,0x00,0x2e,0x34,
  0x00,0x00,0x2e,0x6e,0x00,0x00,0x2e,0xa9,0x00,0x00,0x2e,0xe5,0x00,0x00,0x2f,0x21,
  0x00,0x00,0x2f,0x5e,0x00,0x00,0x2f,0x9b,0x00,0x00,0x2f,0xd9,0x00,0x00,0x30,0x18,
  0x00,0x00,0x30,0x58,0x00,0x00,0x30,0x98,0x00,0x00,0x30,0xd8,0x00,0x00,0x31,0x1a,
  0x00,0x00,0x31,0x5c,0x00,0x00,0x31,0x9f,0x00,0x00,0x31,0xe2,0x00,0x00,0x32,0x26,
  0x00,0x00,0x32,0x6b,0x00,0x00,0x32,0xb1,0x00,0x00,0x32,0xf7,0x00,0x00,0x33,0x3f,
  0x00,0x00,0x33,0x87,0x00,0x00,0x33,0xcf,0x00,0x00,0x34,0x19,0x00,0x00,0x34,0x63,
  0x00,0x00,0x34,0xaf,0x00,0x00,0x34,0xfb,0x00,0x00,0x35,0x48,0x00,0x00,0x35,0x95,
  0x00,0x00,0x35,0xe4,0x00,0x00,0x36,0x34,0x00,0x00,0x36,0x84,0x00,0x00,0x36,0xd6,
  0x00,0x00,0x37,0x28,0x00,0x00,0x37,0x7c,0x00,0x00,0x37,0xd0,0x00,0x00,0x38,0x26,
  0x00,0x00,0x38,0x7c,0x00,0x00,0x38,0xd4,0x00,0x00,0x39,0x2c,0x00,0x00,0x39,0x86,
  0x00,0x00,0x39,0xe1,0x00,0x00,0x3a,0x3d,0x00,0x00,0x3a,0x9a,0x00,0x00,0x3a,0xf8,
  0x00,0x00,0x3b,0x57,0x00,0x00,0x3b,0xb8,0x00,0x00,0x3c,0x1a,0x00,0x00,0x3c,0x7d,
  0x00,0x00,0x3c,0xe1,0x00,0x00,0x3d,0x47,0x00,0x00,0x3d,0xae,0x00,0x00,0x3e,0x16,
  0x00,0x00,0x3e,0x80,0x00,0x00,0x3e,0xeb,0x00,0x00,0x3f,0x58,0x00,0x00,0x3f,0xc6,
  0x00,0x00,0x40,0x36,0x00,0x00,0x40,0xa7,0x00,0x00,0x41,0x1a,0x00,0x00,0x41,0x8e,
  0x00,0x00,0x42,0x04,0x00,0x00,0x42,0x7c,0x00,0x00,0x42,0xf5,0x00,0x00,0x43,0x70,
  0x00,0x00,0x43,0xed,0x00,0x00,0x44,0x6c,0x00,0x00,0x44,0xed,0x00,0x00,0x45,0x6f,
  0x00,0x00,0x45,0xf3,0x00,0x00,0x46,0x7a,0x00,0x00,0x47,0x02,0x00,0x00,0x47,0x8d,
  0x00,0x00,0x48,0x1a,0x00,0x00,0x48,0xa8,0x00,0x00,0x49,0x39,0x00,0x00,0x49,0xcd,
  0x00,0x00,0x4a,0x62,0x00,0x00,0x4a,0xfa,0x00,0x00,0x4b,0x95,0x00,0x00,0x4c,0x32,
  0x00,0x00,0x4c,0xd2,0x00,0x00,0x4d,0x74,0x00,0x00,0x4e,0x19,0x00,0x00,0x4e,0xc0,
  0x00,0x00,0x4f,0x6b,0x00,0x00,0x50,0x18,0x00,0x00,0x50,0xc9,0x00,0x00,0x51,0x7c,
  0x00,0x00,0x52,0x33,0x00,0x00,0x52,0xed,0x00,0x00,0x53,0xaa,0x00,0x00,0x54,0x6a,
  0x00,0x00,0x55,0x2e,0x00,0x00,0x55,0xf6,0x00,0x00,0x56,0xc1,0x00,0x00,0x57,0x90,
  0x00,0x00,0x58,0x64,0x00,0x00,0x59,0x3b,0x00,0x00,0x5a,0x16,0x00,0x00,0x5a,0xf5,
  0x00,0x00,0x5b,0xd9,0x00,0x00,0x5c,0xc1,0x00,0x00,0x5d,0xae,0x00,0x00,0x5e,0xa0,
  0x00,0x00,0x5f,0x96,0x00,0x00,0x60,0x92,0x00,0x00,0x61,0x93,0x00,0x00,0x62,0x99,
  0x00,0x00,0x63,0xa5,0x00,0x00,0x64,0xb7,0x00,0x00,0x65,0xce,0x00,0x00,0x66,0xec,
  0x00,0x00,0x68,0x10,0x00,0x00,0x69,0x3a,0x00,0x00,0x6a,0x6c,0x00,0x00,0x6b,0xa4,
  0x00,0x00,0x6c,0xe4,0x00,0x00,0x6e,0x2b,0x00,0x00,0x6f,0x79,0x00,0x00,0x70,0xd0,
  0x00,0x00,0x72,0x30,0x00,0x00,0x73,0x97,0x00,0x00,0x75,0x08,0x00,0x00,0x76,0x82,
  0x00,0x00,0x78,0x06,0x00,0x00,0x79,0x94,0x00,0x00,0x7b,0x2c,0x00,0x00,0x7c,0xcf,
  0x00,0x00,0x7e,0x7e,0x00,0x00,0x80,0x38,0x00,0x00,0x81,0xfe,0x00,0x00,0x83,0xd2,
  0x00,0x00,0x85,0xb2,0x00,0x00,0x87,0xa1,0x00,0x00,0x89,0x9d,0x00,0x00,0x8b,0xa9,
  0x00,0x00,0x8d,0xc5,0x00,0x00,0x8f,0xf2,0x00,0x00,0x92,0x2f,0x00,0x00,0x94,0x7f,
  0x00,0x00,0x96,0xe2,0x00,0x00,0x99,0x59,0x00,0x00,0x9b,0xe4,0x00,0x00,0x9e,0x86,
  0x00,0x00,0xa1,0x3f,0x00,0x00,0xa4,0x10,0x00,0x00,0xa6,0xfb,0x00,0x00,0xaa,0x01,
  0x00,0x00,0xad,0x24,0x00,0x00,0xb0,0x64,0x00,0x00,0xb3,0xc5,0x00,0x00,0xb7,0x47,
  0x00,0x00,0xba,0xed,0x00,0x00,0xbe,0xb9,0x00,0x00,0xc2,0xad,0x00,0x00,0xc6,0xcd,
  0x00,0x00,0xcb,0x19,0x00,0x00,0xcf,0x97,0x00,0x00,0xd4,0x48,0x00,0x00,0xd9,0x31,
  0x00,0x00,0xde,0x56,0x00,0x00,0xe3,0xba,0x00,0x00,0xe9,0x63,0x80,0x00,0xfc,0x00,
  0x00,0x00,0x00,0x14,0x80,0x00,0xfc,0x00,0x80,0x00,0x00,0x00,0x80,0x00,0xfc,0x00,
  0x00,0x00,0xf5,0x99,0x00,0x00,0xfc,0x31,0x00,0x01,0x03,0x27,0x00,0x01,0x0a,0x82,
  0x00,0x01,0x12,0x4b,0x00,0x01,0x1a,0x8c,0x00,0x01,0x23,0x50,0x00,0x01,0x2c,0xa4,
  0x00,0x01,0x36,0x96,0x00,0x01,0x41,0x35,0x00,0x01,0x4c,0x96,0x00,0x01,0x58,0xcc,
  0x00,0x01,0x65,0xf1,0x00,0x01,0x74,0x21,0x00,0x01,0x83,0x7c,0x00,0x01,0x94,0x29,
  0x00,0x01,0xa6,0x57,0x00,0x01,0xba,0x3b,0x00,0x01,0xd0,0x16,0x00,0x01,0xe8,0x38,
  0x00,0x02,0x02,0xfe,0x00,0x02,0x20,0xe1,0x00,0x02,0x42,0x71,0x00,0x02,0x68,0x6a,
  0x00,0x02,0x93,0xb9,0x00,0x02,0xc5,0x94,0x00,0x02,0xff,0x95,0x00,0x03,0x43,0xea,
  0x00,0x03,0x95,0x9a,0x80,0x03,0xf8,0xfb,
};

static const unsigned char TAIL_75[4588] = {
  0x80,0x00,0x0f,0xc0,0x00,0x00,0x0f,0xc0,0x00,0x00,0x0f,0xc0,0x00,0x00,0x0f,0xc1,
  0x00,0x00,0x0f,0xc2,0x00,0x00,0x0f,0xc4,0x00,0x00,0x0f,0xc5,0x00,0x00,0x0f,0xc5,
  0x00,0x00,0x0f,0xc6,0x00,0x00,0x0f,0xc7,0x00,0x00,0x0f,0xc9,0x00,0x00,0x0f,0xca,
  0x00,0x00,0x0f,0xca,0x00,0x00,0x0f,0xcb,0x00,0x00,0x0f,0xcc,0x00,0x00,0x0f,0xce,
  0x00,0x00,0x0f,0xcf,0x00,0x00,0x0f,0xcf,0x00,0x00,0x0f,0xd0,0x00,0x00,0x0f,0xd1,
  0x00,0x00,0x0f,0xd3,0x00,0x00,0x0f,0xd4,0x00,0x00,0x0f,0xd4,0x00,0x00,0x0f,0xd5,
  0x00,0x00,0x0f,0xd6,0x00,0x00,0x0f,0xd8,0x00,0x00,0x0f,0xd9,0x00,0x00,0x0f,0xd9,
  0x00,0x00,0x0f,0xda,0x00,0x00,0x0f,0xdb,0x00,0x00,0x0f,0xdd,0x00,0x00,0x0f,0xde,
  0x00,0x00,0x0f,0xde,0x00,0x00,0x0f,0xdf,0x00,0x00,0x0f,0xe0,0x00,0x00,0x0f,0xe2,
  0x00,0x00,0x0f,0xe3,0x00,0x00,0x0f,0xe3,0x00,0x00,0x0f,0xe4,0x00,0x00,0x0f,0xe5,
  0x00,0x00,0x0f,0xe7,0x00,0x00,0x0f,0xe8,0x00,0x00,0x0f,0xe8,0x00,0x00,0x0f,0xe9,
  0x00,0x00,0x0f,0xea,0x00,0x00,0x0f,0xec,0x00,0x00,0x0f,0xed,0x00,0x00,0x0f,0xed,
  0x00,0x00,0x0f,0xee,0x00,0x00,0x0f,0xef,0x00,0x00,0x0f,0xf1,0x00,0x00,0x0f,0xf2,
  0x00,0x00,0x0f,0xf2,0x00,0x00,0x0f,0xf3,0x00,0x00,0x0f,0xf4,0x00,0x00,0x0f,0xf6,
  0x00,0x00,0x0f,0xf7,0x00,0x00,0x0f,0xf7,0x00,0x00,0x0f,0xf8,0x00,0x00,0x0f,0xf9,
  0x00,0x00,0x0f,0xfb,0x00,0x00,0x0f,0xfc,0x00,0x00,0x0f,0xfc,0x00,0x00,0x0f,0xfd,
  0x00,0x00,0x0f,0xfe,0x00,0x00,0x10,0x00,0x00,0x00,0x10,0x01,0x00,0x00,0x10,0x01,
  0x00,0x00,0x10,0x02,0x00,0x00,0x10,0x04,0x00,0x00,0x10,0x05,0x00,0x00,0x10,0x06,
  0x00,0x00,0x10,0x06,0x00,0x00,0x10,0x07,0x00,0x00,0x10,0x09,0x00,0x00,0x10,0x0a,
  0x00,0x00,0x10,0x0b,0x00,0x00,0x10,0x0b,0x00,0x00,0x10,0x0c,0x00,0x00,0x10,0x0e,
  0x00,0x00,0x10,0x0f,0x00,0x00,0x10,0x10,0x00,0x00,0x10,0x10,0x00,0x00,0x10,0x11,
  0x00,0x00,0x10,0x13,0x00,0x00,0x10,0x14,0x00,0x00,0x10,0x15,0x00,0x00,0x10,0x15,
  0x00,0x00,0x10,0x16,0x00,0x00,0x10,0x18,0x00,0x00,0x10,0x19,0x00,0x00,0x10,0x1a,
  0x00,0x00,0x10,0x1a,0x00,0x00,0x10,0x1b,0x00,0x00,0x10,0x1d,0x00,0x00,0x10,0x1e,
  0x00,0x00,0x10,0x1f,0x00,0x00,0x10,0x1f,0x00,0x00,0x10,0x20,0x00,0x00,0x10,0x22,
  0x00,0x00,0x10,0x23,0x00,0x00,0x10,0x24,0x00,0x00,0x10,0x24,0x00,0x00,0x10,0x25,
  0x00,0x00,0x10,0x27,0x00,0x00,0x10,0x28,0x00,0x00,0x10,0x29,0x00,0x00,0x10,0x29,
  0x00,0x00,0x10,0x2a,0x00,0x00,0x10,0x2c,0x00,0x00,0x10,0x2d,0x00,0x00,0x10,0x2e,
  0x00,0x00,0x10,0x2e,0x00,0x00,0x10,0x2f,0x00,0x00,0x10,0x31,0x00,0x00,0x10,0x32,
  0x00,0x00,0x10,0x33,0x00,0x00,0x10,0x33,0x00,0x00,0x10,0x34,0x00,0x00,0x10,0x36,
  0x00,0x00,0x10,0x37,0x00,0x00,0x10,0x38,0x00,0x00,0x10,0x38,0x00,0x00,0x10,0x39,
  0x00,0x00,0x10,0x3b,0x00,0x00,0x10,0x3c,0x00,0x00,0x10,0x3d,0x00,0x00,0x10,0x3d,
  0x00,0x00,0x10,0x3e,0x00,0x00,0x10,0x40,0x00,0x00,0x10,0x41,0x00,0x00,0x10,0x42,
  0x00,0x00,0x10,0x42,0x00,0x00,0x10,0x43,0x00,0x00,0x10,0x45,0x00,0x00,0x10,0x46,
  0x00,0x00,0x10,0x47,0x00,0x00,0x10,0x47,0x00,0x00,0x10,0x48,0x00,0x00,0x10,0x4a,
  0x00,0x00,0x10,0x4b,0x00,0x00,0x10,0x4c,0x00,0x00,0x10,0x4c,0x00,0x00,0x10,0x4d,
  0x00,0x00,0x10,0x4f,0x00,0x00,0x10,0x50,0x00,0x00,0x10,0x51,0x00,0x00,0x10,0x51,
  0x00,0x00,0x10,0x52,0x00,0x00,0x10,0x54,0x00,0x00,0x10,0x55,0x00,0x00,0x10,0x56,
  0x00,0x00,0x10,0x56,0x00,0x00,0x10,0x57,0x00,0x00,0x10,0x59,0x00,0x00,0x10,0x5a,
  0x00,0x00,0x10,0x5b,0x00,0x00,0x10,0x5b,0x00,0x00,0x10,0x5c,0x00,0x00,0x10,0x5e,
  0x00,0x00,0x10,0x5f,0x00,0x00,0x10,0x60,0x00,0x00,0x10,0x60,0x00,0x00,0x10,0x61,
  0x00,0x00,0x10,0x63,0x00,0x00,0x10,0x64,0x00,0x00,0x10,0x65,0x00,0x00,0x10,0x65,
  0x00,0x00,0x10,0x66,0x00,0x00,0x10,0x68,0x00,0x00,0x10,0x69,0x00,0x00,0x10,0x6a,
  0x00,0x00,0x10,0x6a,0x00,0x00,0x10,0x6b,0x00,0x00,0x10,0x6d,0x00,0x00,0x10,0x6e,
  0x00,0x00,0x10,0x6f,0x00,0x00,0x10,0x6f,0x00,0x00,0x10,0x70,0x00,0x00,0x10,0x72,
  0x00,0x00,0x10,0x73,0x00,0x00,0x10,0x74,0x00,0x00,0x10,0x74,0x00,0x00,0x10,0x75,
  0x00,0x00,0x10,0x77,0x00,0x00,0x10,0x78,0x00,0x00,0x10,0x79,0x00,0x00,0x10,0x79,
  0x00,0x00,0x10,0x7a,0x00,0x00,0x10,0x7c,0x00,0x00,0x10,0x7d,0x00,0x00,0x10,0x7e,
  0x00,0x00,0x10,0x7e,0x00,0x00,0x10,0x7f,0x00,0x00,0x10,0x81,0x00,0x00,0x10,0x82,
  0x00,0x00,0x10,0x83,0x00,0x00,0x10,0x83,0x00,0x00,0x10,0x84,0x00,0x00,0x10,0x86,
  0x00,0x00,0x10,0x87,0x00,0x00,0x10,0x88,0x00,0x00,0x10,0x88,0x00,0x00,0x10,0x89,
  0x00,0x00,0x10,0x8b,0x00,0x00,0x10,0x8c,0x00,0x00,0x10,0x8d,0x00,0x00,0x10,0x8d,
  0x00,0x00,0x10,0x8e,0x00,0x00,0x10,0x90,0x00,0x00,0x10,0x91,0x00,0x00,0x10,0x92,
  0x00,0x00,0x10,0x92,0x00,0x00,0x10,0x93,0x00,0x00,0x10,0x95,0x00,0x00,0x10,0x96,
  0x00,0x00,0x10,0x97,0x00,0x00,0x10,0x97,0x00,0x00,0x10,0x98,0x00,0x00,0x10,0x9a,
  0x00,0x00,0x10,0x9b,0x00,0x00,0x10,0x9c,0x00,0x00,0x10,0x9c,0x00,0x00,0x10,0x9d,
  0x00,0x00,0x10,0x9f,0x00,0x00,0x10,0xa0,0x00,0x00,0x10,0xa1,0x00,0x00,0x10,0xa1,
  0x00,0x00,0x10,0xa2,0x00,0x00,0x10,0xa4,0x00,0x00,0x10,0xa5,0x00,0x00,0x10,0xa6,
  0x00,0x00,0x10,0xa6,0x00,0x00,0x10,0xa7,0x00,0x00,0x10,0xa9,0x00,0x00,0x10,0xaa,
  0x00,0x00,0x10,0xab,0x00,0x00,0x10,0xab,0x00,0x00,0x10,0xac,0x00,0x00,0x10,0xae,
  0x00,0x00,0x10,0xaf,0x00,0x00,0x10,0xb0,0x00,0x00,0x10,0xb0,0x00,0x00,0x10,0xb1,
  0x00,0x00,0x10,0xb3,0x00,0x00,0x10,0xb4,0x00,0x00,0x10,0xb5,0x00,0x00,0x10,0xb5,
  0x00,0x00,0x10,0xb6,0x00,0x00,0x10,0xb8,0x00,0x00,0x10,0xb9,0x00,0x00,0x10,0xba,
  0x00,0x00,0x10,0xba,0x00,0x00,0x10,0xbb,0x00,0x00,0x10,0xbd,0x00,0x00,0x10,0xbe,
  0x00,0x00,0x10,0xbf,0x00,0x00,0x10,0xbf,0x00,0x00,0x10,0xc0,0x00,0x00,0x10,0xc2,
  0x00,0x00,0x10,0xc3,0x00,0x00,0x10,0xc4,0x00,0x00,0x10,0xc4,0x00,0x00,0x10,0xc5,
  0x00,0x00,0x10,0xc7,0x00,0x00,0x10,0xc8,0x00,0x00,0x10,0xc9,0x00,0x00,0x10,0xc9,
  0x00,0x00,0x10,0xca,0x00,0x00,0x10,0xcc,0x00,0x00,0x10,0xce,0x00,0x00,0x10,0xcf,
  0x00,0x00,0x10,0xd2,0x00,0x00,0x10,0xd3,0x00,0x00,0x10,0xd6,0x00,0x00,0x10,0xd8,
  0x00,0x00,0x10,0xd9,0x00,0x00,0x10,0xdc,0x00,0x00,0x10,0xdd,0x00,0x00,0x10,0xe0,
  0x00,0x00,0x10,0xe2,0x00,0x00,0x10,0xe3,0x00,0x00,0x10,0xe6,0x00,0x00,0x10,0xe7,
  0x00,0x00,0x10,0xea,0x00,0x00,0x10,0xec,0x00,0x00,0x10,0xed,0x00,0x00,0x10,0xf0,
  0x00,0x00,0x10,0xf1,0x00,0x00,0x10,0xf4,0x00,0x00,0x10,0xf6,0x00,0x00,0x10,0xf7,
  0x00,0x00,0x10,0xfa,0x00,0x00,0x10,0xfb,0x00,0x00,0x10,0xfe,0x00,0x00,0x11,0x00,
  0x00,0x00,0x11,0x01,0x00,0x00,0x11,0x04,0x00,0x00,0x11,0x05,0x00,0x00,0x11,0x08,
  0x00,0x00,0x11,0x0a,0x00,0x00,0x11,0x0b,0x00,0x00,0x11,0x0e,0x00,0x00,0x11,0x0f,
  0x00,0x00,0x11,0x12,0x00,0x00,0x11,0x14,0x00,0x00,0x11,0x15,0x00,0x00,0x11,0x18,
  0x00,0x00,0x11,0x19,0x00,0x00,0x11,0x1c,0x00,0x00,0x11,0x1e,0x00,0x00,0x11,0x1f,
  0x00,0x00,0x11,0x22,0x00,0x00,0x11,0x23,0x00,0x00,0x11,0x26,0x00,0x00,0x11,0x28,
  0x00,0x00,0x11,0x29,0x00,0x00,0x11,0x2c,0x00,0x00,0x11,0x2d,0x00,0x00,0x11,0x30,
  0x00,0x00,0x11,0x32,0x00,0x00,0x11,0x33,0x00,0x00,0x11,0x36,0x00,0x00,0x11,0x37,
  0x00,0x00,0x11,0x3a,0x00,0x00,0x11,0x3c,0x00,0x00,0x11,0x3d,0x00,0x00,0x11,0x40,
  0x00,0x00,0x11,0x41,0x00,0x00,0x11,0x44,0x00,0x00,0x11,0x46,0x00,0x00,0x11,0x47,
  0x00,0x00,0x11,0x4a,0x00,0x00,0x11,0x4b,0x00,0x00,0x11,0x4e,0x00,0x00,0x11,0x50,
  0x00,0x00,0x11,0x51,0x00,0x00,0x11,0x54,0x00,0x00,0x11,0x55,0x00,0x00,0x11,0x58,
  0x00,0x00,0x11,0x5a,0x00,0x00,0x11,0x5b,0x00,0x00,0x11,0x5e,0x00,0x00,0x11,0x5f,
  0x00,0x00,0x11,0x62,0x00,0x00,0x11,0x64,0x00,0x00,0x11,0x65,0x00,0x00,0x11,0x68,
  0x00,0x00,0x11,0x69,0x00,0x00,0x11,0x6c,0x00,0x00,0x11,0x6e,0x00,0x00,0x11,0x6f,
  0x00,0x00,0x11,0x72,0x00,0x00,0x11,0x73,0x00,0x00,0x11,0x76,0x00,0x00,0x11,0x78,
  0x00,0x00,0x11,0x79,0x00,0x00,0x11,0x7c,0x00,0x00,0x11,0x7d,0x00,0x00,0x11,0x80,
  0x00,0x00,0x11,0x82,0x00,0x00,0x11,0x83,0x00,0x00,0x11,0x86,0x00,0x00,0x11,0x87,
  0x00,0x00,0x11,0x8a,0x00,0x00,0x11,0x8c,0x00,0x00,0x11,0x8d,0x00,0x00,0x11,0x90,
  0x00,0x00,0x11,0x91,0x00,0x00,0x11,0x94,0x00,0x00,0x11,0x96,0x00,0x00,0x11,0x97,
  0x00,0x00,0x11,0x9a,0x00,0x00,0x11,0x9b,0x00,0x00,0x11,0x9e,0x00,0x00,0x11,0xa0,
  0x00,0x00,0x11,0xa1,0x00,0x00,0x11,0xa4,0x00,0x00,0x11,0xa5,0x00,0x00,0x11,0xa8,
  0x00,0x00,0x11,0xaa,0x00,0x00,0x11,0xab,0x00,0x00,0x11,0xae,0x00,0x00,0x11,0xaf,
  0x00,0x00,0x11,0xb2,0x00,0x00,0x11,0xb4,0x00,0x00,0x11,0xb5,0x00,0x00,0x11,0xb8,
  0x00,0x00,0x11,0xb9,0x00,0x00,0x11,0xbc,0x00,0x00,0x11,0xbe,0x00,0x00,0x11,0xbf,
  0x00,0x00,0x11,0xc2,0x00,0x00,0x11,0xc3,0x00,0x00,0x11,0xc6,0x00,0x00,0x11,0xc8,
  0x00,0x00,0x11,0xc9,0x00,0x00,0x11,0xcc,0x00,0x00,0x11,0xcd,0x00,0x00,0x11,0xd0,
  0x00,0x00,0x11,0xd2,0x00,0x00,0x11,0xd3,0x00,0x00,0x11,0xd6,0x00,0x00,0x11,0xd7,
  0x00,0x00,0x11,0xda,0x00,0x00,0x11,0xdc,0x00,0x00,0x11,0xdd,0x00,0x00,0x11,0xe0,
  0x00,0x00,0x11,0xe1,0x00,0x00,0x11,0xe4,0x00,0x00,0x11,0xe6,0x00,0x00,0x11,0xe7,
  0x00,0x00,0x11,0xea,0x00,0x00,0x11,0xeb,0x00,0x00,0x11,0xee,0x00,0x00,0x11,0xf0,
  0x00,0x00,0x11,0xf1,0x00,0x00,0x11,0xf4,0x00,0x00,0x11,0xf5,0x00,0x00,0x11,0xf8,
  0x00,0x00,0x11,0xfa,0x00,0x00,0x11,0xfb,0x00,0x00,0x11,0xfe,0x00,0x00,0x11,0xff,
  0x00,0x00,0x12,0x02,0x00,0x00,0x12,0x04,0x00,0x00,0x12,0x05,0x00,0x00,0x12,0x08,
  0x00,0x00,0x12,0x09,0x00,0x00,0x12,0x0c,0x00,0x00,0x12,0x0e,0x00,0x00,0x12,0x0f,
  0x00,0x00,0x12,0x12,0x00,0x00,0x12,0x13,0x00,0x00,0x12,0x16,0x00,0x00,0x12,0x18,
  0x00,0x00,0x12,0x19,0x00,0x00,0x12,0x1c,0x00,0x00,0x12,0x1d,0x00,0x00,0x12,0x20,
  0x00,0x00,0x12,0x22,0x00,0x00,0x12,0x23,0x00,0x00,0x12,0x26,0x00,0x00,0x12,0x27,
  0x00,0x00,0x12,0x2a,0x00,0x00,0x12,0x2c,0x00,0x00,0x12,0x2d,0x00,0x00,0x12,0x30,
  0x00,0x00,0x12,0x31,0x00,0x00,0x12,0x34,0x00,0x00,0x12,0x36,0x00,0x00,0x12,0x37,
  0x00,0x00,0x12,0x3a,0x00,0x00,0x12,0x3b,0x00,0x00,0x12,0x3e,0x00,0x00,0x12,0x40,
  0x00,0x00,0x12,0x41,0x00,0x00,0x12,0x44,0x00,0x00,0x12,0x45,0x00,0x00,0x12,0x49,
  0x00,0x00,0x12,0x4b,0x00,0x00,0x12,0x4f,0x00,0x00,0x12,0x52,0x00,0x00,0x12,0x54,
  0x00,0x00,0x12,0x58,0x00,0x00,0x12,0x5a,0x00,0x00,0x12,0x5e,0x00,0x00,0x12,0x61,
  0x00,0x00,0x12,0x63,0x00,0x00,0x12,0x67,0x00,0x00,0x12,0x69,0x00,0x00,0x12,0x6d,
  0x00,0x00,0x12,0x70,0x00,0x00,0x12,0x72,0x00,0x00,0x12,0x76,0x00,0x00,0x12,0x78,
  0x00,0x00,0x12,0x7c,0x00,0x00,0x12,0x7f,0x00,0x00,0x12,0x81,0x00,0x00,0x12,0x85,
  0x00,0x00,0x12,0x87,0x00,0x00,0x12,0x8b,0x00,0x00,0x12,0x8e,0x00,0x00,0x12,0x90,
  0x00,0x00,0x12,0x94,0x00,0x00,0x12,0x96,0x00,0x00,0x12,0x9a,0x00,0x00,0x12,0x9d,
  0x00,0x00,0x12,0x9f,0x00,0x00,0x12,0xa3,0x00,0x00,0x12,0xa5,0x00,0x00,0x12,0xa9,
  0x00,0x00,0x12,0xac,0x00,0x00,0x12,0xae,0x00,0x00,0x12,0xb2,0x00,0x00,0x12,0xb4,
  0x00,0x00,0x12,0xb8,0x00,0x00,0x12,0xbb,0x00,0x00,0x12,0xbd,0x00,0x00,0x12,0xc1,
  0x00,0x00,0x12,0xc3,0x00,0x00,0x12,0xc7,0x00,0x00,0x12,0xca,0x00,0x00,0x12,0xcc,
  0x00,0x00,0x12,0xd0,0x00,0x00,0x12,0xd2,0x00,0x00,0x12,0xd6,0x00,0x00,0x12,0xd9,
  0x00,0x00,0x12,0xdb,0x00,0x00,0x12,0xdf,0x00,0x00,0x12,0xe1,0x00,0x00,0x12,0xe5,
  0x00,0x00,0x12,0xe8,0x00,0x00,0x12,0xea,0x00,0x00,0x12,0xee,0x00,0x00,0x12,0xf0,
  0x00,0x00,0x12,0xf4,0x00,0x00,0x12,0xf7,0x00,0x00,0x12,0xf9,0x00,0x00,0x12,0xfd,
  0x00,0x00,0x12,0xff,0x00,0x00,0x13,0x03,0x00,0x00,0x13,0x06,0x00,0x00,0x13,0x08,
  0x00,0x00,0x13,0x0c,0x00,0x00,0x13,0x0e,0x00,0x00,0x13,0x12,0x00,0x00,0x13,0x15,
  0x00,0x00,0x13,0x17,0x00,0x00,0x13,0x1b,0x00,0x00,0x13,0x1d,0x00,0x00,0x13,0x21,
  0x00,0x00,0x13,0x24,0x00,0x00,0x13,0x26,0x00,0x00,0x13,0x2a,0x00,0x00,0x13,0x2c,
  0x00,0x00,0x13,0x30,0x00,0x00,0x13,0x33,0x00,0x00,0x13,0x35,0x00,0x00,0x13,0x39,
  0x00,0x00,0x13,0x3b,0x00,0x00,0x13,0x3f,0x00,0x00,0x13,0x42,0x00,0x00,0x13,0x44,
  0x00,0x00,0x13,0x48,0x00,0x00,0x13,0x4a,0x00,0x00,0x13,0x4e,0x00,0x00,0x13,0x51,
  0x00,0x00,0x13,0x53,0x00,0x00,0x13,0x57,0x00,0x00,0x13,0x5b,0x00,0x00,0x13,0x5e,
  0x00,0x00,0x13,0x62,0x00,0x00,0x13,0x67,0x00,0x00,0x13,0x6b,0x00,0x00,0x13,0x6f,
  0x00,0x00,0x13,0x72,0x00,0x00,0x13,0x76,0x00,0x00,0x13,0x7b,0x00,0x00,0x13,0x7f,
  0x00,0x00,0x13,0x83,0x00,0x00,0x13,0x86,0x00,0x00,0x13,0x8a,0x00,0x00,0x13,0x8f,
  0x00,0x00,0x13,0x93,0x00,0x00,0x13,0x97,0x00,0x00,0x13,0x9a,0x00,0x00,0x13,0x9e,
  0x00,0x00,0x13,0xa3,0x00,0x00,0x13,0xa7,0x00,0x00,0x13,0xab,0x00,0x00,0x13,0xae,
  0x00,0x00,0x13,0xb2,0x00,0x00,0x13,0xb7,0x00,0x00,0x13,0xbb,0x00,0x00,0x13,0xbf,
  0x00,0x00,0x13,0xc2,0x00,0x00,0x13,0xc6,0x00,0x00,0x13,0xcb,0x00,0x00,0x13,0xcf,
  0x00,0x00,0x13,0xd3,0x00,0x00,0x13,0xd6,0x00,0x00,0x13,0xda,0x00,0x00,0x13,0xdf,
  0x00,0x00,0x13,0xe3,0x00,0x00,0x13,0xe7,0x00,0x00,0x13,0xea,0x00,0x00,0x13,0xee,
  0x00,0x00,0x13,0xf3,0x00,0x00,0x13,0xf7,0x00,0x00,0x13,0xfb,0x00,0x00,0x13,0xfe,
  0x00,0x00,0x14,0x02,0x00,0x00,0x14,0x07,0x00,0x00,0x14,0x0b,0x00,0x00,0x14,0x0e,
  0x00,0x00,0x14,0x12,0x00,0x00,0x14,0x16,0x00,0x00,0x14,0x1b,0x00,0x00,0x14,0x1f,
  0x00,0x00,0x14,0x22,0x00,0x00,0x14,0x26,0x00,0x00,0x14,0x2a,0x00,0x00,0x14,0x2f,
  0x00,0x00,0x14,0x33,0x00,0x00,0x14,0x36,0x00,0x00,0x14,0x3a,0x00,0x00,0x14,0x3e,
  0x00,0x00,0x14,0x43,0x00,0x00,0x14,0x48,0x00,0x00,0x14,0x4d,0x00,0x00,0x14,0x52,
  0x00,0x00,0x14,0x57,0x00,0x00,0x14,0x5c,0x00,0x00,0x14,0x61,0x00,0x00,0x14,0x66,
  0x00,0x00,0x14,0x6b,0x00,0x00,0x14,0x70,0x00,0x00,0x14,0x75,0x00,0x00,0x14,0x7a,
  0x00,0x00,0x14,0x7f,0x00,0x00,0x14,0x84,0x00,0x00,0x14,0x89,0x00,0x00,0x14,0x8e,
  0x00,0x00,0x14,0x93,0x00,0x00,0x14,0x98,0x00,0x00,0x14,0x9d,0x00,0x00,0x14,0xa2,
  0x00,0x00,0x14,0xa7,0x00,0x00,0x14,0xac,0x00,0x00,0x14,0xb1,0x00,0x00,0x14,0xb6,
  0x00,0x00,0x14,0xbb,0x00,0x00,0x14,0xc0,0x00,0x00,0x14,0xc5,0x00,0x00,0x14,0xca,
  0x00,0x00,0x14,0xcf,0x00,0x00,0x14,0xd4,0x00,0x00,0x14,0xd9,0x00,0x00,0x14,0xde,
  0x00,0x00,0x14,0xe3,0x00,0x00,0x14,0xe8,0x00,0x00,0x14,0xed,0x00,0x00,0x14,0xf2,
  0x00,0x00,0x14,0xf7,0x00,0x00,0x14,0xfc,0x00,0x00,0x15,0x01,0x00,0x00,0x15,0x06,
  0x00,0x00,0x15,0x0b,0x00,0x00,0x15,0x10,0x00,0x00,0x15,0x16,0x00,0x00,0x15,0x1c,
  0x00,0x00,0x15,0x23,0x00,0x00,0x15,0x29,0x00,0x00,0x15,0x2e,0x00,0x00,0x15,0x34,
  0x00,0x00,0x15,0x3a,0x00,0x00,0x15,0x41,0x00,0x00,0x15,0x47,0x00,0x00,0x15,0x4c,
  0x00,0x00,0x15,0x52,0x00,0x00,0x15,0x58,0x00,0x00,0x15,0x5f,0x00,0x00,0x15,0x65,
  0x00,0x00,0x15,0x6a,0x00,0x00,0x15,0x70,0x00,0x00,0x15,0x76,0x00,0x00,0x15,0x7d,
  0x00,0x00,0x15,0x83,0x00,0x00,0x15,0x88,0x00,0x00,0x15,0x8e,0x00,0x00,0x15,0x94,
  0x00,0x00,0x15,0x9b,0x00,0x00,0x15,0xa1,0x00,0x00,0x15,0xa6,0x00,0x00,0x15,0xac,
  0x00,0x00,0x15,0xb2,0x00,0x00,0x15,0xb9,0x00,0x00,0x15,0xbf,0x00,0x00,0x15,0xc4,
  0x00,0x00,0x15,0xcb,0x00,0x00,0x15,0xd3,0x00,0x00,0x15,0xd9,0x00,0x00,0x15,0xe1,
  0x00,0x00,0x15,0xe7,0x00,0x00,0x15,0xee,0x00,0x00,0x15,0xf6,0x00,0x00,0x15,0xfc,
  0x00,0x00,0x16,0x04,0x00,0x00,0x16,0x0a,0x00,0x00,0x16,0x11,0x00,0x00,0x16,0x19,
  0x00,0x00,0x16,0x1f,0x00,0x00,0x16,0x27,0x00,0x00,0x16,0x2d,0x00,0x00,0x16,0x34,
  0x00,0x00,0x16,0x3c,0x00,0x00,0x16,0x42,0x00,0x00,0x16,0x4a,0x00,0x00,0x16,0x50,
  0x00,0x00,0x16,0x57,0x00,0x00,0x16,0x5f,0x00,0x00,0x16,0x65,0x00,0x00,0x16,0x6e,
  0x00,0x00,0x16,0x75,0x00,0x00,0x16,0x7d,0x00,0x00,0x16,0x86,0x00,0x00,0x16,0x8d,
  0x00,0x00,0x16,0x96,0x00,0x00,0x16,0x9d,0x00,0x00,0x16,0xa5,0x00,0x00,0x16,0xae,
  0x00,0x00,0x16,0xb5,0x00,0x00,0x16,0xbe,0x00,0x00,0x16,0xc5,0x00,0x00,0x16,0xcd,
  0x00,0x00,0x16,0xd6,0x00,0x00,0x16,0xdd,0x00,0x00,0x16,0xe6,0x00,0x00,0x16,0xed,
  0x00,0x00,0x16,0xf5,0x00,0x00,0x16,0xfe,0x00,0x00,0x17,0x05,0x00,0x00,0x17,0x0e,
  0x00,0x00,0x17,0x18,0x00,0x00,0x17,0x21,0x00,0x00,0x17,0x29,0x00,0x00,0x17,0x32,
  0x00,0x00,0x17,0x3b,0x00,0x00,0x17,0x45,0x00,0x00,0x17,0x4e,0x00,0x00,0x17,0x56,
  0x00,0x00,0x17,0x5f,0x00,0x00,0x17,0x68,0x00,0x00,0x17,0x72,0x00,0x00,0x17,0x7b,
  0x00,0x00,0x17,0x83,0x00,0x00,0x17,0x8c,0x00,0x00,0x17,0x95,0x00,0x00,0x17,0x9f,
  0x00,0x00,0x17,0xa9,0x00,0x00,0x17,0xb3,0x00,0x00,0x17,0xbd,0x00,0x00,0x17,0xc7,
  0x00,0x00,0x17,0xd1,0x00,0x00,0x17,0xdb,0x00,0x00,0x17,0xe5,0x00,0x00,0x17,0xef,
  0x00,0x00,0x17,0xf9,0x00,0x00,0x18,0x03,0x00,0x00,0x18,0x0d,0x00,0x00,0x18,0x17,
  0x00,0x00,0x18,0x22,0x00,0x00,0x18,0x2d,0x00,0x00,0x18,0x39,0x00,0x00,0x18,0x44,
  0x00,0x00,0x18,0x4e,0x00,0x00,0x18,0x59,0x00,0x00,0x18,0x64,0x00,0x00,0x18,0x70,
  0x00,0x00,0x18,0x7b,0x00,0x00,0x18,0x85,0x00,0x00,0x18,0x90,0x00,0x00,0x18,0x9b,
  0x00,0x00,0x18,0xa8,0x00,0x00,0x18,0xb3,0x00,0x00,0x18,0xc0,0x00,0x00,0x18,0xcb,
  0x00,0x00,0x18,0xd7,0x00,0x00,0x18,0xe4,0x00,0x00,0x18,0xef,0x00,0x00,0x18,0xfc,
  0x00,0x00,0x19,0x07,0x00,0x00,0x19,0x13,0x00,0x00,0x19,0x20,0x00,0x00,0x19,0x2e,
  0x00,0x00,0x19,0x3a,0x00,0x00,0x19,0x48,0x00,0x00,0x19,0x54,0x00,0x00,0x19,0x61,
  0x00,0x00,0x19,0x6f,0x00,0x00,0x19,0x7b,0x00,0x00,0x19,0x89,0x00,0x00,0x19,0x97,
  0x00,0x00,0x19,0xa4,0x00,0x00,0x19,0xb2,0x00,0x00,0x19,0xc0,0x00,0x00,0x19,0xcf,
  0x00,0x00,0x19,0xdd,0x00,0x00,0x19,0xea,0x00,0x00,0x19,0xf8,0x00,0x00,0x1a,0x07,
  0x00,0x00,0x1a,0x16,0x00,0x00,0x1a,0x25,0x00,0x00,0x1a,0x34,0x00,0x00,0x1a,0x43,
  0x00,0x00,0x1a,0x52,0x00,0x00,0x1a,0x61,0x00,0x00,0x1a,0x71,0x00,0x00,0x1a,0x82,
  0x00,0x00,0x1a,0x92,0x00,0x00,0x1a,0xa1,0x00,0x00,0x1a,0xb1,0x00,0x00,0x1a,0xc1,
  0x00,0x00,0x1a,0xd3,0x00,0x00,0x1a,0xe3,0x00,0x00,0x1a,0xf5,0x00,0x00,0x1b,0x05,
  0x00,0x00,0x1b,0x16,0x00,0x00,0x1b,0x28,0x00,0x00,0x1b,0x39,0x00,0x00,0x1b,0x4b,
  0x00,0x00,0x1b,0x5e,0x00,0x00,0x1b,0x6f,0x00,0x00,0x1b,0x84,0x00,0x00,0x1b,0x99,
  0x00,0x00,0x1b,0xae,0x00,0x00,0x1b,0xc3,0x00,0x00,0x1b,0xd8,0x00,0x00,0x1b,0xed,
  0x00,0x00,0x1c,0x02,0x00,0x00,0x1c,0x18,0x00,0x00,0x1c,0x2d,0x00,0x00,0x1c,0x43,
  0x00,0x00,0x1c,0x59,0x00,0x00,0x1c,0x6f,0x00,0x00,0x1c,0x85,0x00,0x00,0x1c,0x9b,
  0x00,0x00,0x1c,0xb1,0x00,0x00,0x1c,0xc8,0x00,0x00,0x1c,0xdf,0x00,0x00,0x1c,0xf5,
  0x00,0x00,0x1d,0x0c,0x00,0x00,0x1d,0x23,0x00,0x00,0x1d,0x3b,0x00,0x00,0x1d,0x52,
  0x00,0x00,0x1d,0x6a,0x00,0x00,0x1d,0x81,0x00,0x00,0x1d,0x99,0x00,0x00,0x1d,0xb1,
  0x00,0x00,0x1d,0xc9,0x00,0x00,0x1d,0xe1,0x00,0x00,0x1d,0xfa,0x00,0x00,0x1e,0x12,
  0x00,0x00,0x1e,0x2b,0x00,0x00,0x1e,0x44,0x00,0x00,0x1e,0x5d,0x00,0x00,0x1e,0x76,
  0x00,0x00,0x1e,0x90,0x00,0x00,0x1e,0xa9,0x00,0x00,0x1e,0xc3,0x00,0x00,0x1e,0xdd,
  0x00,0x00,0x1e,0xf7,0x00,0x00,0x1f,0x11,0x00,0x00,0x1f,0x2b,0x00,0x00,0x1f,0x46,
  0x00,0x00,0x1f,0x61,0x00,0x00,0x1f,0x7c,0x00,0x00,0x1f,0x97,0x00,0x00,0x1f,0xb2,
  0x00,0x00,0x1f,0xce,0x00,0x00,0x1f,0xe9,0x00,0x00,0x20,0x05,0x00,0x00,0x20,0x21,
  0x00,0x00,0x20,0x3e,0x00,0x00,0x20,0x5a,0x00,0x00,0x20,0x77,0x00,0x00,0x20,0x93,
  0x00,0x00,0x20,0xb0,0x00,0x00,0x20,0xce,0x00,0x00,0x20,0xeb,0x00,0x00,0x21,0x09,
  0x00,0x00,0x21,0x27,0x00,0x00,0x21,0x45,0x00,0x00,0x21,0x63,0x00,0x00,0x21,0x82,
  0x00,0x00,0x21,0xa0,0x00,0x00,0x21,0xbf,0x00,0x00,0x21,0xde,0x00,0x00,0x21,0xfe,
  0x00,0x00,0x22,0x1d,0x00,0x00,0x22,0x3d,0x00,0x00,0x22,0x5d,0x00,0x00,0x22,0x7e,
  0x00,0x00,0x22,0x9e,0x00,0x00,0x22,0xbf,0x00,0x00,0x22,0xe0,0x00,0x00,0x23,0x01,
  0x00,0x00,0x23,0x23,0x00,0x00,0x23,0x45,0x00,0x00,0x23,0x67,0x00,0x00,0x23,0x89,
  0x00,0x00,0x23,0xac,0x00,0x00,0x23,0xce,0x00,0x00,0x23,0xf1,0x00,0x00,0x24,0x15,
  0x00,0x00,0x24,0x38,0x00,0x00,0x24,0x5c,0x00,0x00,0x24,0x81,0x00,0x00,0x24,0xa5,
  0x00,0x00,0x24,0xca,0x00,0x00,0x24,0xef,0x00,0x00,0x25,0x14,0x00,0x00,0x25,0x3a,
  0x00,0x00,0x25,0x60,0x00,0x00,0x25,0x86,0x00,0x00,0x25,0xac,0x00,0x00,0x25,0xd3,
  0x00,0x00,0x25,0xfa,0x00,0x00,0x26,0x22,0x00,0x00,0x26,0x4a,0x00,0x00,0x26,0x72,
  0x00,0x00,0x26,0x9a,0x00,0x00,0x26,0xc3,0x00,0x00,0x26,0xec,0x00,0x00,0x27,0x16,
  0x00,0x00,0x27,0x40,0x00,0x00,0x27,0x6a,0x00,0x00,0x27,0x94,0x00,0x00,0x27,0xbf,
  0x00,0x00,0x27,0xea,0x00,0x00,0x28,0x16,0x00,0x00,0x28,0x42,0x00,0x00,0x28,0x6f,
  0x00,0x00,0x28,0x9b,0x00,0x00,0x28,0xc8,0x00,0x00,0x28,0xf6,0x00,0x00,0x29,0x24,
  0x00,0x00,0x29,0x52,0x00,0x00,0x29,0x81,0x00,0x00,0x29,0xb0,0x00,0x00,0x29,0xe0,
  0x00,0x00,0x2a,0x10,0x00,0x00,0x2a,0x40,0x00,0x00,0x2a,0x71,0x00,0x00,0x2a,0xa2,
  0x00,0x00,0x2a,0xd4,0x00,0x00,0x2b,0x07,0x00,0x00,0x2b,0x39,0x00,0x00,0x2b,0x6c,
  0x00,0x00,0x2b,0xa0,0x00,0x00,0x2b,0xd4,0x00,0x00,0x2c,0x09,0x00,0x00,0x2c,0x3e,
  0x00,0x00,0x2c,0x74,0x00,0x00,0x2c,0xaa,0x00,0x00,0x2c,0xe0,0x00,0x00,0x2d,0x17,
  0x00,0x00,0x2d,0x4f,0x00,0x00,0x2d,0x87,0x00,0x00,0x2d,0xc0,0x00,0x00,0x2d,0xfa,
  0x00,0x00,0x2e,0x34,0x00,0x00,0x2e,0x6e,0x00,0x00,0x2e,0xa9,0x00,0x00,0x2e,0xe5,
  0x00,0x00,0x2f,0x21,0x00,0x00,0x2f,0x5e,0x00,0x00,0x2f,0x9b,0x00,0x00,0x2f,0xd9,
  0x00,0x00,0x30,0x18,0x00,0x00,0x30,0x58,0x00,0x00,0x30,0x98,0x00,0x00,0x30,0xd8,
  0x00,0x00,0x31,0x1a,0x00,0x00,0x31,0x5c,0x00,0x00,0x31,0x9f,0x00,0x00,0x31,0xe2,
  0x00,0x00,0x32,0x26,0x00,0x00,0x32,0x6b,0x00,0x00,0x32,0xb1,0x00,0x00,0x32,0xf7,
  0x00,0x00,0x33,0x3f,0x00,0x00,0x33,0x87,0x00,0x00,0x33,0xcf,0x00,0x00,0x34,0x19,
  0x00,0x00,0x34,0x63,0x00,0x00,0x34,0xaf,0x00,0x00,0x34,0xfb,0x00,0x00,0x35,0x48,
  0x00,0x00,0x35,0x95,0x00,0x00,0x35,0xe4,0x00,0x00,0x36,0x34,0x00,0x00,0x36,0x84,
  0x00,0x00,0x36,0xd6,0x00,0x00,0x37,0x28,0x00,0x00,0x37,0x7c,0x00,0x00,0x37,0xd0,
  0x00,0x00,0x38,0x26,0x00,0x00,0x38,0x7c,0x00,0x00,0x38,0xd4,0x00,0x00,0x39,0x2c,
  0x00,0x00,0x39,0x86,0x00,0x00,0x39,0xe1,0x00,0x00,0x3a,0x3d,0x00,0x00,0x3a,0x9a,
  0x00,0x00,0x3a,0xf8,0x00,0x00,0x3b,0x57,0x00,0x00,0x3b,0xb8,0x00,0x00,0x3c,0x1a,
  0x00,0x00,0x3c,0x7d,0x00,0x00,0x3c,0xe1,0x00,0x00,0x3d,0x47,0x00,0x00,0x3d,0xae,
  0x00,0x00,0x3e,0x16,0x00,0x00,0x3e,0x80,0x00,0x00,0x3e,0xeb,0x00,0x00,0x3f,0x58,
  0x00,0x00,0x3f,0xc6,0x00,0x00,0x40,0x36,0x00,0x00,0x40,0xa7,0x00,0x00,0x41,0x1a,
  0x00,0x00,0x41,0x8e,0x00,0x00,0x42,0x04,0x00,0x00,0x42,0x7c,0x00,0x00,0x42,0xf5,
  0x00,0x00,0x43,0x70,0x00,0x00,0x43,0xed,0x00,0x00,0x44,0x6c,0x00,0x00,0x44,0xed,
  0x00,0x00,0x45,0x6f,0x00,0x00,0x45,0xf3,0x00,0x00,0x46,0x7a,0x00,0x00,0x47,0x02,
  0x00,0x00,0x47,0x8d,0x00,0x00,0x48,0x1a,0x00,0x00,0x48,0xa8,0x00,0x00,0x49,0x39,
  0x00,0x00,0x49,0xcd,0x00,0x00,0x4a,0x62,0x00,0x00,0x4a,0xfa,0x00,0x00,0x4b,0x95,
  0x00,0x00,0x4c,0x32,0x00,0x00,0x4c,0xd2,0x00,0x00,0x4d,0x74,0x00,0x00,0x4e,0x19,
  0x00,0x00,0x4e,0xc0,0x00,0x00,0x4f,0x6b,0x00,0x00,0x50,0x18,0x00,0x00,0x50,0xc9,
  0x00,0x00,0x51,0x7c,0x00,0x00,0x52,0x33,0x00,0x00,0x52,0xed,0x00,0x00,0x53,0xaa,
  0x00,0x00,0x54,0x6a,0x00,0x00,0x55,0x2e,0x00,0x00,0x55,0xf6,0x00,0x00,0x56,0xc1,
  0x00,0x00,0x57,0x90,0x00,0x00,0x58,0x64,0x00,0x00,0x59,0x3b,0x00,0x00,0x5a,0x16,
  0x00,0x00,0x5a,0xf5,0x00,0x00,0x5b,0xd9,0x00,0x00,0x5c,0xc1,0x00,0x00,0x5d,0xae,
  0x00,0x00,0x5e,0xa0,0x00,0x00,0x5f,0x96,0x00,0x00,0x60,0x92,0x00,0x00,0x61,0x93,
  0x00,0x00,0x62,0x99,0x00,0x00,0x63,0xa5,0x00,0x00,0x64,0xb7,0x00,0x00,0x65,0xce,
  0x00,0x00,0x66,0xec,0x00,0x00,0x68,0x10,0x00,0x00,0x69,0x3a,0x00,0x00,0x6a,0x6c,
  0x00,0x00,0x6b,0xa4,0x00,0x00,0x6c,0xe4,0x00,0x00,0x6e,0x2b,0x00,0x00,0x6f,0x79,
  0x00,0x00,0x70,0xd0,0x00,0x00,0x72,0x30,0x00,0x00,0x73,0x97,0x00,0x00,0x75,0x08,
  0x00,0x00,0x76,0x82,0x00,0x00,0x78,0x06,0x00,0x00,0x79,0x94,0x00,0x00,0x7b,0x2c,
  0x00,0x00,0x7c,0xcf,0x00,0x00,0x7e,0x7e,0x00,0x00,0x80,0x38,0x00,0x00,0x81,0xfe,
  0x00,0x00,0x83,0xd2,0x00,0x00,0x85,0xb2,0x00,0x00,0x87,0xa1,0x00,0x00,0x89,0x9d,
  0x00,0x00,0x8b,0xa9,0x00,0x00,0x8d,0xc5,0x00,0x00,0x8f,0xf2,0x00,0x00,0x92,0x2f,
  0x00,0x00,0x94,0x7f,0x00,0x00,0x96,0xe2,0x00,0x00,0x99,0x59,0x00,0x00,0x9b,0xe4,
  0x00,0x00,0x9e,0x86,0x00,0x00,0xa1,0x3f,0x00,0x00,0xa4,0x10,0x00,0x00,0xa6,0xfb,
  0x00,0x00,0xaa,0x01,0x00,0x00,0xad,0x24,0x00,0x00,0xb0,0x64,0x00,0x00,0xb3,0xc5,
  0x00,0x00,0xb7,0x47,0x00,0x00,0xba,0xed,0x00,0x00,0xbe,0xb9,0x00,0x00,0xc2,0xad,
  0x00,0x00,0xc6,0xcd,0x00,0x00,0xcb,0x19,0x00,0x00,0xcf,0x97,0x00,0x00,0xd4,0x48,
  0x00,0x00,0xd9,0x31,0x00,0x00,0xde,0x56,0x00,0x00,0xe3,0xba,0x00,0x00,0xe9,0x63,
  0x00,0x00,0xef,0x56,0x00,0x00,0xf5,0x99,0x00,0x00,0xfc,0x31,0x00,0x01,0x03,0x27,
  0x00,0x01,0x0a,0x82,0x00,0x01,0x12,0x4b,0x00,0x01,0x1a,0x8c,0x00,0x01,0x23,0x50,
  0x00,0x01,0x2c,0xa4,0x00,0x01,0x36,0x96,0x00,0x01,0x41,0x35,0x00,0x01,0x4c,0x96,
  0x00,0x01,0x58,0xcc,0x00,0x01,0x65,0xf1,0x00,0x01,0x74,0x21,0x00,0x01,0x83,0x7c,
  0x00,0x01,0x94,0x29,0x00,0x01,0xa6,0x57,0x00,0x01,0xba,0x3b,0x00,0x01,0xd0,0x16,
  0x00,0x01,0xe8,0x38,0x00,0x02,0x02,0xfe,0x00,0x02,0x20,0xe1,0x00,0x02,0x42,0x71,
  0x00,0x02,0x68,0x6a,0x00,0x02,0x93,0xb9,0x00,0x02,0xc5,0x94,0x00,0x02,0xff,0x95,
  0x00,0x03,0x43,0xea,0x00,0x03,0x95,0x9a,0x80,0x03,0xf8,0xfb,
};

static const unsigned char TAIL_150[4588] = {
  0x80,0x00,0x0f,0xc0,0x00,0x00,0x0f,0xc0,0x00,0x00,0x0f,0xc0,0x00,0x00,0x0f,0xc1,
  0x00,0x00,0x0f,0xc2,0x00,0x00,0x0f,0xc4,0x00,0x00,0x0f,0xc5,0x00,0x00,0x0f,0xc5,
  0x00,0x00,0x0f,0xc6,0x00,0x00,0x0f,0xc7,0x00,0x00,0x0f,0xc9,0x00,0x00,0x0f,0xca,
  0x00,0x00,0x0f,0xca,0x00,0x00,0x0f,0xcb,0x00,0x00,0x0f,0xcc,0x00,0x00,0x0f,0xce,
  0x00,0x00,0x0f,0xcf,0x00,0x00,0x0f,0xcf,0x00,0x00,0x0f,0xd0,0x00,0x00,0x0f,0xd1,
  0x00,0x00,0x0f,0xd3,0x00,0x00,0x0f,0xd4,0x00,0x00,0x0f,0xd4,0x00,0x00,0x0f,0xd5,
  0x00,0x00,0x0f,0xd6,0x00,0x00,0x0f,0xd8,0x00,0x00,0x0f,0xd9,0x00,0x00,0x0f,0xd9,
  0x00,0x00,0x0f,0xda,0x00,0x00,0x0f,0xdb,0x00,0x00,0x0f,0xdd,0x00,0x00,0x0f,0xde,
  0x00,0x00,0x0f,0xde,0x00,0x00,0x0f,0xdf,0x00,0x00,0x0f,0xe0,0x00,0x00,0x0f,0xe2,
  0x00,0x00,0x0f,0xe3,0x00,0x00,0x0f,0xe3,0x00,0x00,0x0f,0xe4,0x00,0x00,0x0f,0xe5,
  0x00,0x00,0x0f,0xe7,0x00,0x00,0x0f,0xe8,0x00,0x00,0x0f,0xe8,0x00,0x00,0x0f,0xe9,
  0x00,0x00,0x0f,0xea,0x00,0x00,0x0f,0xec,0x00,0x00,0x0f,0xed,0x00,0x00,0x0f,0xed,
  0x00,0x00,0x0f,0xee,0x00,0x00,0x0f,0xef,0x00,0x00,0x0f,0xf1,0x00,0x00,0x0f,0xf2,
  0x00,0x00,0x0f,0xf2,0x00,0x00,0x0f,0xf3,0x00,0x00,0x0f,0xf4,0x00,0x00,0x0f,0xf6,
  0x00,0x00,0x0f,0xf7,0x00,0x00,0x0f,0xf7,0x00,0x00,0x0f,0xf8,0x00,0x00,0x0f,0xf9,
  0x00,0x00,0x0f,0xfb,0x00,0x00,0x0f,0xfc,0x00,0x00,0x0f,0xfc,0x00,0x00,0x0f,0xfd,
  0x00,0x00,0x0f,0xfe,0x00,0x00,0x10,0x00,0x00,0x00,0x10,0x01,0x00,0x00,0x10,0x01,
  0x00,0x00,0x10,0x02,0x00,0x00,0x10,0x04,0x00,0x00,0x10,0x05,0x00,0x00,0x10,0x06,
  0x00,0x00,0x10,0x06,0x00,0x00,0x10,0x07,0x00,0x00,0x10,0x09,0x00,0x00,0x10,0x0a,
  0x00,0x00,0x10,0x0b,0x00,0x00,0x10,0x0b,0x00,0x00,0x10,0x0c,0x00,0x00,0x10,0x0e,
  0x00,0x00,0x10,0x0f,0x00,0x00,0x10,0x10,0x00,0x00,0x10,0x10,0x00,0x00,0x10,0x11,
  0x00,0x00,0x10,0x13,0x00,0x00,0x10,0x14,0x00,0x00,0x10,0x15,0x00,0x00,0x10,0x15,
  0x00,0x00,0x10,0x16,0x00,0x00,0x10,0x18,0x00,0x00,0x10,0x19,0x00,0x00,0x10,0x1a,
  0x00,0x00,0x10,0x1a,0x00,0x00,0x10,0x1b,0x00,0x00,0x10,0x1d,0x00,0x00,0x10,0x1e,
  0x00,0x00,0x10,0x1f,0x00,0x00,0x10,0x1f,0x00,0x00,0x10,0x20,0x00,0x00,0x10,0x22,
  0x00,0x00,0x10,0x23,0x00,0x00,0x10,0x24,0x00,0x00,0x10,0x24,0x00,0x00,0x10,0x25,
  0x00,0x00,0x10,0x27,0x00,0x00,0x10,0x28,0x00,0x00,0x10,0x29,0x00,0x00,0x10,0x29,
  0x00,0x00,0x10,0x2a,0x00,0x00,0x10,0x2c,0x00,0x00,0x10,0x2d,0x00,0x00,0x10,0x2e,
  0x00,0x00,0x10,0x2e,0x00,0x00,0x10,0x2f,0x00,0x00,0x10,0x31,0x00,0x00,0x10,0x32,
  0x00,0x00,0x10,0x33,0x00,0x00,0x10,0x33,0x00,0x00,0x10,0x34,0x00,0x00,0x10,0x36,
  0x00,0x00,0x10,0x37,0x00,0x00,0x10,0x38,0x00,0x00,0x10,0x38,0x00,0x00,0x10,0x39,
  0x00,0x00,0x10,0x3b,0x00,0x00,0x10,0x3c,0x00,0x00,0x10,0x3d,0x00,0x00,0x10,0x3d,
  0x00,0x00,0x10,0x3e,0x00,0x00,0x10,0x40,0x00,0x00,0x10,0x41,0x00,0x00,0x10,0x42,
  0x00,0x00,0x10,0x42,0x00,0x00,0x10,0x43,0x00,0x00,0x10,0x45,0x00,0x00,0x10,0x46,
  0x00,0x00,0x10,0x47,0x00,0x00,0x10,0x47,0x00,0x00,0x10,0x48,0x00,0x00,0x10,0x4a,
  0x00,0x00,0x10,0x4b,0x00,0x00,0x10,0x4c,0x00,0x00,0x10,0x4c,0x00,0x00,0x10,0x4d,
  0x00,0x00,0x10,0x4f,0x00,0x00,0x10,0x50,0x00,0x00,0x10,0x51,0x00,0x00,0x10,0x51,
  0x00,0x00,0x10,0x52,0x00,0x00,0x10,0x54,0x00,0x00,0x10,0x55,0x00,0x00,0x10,0x56,
  0x00,0x00,0x10,0x56,0x00,0x00,0x10,0x57,0x00,0x00,0x10,0x59,0x00,0x00,0x10,0x5a,
  0x00,0x00,0x10,0x5b,0x00,0x00,0x10,0x5b,0x00,0x00,0x10,0x5c,0x00,0x00,0x10,0x5e,
  0x00,0x00,0x10,0x5f,0x00,0x00,0x10,0x60,0x00,0x00,0x10,0x60,0x00,0x00,0x10,0x61,
  0x00,0x00,0x10,0x63,0x00,0x00,0x10,0x64,0x00,0x00,0x10,0x65,0x00,0x00,0x10,0x65,
  0x00,0x00,0x10,0x66,0x00,0x00,0x10,0x68,0x00,0x00,0x10,0x69,0x00,0x00,0x10,0x6a,
  0x00,0x00,0x10,0x6a,0x00,0x00,0x10,0x6b,0x00,0x00,0x10,0x6d,0x00,0x00,0x10,0x6e,
  0x00,0x00,0x10,0x6f,0x00,0x00,0x10,0x6f,0x00,0x00,0x10,0x70,0x00,0x00,0x10,0x72,
  0x00,0x00,0x10,0x73,0x00,0x00,0x10,0x74,0x00,0x00,0x10,0x74,0x00,0x00,0x10,0x75,
  0x00,0x00,0x10,0x77,0x00,0x00,0x10,0x78,0x00,0x00,0x10,0x79,0x00,0x00,0x10,0x79,
  0x00,0x00,0x10,0x7a,0x00,0x00,0x10,0x7c,0x00,0x00,0x10,0x7d,0x00,0x00,0x10,0x7e,
  0x00,0x00,0x10,0x7e,0x00,0x00,0x10,0x7f,0x00,0x00,0x10,0x81,0x00,0x00,0x10,0x82,
  0x00,0x00,0x10,0x83,0x00,0x00,0x10,0x83,0x00,0x00,0x10,0x84,0x00,0x00,0x10,0x86,
  0x00,0x00,0x10,0x87,0x00,0x00,0x10,0x88,0x00,0x00,0x10,0x88,0x00,0x00,0x10,0x89,
  0x00,0x00,0x10,0x8b,0x00,0x00,0x10,0x8c,0x00,0x00,0x10,0x8d,0x00,0x00,0x10,0x8d,
  0x00,0x00,0x10,0x8e,0x00,0x00,0x10,0x90,0x00,0x00,0x10,0x91,0x00,0x00,0x10,0x92,
  0x00,0x00,0x10,0x92,0x00,0x00,0x10,0x93,0x00,0x00,0x10,0x95,0x00,0x00,0x10,0x96,
  0x00,0x00,0x10,0x97,0x00,0x00,0x10,0x97,0x00,0x00,0x10,0x98,0x00,0x00,0x10,0x9a,
  0x00,0x00,0x10,0x9b,0x00,0x00,0x10,0x9c,0x00,0x00,0x10,0x9c,0x00,0x00,0x10,0x9d,
  0x00,0x00,0x10,0x9f,0x00,0x00,0x10,0xa0,0x00,0x00,0x10,0xa1,0x00,0x00,0x10,0xa1,
  0x00,0x00,0x10,0xa2,0x00,0x00,0x10,0xa4,0x00,0x00,0x10,0xa5,0x00,0x00,0x10,0xa6,
  0x00,0x00,0x10,0xa6,0x00,0x00,0x10,0xa7,0x00,0x00,0x10,0xa9,0x00,0x00,0x10,0xaa,
  0x00,0x00,0x10,0xab,0x00,0x00,0x10,0xab,0x00,0x00,0x10,0xac,0x00,0x00,0x10,0xae,
  0x00,0x00,0x10,0xaf,0x00,0x00,0x10,0xb0,0x00,0x00,0x10,0xb0,0x00,0x00,0x10,0xb1,
  0x00,0x00,0x10,0xb3,0x00,0x00,0x10,0xb4,0x00,0x00,0x10,0xb5,0x00,0x00,0x10,0xb5,
  0x00,0x00,0x10,0xb6,0x00,0x00,0x10,0xb8,0x00,0x00,0x10,0xb9,0x00,0x00,0x10,0xba,
  0x00,0x00,0x10,0xba,0x00,0x00,0x10,0xbb,0x00,0x00,0x10,0xbd,0x00,0x00,0x10,0xbe,
  0x00,0x00,0x10,0xbf,0x00,0x00,0x10,0xbf,0x00,0x00,0x10,0xc0,0x00,0x00,0x10,0xc2,
  0x00,0x00,0x10,0xc3,0x00,0x00,0x10,0xc4,0x00,0x00,0x10,0xc4,0x00,0x00,0x10,0xc5,
  0x00,0x00,0x10,0xc7,0x00,0x00,0x10,0xc8,0x00,0x00,0x10,0xc9,0x00,0x00,0x10,0xc9,
  0x00,0x00,0x10,0xca,0x00,0x00,0x10,0xcc,0x00,0x00,0x10,0xce,0x00,0x00,0x10,0xcf,
  0x00,0x00,0x10,0xd2,0x00,0x00,0x10,0xd3,0x00,0x00,0x10,0xd6,0x00,0x00,0x10,0xd8,
  0x00,0x00,0x10,0xd9,0x00,0x00,0x10,0xdc,0x00,0x00,0x10,0xdd,0x00,0x00,0x10,0xe0,
  0x00,0x00,0x10,0xe2,0x00,0x00,0x10,0xe3,0x00,0x00,0x10,0xe6,0x00,0x00,0x10,0xe7,
  0x00,0x00,0x10,0xea,0x00,0x00,0x10,0xec,0x00,0x00,0x10,0xed,0x00,0x00,0x10,0xf0,
  0x00,0x00,0x10,0xf1,0x00,0x00,0x10,0xf4,0x00,0x00,0x10,0xf6,0x00,0x00,0x10,0xf7,
  0x00,0x00,0x10,0xfa,0x00,0x00,0x10,0xfb,0x00,0x00,0x10,0xfe,0x00,0x00,0x11,0x00,
  0x00,0x00,0x11,0x01,0x00,0x00,0x11,0x04,0x00,0x00,0x11,0x05,0x00,0x00,0x11,0x08,
  0x00,0x00,0x11,0x0a,0x00,0x00,0x11,0x0b,0x00,0x00,0x11,0x0e,0x00,0x00,0x11,0x0f,
  0x00,0x00,0x11,0x12,0x00,0x00,0x11,0x14,0x00,0x00,0x11,0x15,0x00,0x00,0x11,0x18,
  0x00,0x00,0x11,0x19,0x00,0x00,0x11,0x1c,0x00,0x00,0x11,0x1e,0x00,0x00,0x11,0x1f,
  0x00,0x00,0x11,0x22,0x00,0x00,0x11,0x23,0x00,0x00,0x11,0x26,0x00,0x00,0x11,0x28,
  0x00,0x00,0x11,0x29,0x00,0x00,0x11,0x2c,0x00,0x00,0x11,0x2d,0x00,0x00,0x11,0x30,
  0x00,0x00,0x11,0x32,0x00,0x00,0x11,0x33,0x00,0x00,0x11,0x36,0x00,0x00,0x11,0x37,
  0x00,0x00,0x11,0x3a,0x00,0x00,0x11,0x3c,0x00,0x00,0x11,0x3d,0x00,0x00,0x11,0x40,
  0x00,0x00,0x11,0x41,0x00,0x00,0x11,0x44,0x00,0x00,0x11,0x46,0x00,0x00,0x11,0x47,
  0x00,0x00,0x11,0x4a,0x00,0x00,0x11,0x4b,0x00,0x00,0x11,0x4e,0x00,0x00,0x11,0x50,
  0x00,0x00,0x11,0x51,0x00,0x00,0x11,0x54,0x00,0x00,0x11,0x55,0x00,0x00,0x11,0x58,
  0x00,0x00,0x11,0x5a,0x00,0x00,0x11,0x5b,0x00,0x00,0x11,0x5e,0x00,0x00,0x11,0x5f,
  0x00,0x00,0x11,0x62,0x00,0x00,0x11,0x64,0x00,0x00,0x11,0x65,0x00,0x00,0x11,0x68,
  0x00,0x00,0x11,0x69,0x00,0x00,0x11,0x6c,0x00,0x00,0x11,0x6e,0x00,0x00,0x11,0x6f,
  0x00,0x00,0x11,0x72,0x00,0x00,0x11,0x73,0x00,0x00,0x11,0x76,0x00,0x00,0x11,0x78,
  0x00,0x00,0x11,0x79,0x00,0x00,0x11,0x7c,0x00,0x00,0x11,0x7d,0x00,0x00,0x11,0x80,
  0x00,0x00,0x11,0x82,0x00,0x00,0x11,0x83,0x00,0x00,0x11,0x86,0x00,0x00,0x11,0x87,
  0x00,0x00,0x11,0x8a,0x00,0x00,0x11,0x8c,0x00,0x00,0x11,0x8d,0x00,0x00,0x11,0x90,
  0x00,0x00,0x11,0x91,0x00,0x00,0x11,0x94,0x00,0x00,0x11,0x96,0x00,0x00,0x11,0x97,
  0x00,0x00,0x11,0x9a,0x00,0x00,0x11,0x9b,0x00,0x00,0x11,0x9e,0x00,0x00,0x11,0xa0,
  0x00,0x00,0x11,0xa1,0x00,0x00,0x11,0xa4,0x00,0x00,0x11,0xa5,0x00,0x00,0x11,0xa8,
  0x00,0x00,0x11,0xaa,0x00,0x00,0x11,0xab,0x00,0x00,0x11,0xae,0x00,0x00,0x11,0xaf,
  0x00,0x00,0x11,0xb2,0x00,0x00,0x11,0xb4,0x00,0x00,0x11,0xb5,0x00,0x00,0x11,0xb8,
  0x00,0x00,0x11,0xb9,0x00,0x00,0x11,0xbc,0x00,0x00,0x11,0xbe,0x00,0x00,0x11,0xbf,
  0x00,0x00,0x11,0xc2,0x00,0x00,0x11,0xc3,0x00,0x00,0x11,0xc6,0x00,0x00,0x11,0xc8,
  0x00,0x00,0x11,0xc9,0x00,0x00,0x11,0xcc,0x00,0x00,0x11,0xcd,0x00,0x00,0x11,0xd0,
  0x00,0x00,0x11,0xd2,0x00,0x00,0x11,0xd3,0x00,0x00,0x11,0xd6,0x00,0x00,0x11,0xd7,
  0x00,0x00,0x11,0xda,0x00,0x00,0x11,0xdc,0x00,0x00,0x11,0xdd,0x00,0x00,0x11,0xe0,
  0x00,0x00,0x11,0xe1,0x00,0x00,0x11,0xe4,0x00,0x00,0x11,0xe6,0x00,0x00,0x11,0xe7,
  0x00,0x00,0x11,0xea,0x00,0x00,0x11,0xeb,0x00,0x00,0x11,0xee,0x00,0x00,0x11,0xf0,
  0x00,0x00,0x11,0xf1,0x00,0x00,0x11,0xf4,0x00,0x00,0x11,0xf5,0x00,0x00,0x11,0xf8,
  0x00,0x00,0x11,0xfa,0x00,0x00,0x11,0xfb,0x00,0x00,0x11,0xfe,0x00,0x00,0x11,0xff,
  0x00,0x00,0x12,0x02,0x00,0x00,0x12,0x04,0x00,0x00,0x12,0x05,0x00,0x00,0x12,0x08,
  0x00,0x00,0x12,0x09,0x00,0x00,0x12,0x0c,0x00,0x00,0x12,0x0e,0x00,0x00,0x12,0x0f,
  0x00,0x00,0x12,0x12,0x00,0x00,0x12,0x13,0x00,0x00,0x12,0x16,0x00,0x00,0x12,0x18,
  0x00,0x00,0x12,0x19,0x00,0x00,0x12,0x1c,0x00,0x00,0x12,0x1d,0x00,0x00,0x12,0x20,
  0x00,0x00,0x12,0x22,0x00,0x00,0x12,0x23,0x00,0x00,0x12,0x26,0x00,0x00,0x12,0x27,
  0x00,0x00,0x12,0x2a,0x00,0x00,0x12,0x2c,0x00,0x00,0x12,0x2d,0x00,0x00,0x12,0x30,
  0x00,0x00,0x12,0x31,0x00,0x00,0x12,0x34,0x00,0x00,0x12,0x36,0x00,0x00,0x12,0x37,
  0x00,0x00,0x12,0x3a,0x00,0x00,0x12,0x3b,0x00,0x00,0x12,0x3e,0x00,0x00,0x12,0x40,
  0x00,0x00,0x12,0x41,0x00,0x00,0x12,0x44,0x00,0x00,0x12,0x45,0x00,0x00,0x12,0x49,
  0x00,0x00,0x12,0x4b,0x00,0x00,0x12,0x4f,0x00,0x00,0x12,0x52,0x00,0x00,0x12,0x54,
  0x00,0x00,0x12,0x58,0x00,0x00,0x12,0x5a,0x00,0x00,0x12,0x5e,0x00,0x00,0x12,0x61,
  0x00,0x00,0x12,0x63,0x00,0x00,0x12,0x67,0x00,0x00,0x12,0x69,0x00,0x00,0x12,0x6d,
  0x00,0x00,0x12,0x70,0x00,0x00,0x12,0x72,0x00,0x00,0x12,0x76,0x00,0x00,0x12,0x78,
  0x00,0x00,0x12,0x7c,0x00,0x00,0x12,0x7f,0x00,0x00,0x12,0x81,0x00,0x00,0x12,0x85,
  0x00,0x00,0x12,0x87,0x00,0x00,0x12,0x8b,0x00,0x00,0x12,0x8e,0x00,0x00,0x12,0x90,
  0x00,0x00,0x12,0x94,0x00,0x00,0x12,0x96,0x00,0x00,0x12,0x9a,0x00,0x00,0x12,0x9d,
  0x00,0x00,0x12,0x9f,0x00,0x00,0x12,0xa3,0x00,0x00,0x12,0xa5,0x00,0x00,0x12,0xa9,
  0x00,0x00,0x12,0xac,0x00,0x00,0x12,0xae,0x00,0x00,0x12,0xb2,0x00,0x00,0x12,0xb4,
  0x00,0x00,0x12,0xb8,0x00,0x00,0x12,0xbb,0x00,0x00,0x12,0xbd,0x00,0x00,0x12,0xc1,
  0x00,0x00,0x12,0xc3,0x00,0x00,0x12,0xc7,0x00,0x00,0x12,0xca,0x00,0x00,0x12,0xcc,
  0x00,0x00,0x12,0xd0,0x00,0x00,0x12,0xd2,0x00,0x00,0x12,0xd6,0x00,0x00,0x12,0xd9,
  0x00,0x00,0x12,0xdb,0x00,0x00,0x12,0xdf,0x00,0x00,0x12,0xe1,0x00,0x00,0x12,0xe5,
  0x00,0x00,0x12,0xe8,0x00,0x00,0x12,0xea,0x00,0x00,0x12,0xee,0x00,0x00,0x12,0xf0,
  0x00,0x00,0x12,0xf4,0x00,0x00,0x12,0xf7,0x00,0x00,0x12,0xf9,0x00,0x00,0x12,0xfd,
  0x00,0x00,0x12,0xff,0x00,0x00,0x13,0x03,0x00,0x00,0x13,0x06,0x00,0x00,0x13,0x08,
  0x00,0x00,0x13,0x0c,0x00,0x00,0x13,0x0e,0x00,0x00,0x13,0x12,0x00,0x00,0x13,0x15,
  0x00,0x00,0x13,0x17,0x00,0x00,0x13,0x1b,0x00,0x00,0x13,0x1d,0x00,0x00,0x13,0x21,
  0x00,0x00,0x13,0x24,0x00,0x00,0x13,0x26,0x00,0x00,0x13,0x2a,0x00,0x00,0x13,0x2c,
  0x00,0x00,0x13,0x30,0x00,0x00,0x13,0x33,0x00,0x00,0x13,0x35,0x00,0x00,0x13,0x39,
  0x00,0x00,0x13,0x3b,0x00,0x00,0x13,0x3f,0x00,0x00,0x13,0x42,0x00,0x00,0x13,0x44,
  0x00,0x00,0x13,0x48,0x00,0x00,0x13,0x4a,0x00,0x00,0x13,0x4e,0x00,0x00,0x13,0x51,
  0x00,0x00,0x13,0x53,0x00,0x00,0x13,0x57,0x00,0x00,0x13,0x5b,0x00,0x00,0x13,0x5e,
  0x00,0x00,0x13,0x62,0x00,0x00,0x13,0x67,0x00,0x00,0x13,0x6b,0x00,0x00,0x13,0x6f,
  0x00,0x00,0x13,0x72,0x00,0x00,0x13,0x76,0x00,0x00,0x13,0x7b,0x00,0x00,0x13,0x7f,
  0x00,0x00,0x13,0x83,0x00,0x00,0x13,0x86,0x00,0x00,0x13,0x8a,0x00,0x00,0x13,0x8f,
  0x00,0x00,0x13,0x93,0x00,0x00,0x13,0x97,0x00,0x00,0x13,0x9a,0x00,0x00,0x13,0x9e,
  0x00,0x00,0x13,0xa3,0x00,0x00,0x13,0xa7,0x00,0x00,0x13,0xab,0x00,0x00,0x13,0xae,
  0x00,0x00,0x13,0xb2,0x00,0x00,0x13,0xb7,0x00,0x00,0x13,0xbb,0x00,0x00,0x13,0xbf,
  0x00,0x00,0x13,0xc2,0x00,0x00,0x13,0xc6,0x00,0x00,0x13,0xcb,0x00,0x00,0x13,0xcf,
  0x00,0x00,0x13,0xd3,0x00,0x00,0x13,0xd6,0x00,0x00,0x13,0xda,0x00,0x00,0x13,0xdf,
  0x00,0x00,0x13,0xe3,0x00,0x00,0x13,0xe7,0x00,0x00,0x13,0xea,0x00,0x00,0x13,0xee,
  0x00,0x00,0x13,0xf3,0x00,0x00,0x13,0xf7,0x00,0x00,0x13,0xfb,0x00,0x00,0x13,0xfe,
  0x00,0x00,0x14,0x02,0x00,0x00,0x14,0x07,0x00,0x00,0x14,0x0b,0x00,0x00,0x14,0x0e,
  0x00,0x00,0x14,0x12,0x00,0x00,0x14,0x16,0x00,0x00,0x14,0x1b,0x00,0x00,0x14,0x1f,
  0x00,0x00,0x14,0x22,0x00,0x00,0x14,0x26,0x00,0x00,0x14,0x2a,0x00,0x00,0x14,0x2f,
  0x00,0x00,0x14,0x33,0x00,0x00,0x14,0x36,0x00,0x00,0x14,0x3a,0x00,0x00,0x14,0x3e,
  0x00,0x00,0x14,0x43,0x00,0x00,0x14,0x48,0x00,0x00,0x14,0x4d,0x00,0x00,0x14,0x52,
  0x00,0x00,0x14,0x57,0x00,0x00,0x14,0x5c,0x00,0x00,0x14,0x61,0x00,0x00,0x14,0x66,
  0x00,0x00,0x14,0x6b,0x00,0x00,0x14,0x70,0x00,0x00,0x14,0x75,0x00,0x00,0x14,0x7a,
  0x00,0x00,0x14,0x7f,0x00,0x00,0x14,0x84,0x00,0x00,0x14,0x89,0x00,0x00,0x14,0x8e,
  0x00,0x00,0x14,0x93,0x00,0x00,0x14,0x98,0x00,0x00,0x14,0x9d,0x00,0x00,0x14,0xa2,
  0x00,0x00,0x14,0xa7,0x00,0x00,0x14,0xac,0x00,0x00,0x14,0xb1,0x00,0x00,0x14,0xb6,
  0x00,0x00,0x14,0xbb,0x00,0x00,0x14,0xc0,0x00,0x00,0x14,0xc5,0x00,0x00,0x14,0xca,
  0x00,0x00,0x14,0xcf,0x00,0x00,0x14,0xd4,0x00,0x00,0x14,0xd9,0x00,0x00,0x14,0xde,
  0x00,0x00,0x14,0xe3,0x00,0x00,0x14,0xe8,0x00,0x00,0x14,0xed,0x00,0x00,0x14,0xf2,
  0x00,0x00,0x14,0xf7,0x00,0x00,0x14,0xfc,0x00,0x00,0x15,0x01,0x00,0x00,0x15,0x06,
  0x00,0x00,0x15,0x0b,0x00,0x00,0x15,0x10,0x00,0x00,0x15,0x16,0x00,0x00,0x15,0x1c,
  0x00,0x00,0x15,0x23,0x00,0x00,0x15,0x29,0x00,0x00,0x15,0x2e,0x00,0x00,0x15,0x34,
  0x00,0x00,0x15,0x3a,0x00,0x00,0x15,0x41,0x00,0x00,0x15,0x47,0x00,0x00,0x15,0x4c,
  0x00,0x00,0x15,0x52,0x00,0x00,0x15,0x58,0x00,0x00,0x15,0x5f,0x00,0x00,0x15,0x65,
  0x00,0x00,0x15,0x6a,0x00,0x00,0x15,0x70,0x00,0x00,0x15,0x76,0x00,0x00,0x15,0x7d,
  0x00,0x00,0x15,0x83,0x00,0x00,0x15,0x88,0x00,0x00,0x15,0x8e,0x00,0x00,0x15,0x94,
  0x00,0x00,0x15,0x9b,0x00,0x00,0x15,0xa1,0x00,0x00,0x15,0xa6,0x00,0x00,0x15,0xac,
  0x00,0x00,0x15,0xb2,0x00,0x00,0x15,0xb9,0x00,0x00,0x15,0xbf,0x00,0x00,0x15,0xc4,
  0x00,0x00,0x15,0xcb,0x00,0x00,0x15,0xd3,0x00,0x00,0x15,0xd9,0x00,0x00,0x15,0xe1,
  0x00,0x00,0x15,0xe7,0x00,0x00,0x15,0xee,0x00,0x00,0x15,0xf6,0x00,0x00,0x15,0xfc,
  0x00,0x00,0x16,0x04,0x00,0x00,0x16,0x0a,0x00,0x00,0x16,0x11,0x00,0x00,0x16,0x19,
  0x00,0x00,0x16,0x1f,0x00,0x00,0x16,0x27,0x00,0x00,0x16,0x2d,0x00,0x00,0x16,0x34,
  0x00,0x00,0x16,0x3c,0x00,0x00,0x16,0x42,0x00,0x00,0x16,0x4a,0x00,0x00,0x16,0x50,
  0x00,0x00,0x16,0x57,0x00,0x00,0x16,0x5f,0x00,0x00,0x16,0x65,0x00,0x00,0x16,0x6e,
  0x00,0x00,0x16,0x75,0x00,0x00,0x16,0x7d,0x00,0x00,0x16,0x86,0x00,0x00,0x16,0x8d,
  0x00,0x00,0x16,0x96,0x00,0x00,0x16,0x9d,0x00,0x00,0x16,0xa5,0x00,0x00,0x16,0xae,
  0x00,0x00,0x16,0xb5,0x00,0x00,0x16,0xbe,0x00,0x00,0x16,0xc5,0x00,0x00,0x16,0xcd,
  0x00,0x00,0x16,0xd6,0x00,0x00,0x16,0xdd,0x00,0x00,0x16,0xe6,0x00,0x00,0x16,0xed,
  0x00,0x00,0x16,0xf5,0x00,0x00,0x16,0xfe,0x00,0x00,0x17,0x05,0x00,0x00,0x17,0x0e,
  0x00,0x00,0x17,0x18,0x00,0x00,0x17,0x21,0x00,0x00,0x17,0x29,0x00,0x00,0x17,0x32,
  0x00,0x00,0x17,0x3b,0x00,0x00,0x17,0x45,0x00,0x00,0x17,0x4e,0x00,0x00,0x17,0x56,
  0x00,0x00,0x17,0x5f,0x00,0x00,0x17,0x68,0x00,0x00,0x17,0x72,0x00,0x00,0x17,0x7b,
  0x00,0x00,0x17,0x83,0x00,0x00,0x17,0x8c,0x00,0x00,0x17,0x95,0x00,0x00,0x17,0x9f,
  0x00,0x00,0x17,0xa9,0x00,0x00,0x17,0xb3,0x00,0x00,0x17,0xbd,0x00,0x00,0x17,0xc7,
  0x00,0x00,0x17,0xd1,0x00,0x00,0x17,0xdb,0x00,0x00,0x17,0xe5,0x00,0x00,0x17,0xef,
  0x00,0x00,0x17,0xf9,0x00,0x00,0x18,0x03,0x00,0x00,0x18,0x0d,0x00,0x00,0x18,0x17,
  0x00,0x00,0x18,0x22,0x00,0x00,0x18,0x2d,0x00,0x00,0x18,0x39,0x00,0x00,0x18,0x44,
  0x00,0x00,0x18,0x4e,0x00,0x00,0x18,0x59,0x00,0x00,0x18,0x64,0x00,0x00,0x18,0x70,
  0x00,0x00,0x18,0x7b,0x00,0x00,0x18,0x85,0x00,0x00,0x18,0x90,0x00,0x00,0x18,0x9b,
  0x00,0x00,0x18,0xa8,0x00,0x00,0x18,0xb3,0x00,0x00,0x18,0xc0,0x00,0x00,0x18,0xcb,
  0x00,0x00,0x18,0xd7,0x00,0x00,0x18,0xe4,0x00,0x00,0x18,0xef,0x00,0x00,0x18,0xfc,
  0x00,0x00,0x19,0x07,0x00,0x00,0x19,0x13,0x00,0x00,0x19,0x20,0x00,0x00,0x19,0x2e,
  0x00,0x00,0x19,0x3a,0x00,0x00,0x19,0x48,0x00,0x00,0x19,0x54,0x00,0x00,0x19,0x61,
  0x00,0x00,0x19,0x6f,0x00,0x00,0x19,0x7b,0x00,0x00,0x19,0x89,0x00,0x00,0x19,0x97,
  0x00,0x00,0x19,0xa4,0x00,0x00,0x19,0xb2,0x00,0x00,0x19,0xc0,0x00,0x00,0x19,0xcf,
  0x00,0x00,0x19,0xdd,0x00,0x00,0x19,0xea,0x00,0x00,0x19,0xf8,0x00,0x00,0x1a,0x07,
  0x00,0x00,0x1a,0x16,0x00,0x00,0x1a,0x25,0x00,0x00,0x1a,0x34,0x00,0x00,0x1a,0x43,
  0x00,0x00,0x1a,0x52,0x00,0x00,0x1a,0x61,0x00,0x00,0x1a,0x71,0x00,0x00,0x1a,0x82,
  0x00,0x00,0x1a,0x92,0x00,0x00,0x1a,0xa1,0x00,0x00,0x1a,0xb1,0x00,0x00,0x1a,0xc1,
  0x00,0x00,0x1a,0xd3,0x00,0x00,0x1a,0xe3,0x00,0x00,0x1a,0xf5,0x00,0x00,0x1b,0x05,
  0x00,0x00,0x1b,0x16,0x00,0x00,0x1b,0x28,0x00,0x00,0x1b,0x39,0x00,0x00,0x1b,0x4b,
  0x00,0x00,0x1b,0x5e,0x00,0x00,0x1b,0x6f,0x00,0x00,0x1b,0x84,0x00,0x00,0x1b,0x99,
  0x00,0x00,0x1b,0xae,0x00,0x00,0x1b,0xc3,0x00,0x00,0x1b,0xd8,0x00,0x00,0x1b,0xed,
  0x00,0x00,0x1c,0x02,0x00,0x00,0x1c,0x18,0x00,0x00,0x1c,0x2d,0x00,0x00,0x1c,0x43,
  0x00,0x00,0x1c,0x59,0x00,0x00,0x1c,0x6f,0x00,0x00,0x1c,0x85,0x00,0x00,0x1c,0x9b,
  0x00,0x00,0x1c,0xb1,0x00,0x00,0x1c,0xc8,0x00,0x00,0x1c,0xdf,0x00,0x00,0x1c,0xf5,
  0x00,0x00,0x1d,0x0c,0x00,0x00,0x1d,0x23,0x00,0x00,0x1d,0x3b,0x00,0x00,0x1d,0x52,
  0x00,0x00,0x1d,0x6a,0x00,0x00,0x1d,0x81,0x00,0x00,0x1d,0x99,0x00,0x00,0x1d,0xb1,
  0x00,0x00,0x1d,0xc9,0x00,0x00,0x1d,0xe1,0x00,0x00,0x1d,0xfa,0x00,0x00,0x1e,0x12,
  0x00,0x00,0x1e,0x2b,0x00,0x00,0x1e,0x44,0x00,0x00,0x1e,0x5d,0x00,0x00,0x1e,0x76,
  0x00,0x00,0x1e,0x90,0x00,0x00,0x1e,0xa9,0x00,0x00,0x1e,0xc3,0x00,0x00,0x1e,0xdd,
  0x00,0x00,0x1e,0xf7,0x00,0x00,0x1f,0x11,0x00,0x00,0x1f,0x2b,0x00,0x00,0x1f,0x46,
  0x00,0x00,0x1f,0x61,0x00,0x00,0x1f,0x7c,0x00,0x00,0x1f,0x97,0x00,0x00,0x1f,0xb2,
  0x00,0x00,0x1f,0xce,0x00,0x00,0x1f,0xe9,0x00,0x00,0x20,0x05,0x00,0x00,0x20,0x21,
  0x00,0x00,0x20,0x3e,0x00,0x00,0x20,0x5a,0x00,0x00,0x20,0x77,0x00,0x00,0x20,0x93,
  0x00,0x00,0x20,0xb0,0x00,0x00,0x20,0xce,0x00,0x00,0x20,0xeb,0x00,0x00,0x21,0x09,
  0x00,0x00,0x21,0x27,0x00,0x00,0x21,0x45,0x00,0x00,0x21,0x63,0x00,0x00,0x21,0x82,
  0x00,0x00,0x21,0xa0,0x00,0x00,0x21,0xbf,0x00,0x00,0x21,0xde,0x00,0x00,0x21,0xfe,
  0x00,0x00,0x22,0x1d,0x00,0x00,0x22,0x3d,0x00,0x00,0x22,0x5d,0x00,0x00,0x22,0x7e,
  0x00,0x00,0x22,0x9e,0x00,0x00,0x22,0xbf,0x00,0x00,0x22,0xe0,0x00,0x00,0x23,0x01,
  0x00,0x00,0x23,0x23,0x00,0x00,0x23,0x45,0x00,0x00,0x23,0x67,0x00,0x00,0x23,0x89,
  0x00,0x00,0x23,0xac,0x00,0x00,0x23,0xce,0x00,0x00,0x23,0xf1,0x00,0x00,0x24,0x15,
  0x00,0x00,0x24,0x38,0x00,0x00,0x24,0x5c,0x00,0x00,0x24,0x81,0x00,0x00,0x24,0xa5,
  0x00,0x00,0x24,0xca,0x00,0x00,0x24,0xef,0x00,0x00,0x25,0x14,0x00,0x00,0x25,0x3a,
  0x00,0x00,0x25,0x60,0x00,0x00,0x25,0x86,0x00,0x00,0x25,0xac,0x00,0x00,0x25,0xd3,
  0x00,0x00,0x25,0xfa,0x00,0x00,0x26,0x22,0x00,0x00,0x26,0x4a,0x00,0x00,0x26,0x72,
  0x00,0x00,0x26,0x9a,0x00,0x00,0x26,0xc3,0x00,0x00,0x26,0xec,0x00,0x00,0x27,0x16,
  0x00,0x00,0x27,0x40,0x00,0x00,0x27,0x6a,0x00,0x00,0x27,0x94,0x00,0x00,0x27,0xbf,
  0x00,0x00,0x27,0xea,0x00,0x00,0x28,0x16,0x00,0x00,0x28,0x42,0x00,0x00,0x28,0x6f,
  0x00,0x00,0x28,0x9b,0x00,0x00,0x28,0xc8,0x00,0x00,0x28,0xf6,0x00,0x00,0x29,0x24,
  0x00,0x00,0x29,0x52,0x00,0x00,0x29,0x81,0x00,0x00,0x29,0xb0,0x00,0x00,0x29,0xe0,
  0x00,0x00,0x2a,0x10,0x00,0x00,0x2a,0x40,0x00,0x00,0x2a,0x71,0x00,0x00,0x2a,0xa2,
  0x00,0x00,0x2a,0xd4,0x00,0x00,0x2b,0x07,0x00,0x00,0x2b,0x39,0x00,0x00,0x2b,0x6c,
  0x00,0x00,0x2b,0xa0,0x00,0x00,0x2b,0xd4,0x00,0x00,0x2c,0x09,0x00,0x00,0x2c,0x3e,
  0x00,0x00,0x2c,0x74,0x00,0x00,0x2c,0xaa,0x00,0x00,0x2c,0xe0,0x00,0x00,0x2d,0x17,
  0x00,0x00,0x2d,0x4f,0x00,0x00,0x2d,0x87,0x00,0x00,0x2d,0xc0,0x00,0x00,0x2d,0xfa,
  0x00,0x00,0x2e,0x34,0x00,0x00,0x2e,0x6e,0x00,0x00,0x2e,0xa9,0x00,0x00,0x2e,0xe5,
  0x00,0x00,0x2f,0x21,0x00,0x00,0x2f,0x5e,0x00,0x00,0x2f,0x9b,0x00,0x00,0x2f,0xd9,
  0x00,0x00,0x30,0x18,0x00,0x00,0x30,0x58,0x00,0x00,0x30,0x98,0x00,0x00,0x30,0xd8,
  0x00,0x00,0x31,0x1a,0x00,0x00,0x31,0x5c,0x00,0x00,0x31,0x9f,0x00,0x00,0x31,0xe2,
  0x00,0x00,0x32,0x26,0x00,0x00,0x32,0x6b,0x00,0x00,0x32,0xb1,0x00,0x00,0x32,0xf7,
  0x00,0x00,0x33,0x3f,0x00,0x00,0x33,0x87,0x00,0x00,0x33,0xcf,0x00,0x00,0x34,0x19,
  0x00,0x00,0x34,0x63,0x00,0x00,0x34,0xaf,0x00,0x00,0x34,0xfb,0x00,0x00,0x35,0x48,
  0x00,0x00,0x35,0x95,0x00,0x00,0x35,0xe4,0x00,0x00,0x36,0x34,0x00,0x00,0x36,0x84,
  0x00,0x00,0x36,0xd6,0x00,0x00,0x37,0x28,0x00,0x00,0x37,0x7c,0x00,0x00,0x37,0xd0,
  0x00,0x00,0x38,0x26,0x00,0x00,0x38,0x7c,0x00,0x00,0x38,0xd4,0x00,0x00,0x39,0x2c,
  0x00,0x00,0x39,0x86,0x00,0x00,0x39,0xe1,0x00,0x00,0x3a,0x3d,0x00,0x00,0x3a,0x9a,
  0x00,0x00,0x3a,0xf8,0x00,0x00,0x3b,0x57,0x00,0x00,0x3b,0xb8,0x00,0x00,0x3c,0x1a,
  0x00,0x00,0x3c,0x7d,0x00,0x00,0x3c,0xe1,0x00,0x00,0x3d,0x47,0x00,0x00,0x3d,0xae,
  0x00,0x00,0x3e,0x16,0x00,0x00,0x3e,0x80,0x00,0x00,0x3e,0xeb,0x00,0x00,0x3f,0x58,
  0x00,0x00,0x3f,0xc6,0x00,0x00,0x40,0x36,0x00,0x00,0x40,0xa7,0x00,0x00,0x41,0x1a,
  0x00,0x00,0x41,0x8e,0x00,0x00,0x42,0x04,0x00,0x00,0x42,0x7c,0x00,0x00,0x42,0xf5,
  0x00,0x00,0x43,0x70,0x00,0x00,0x43,0xed,0x00,0x00,0x44,0x6c,0x00,0x00,0x44,0xed,
  0x00,0x00,0x45,0x6f,0x00,0x00,0x45,0xf3,0x00,0x00,0x46,0x7a,0x00,0x00,0x47,0x02,
  0x00,0x00,0x47,0x8d,0x00,0x00,0x48,0x1a,0x00,0x00,0x48,0xa8,0x00,0x00,0x49,0x39,
  0x00,0x00,0x49,0xcd,0x00,0x00,0x4a,0x62,0x00,0x00,0x4a,0xfa,0x00,0x00,0x4b,0x95,
  0x00,0x00,0x4c,0x32,0x00,0x00,0x4c,0xd2,0x00,0x00,0x4d,0x74,0x00,0x00,0x4e,0x19,
  0x00,0x00,0x4e,0xc0,0x00,0x00,0x4f,0x6b,0x00,0x00,0x50,0x18,0x00,0x00,0x50,0xc9,
  0x00,0x00,0x51,0x7c,0x00,0x00,0x52,0x33,0x00,0x00,0x52,0xed,0x00,0x00,0x53,0xaa,
  0x00,0x00,0x54,0x6a,0x00,0x00,0x55,0x2e,0x00,0x00,0x55,0xf6,0x00,0x00,0x56,0xc1,
  0x00,0x00,0x57,0x90,0x00,0x00,0x58,0x64,0x00,0x00,0x59,0x3b,0x00,0x00,0x5a,0x16,
  0x00,0x00,0x5a,0xf5,0x00,0x00,0x5b,0xd9,0x00,0x00,0x5c,0xc1,0x00,0x00,0x5d,0xae,
  0x00,0x00,0x5e,0xa0,0x00,0x00,0x5f,0x96,0x00,0x00,0x60,0x92,0x00,0x00,0x61,0x93,
  0x00,0x00,0x62,0x99,0x00,0x00,0x63,0xa5,0x00,0x00,0x64,0xb7,0x00,0x00,0x65,0xce,
  0x00,0x00,0x66,0xec,0x00,0x00,0x68,0x10,0x00,0x00,0x69,0x3a,0x00,0x00,0x6a,0x6c,
  0x00,0x00,0x6b,0xa4,0x00,0x00,0x6c,0xe4,0x00,0x00,0x6e,0x2b,0x00,0x00,0x6f,0x79,
  0x00,0x00,0x70,0xd0,0x00,0x00,0x72,0x30,0x00,0x00,0x73,0x97,0x00,0x00,0x75,0x08,
  0x00,0x00,0x76,0x82,0x00,0x00,0x78,0x06,0x00,0x00,0x79,0x94,0x00,0x00,0x7b,0x2c,
  0x00,0x00,0x7c,0xcf,0x00,0x00,0x7e,0x7e,0x00,0x00,0x80,0x38,0x00,0x00,0x81,0xfe,
  0x00,0x00,0x83,0xd2,0x00,0x00,0x85,0xb2,0x00,0x00,0x87,0xa1,0x00,0x00,0x89,0x9d,
  0x00,0x00,0x8b,0xa9,0x00,0x00,0x8d,0xc5,0x00,0x00,0x8f,0xf2,0x00,0x00,0x92,0x2f,
  0x00,0x00,0x94,0x7f,0x00,0x00,0x96,0xe2,0x00,0x00,0x99,0x59,0x00,0x00,0x9b,0xe4,
  0x00,0x00,0x9e,0x86,0x00,0x00,0xa1,0x3f,0x00,0x00,0xa4,0x10,0x00,0x00,0xa6,0xfb,
  0x00,0x00,0xaa,0x01,0x00,0x00,0xad,0x24,0x00,0x00,0xb0,0x64,0x00,0x00,0xb3,0xc5,
  0x00,0x00,0xb7,0x47,0x00,0x00,0xba,0xed,0x00,0x00,0xbe,0xb9,0x00,0x00,0xc2,0xad,
  0x00,0x00,0xc6,0xcd,0x00,0x00,0xcb,0x19,0x00,0x00,0xcf,0x97,0x00,0x00,0xd4,0x48,
  0x00,0x00,0xd9,0x31,0x00,0x00,0xde,0x56,0x00,0x00,0xe3,0xba,0x00,0x00,0xe9,0x63,
  0x00,0x00,0xef,0x56,0x00,0x00,0xf5,0x99,0x00,0x00,0xfc,0x31,0x00,0x01,0x03,0x27,
  0x00,0x01,0x0a,0x82,0x00,0x01,0x12,0x4b,0x00,0x01,0x1a,0x8c,0x00,0x01,0x23,0x50,
  0x00,0x01,0x2c,0xa4,0x00,0x01,0x36,0x96,0x00,0x01,0x41,0x35,0x00,0x01,0x4c,0x96,
  0x00,0x01,0x58,0xcc,0x00,0x01,0x65,0xf1,0x00,0x01,0x74,0x21,0x00,0x01,0x83,0x7c,
  0x00,0x01,0x94,0x29,0x00,0x01,0xa6,0x57,0x00,0x01,0xba,0x3b,0x00,0x01,0xd0,0x16,
  0x00,0x01,0xe8,0x38,0x00,0x02,0x02,0xfe,0x00,0x02,0x20,0xe1,0x00,0x02,0x42,0x71,
  0x00,0x02,0x68,0x6a,0x00,0x02,0x93,0xb9,0x00,0x02,0xc5,0x94,0x00,0x02,0xff,0x95,
  0x00,0x03,0x43,0xea,0x00,0x03,0x95,0x9a,0x80,0x03,0xf8,0xfb,
};

static const unsigned char TAIL_300[4588] = {
  0x80,0x00,0x3f,0x00,0x00,0x00,0x3f,0x00,0x00,0x00,0x3f,0x00,0x00,0x00,0x3f,0x00,
  0x00,0x00,0x3f,0x00,0x00,0x00,0x3f,0x00,0x00,0x00,0x3f,0x00,0x00,0x00,0x3f,0x00,
  0x00,0x00,0x3f,0x00,0x00,0x00,0x3f,0x00,0x00,0x00,0x3f,0x00,0x00,0x00,0x3f,0x00,
  0x00,0x00,0x3f,0x00,0x00,0x00,0x3f,0x00,0x00,0x00,0x3f,0x00,0x00,0x00,0x3f,0x00,
  0x00,0x00,0x3f,0x00,0x00,0x00,0x3f,0x00,0x00,0x00,0x3f,0x00,0x00,0x00,0x3f,0x00,
  0x00,0x00,0x3f,0x00,0x00,0x00,0x3f,0x00,0x00,0x00,0x3f,0x00,0x00,0x00,0x3f,0x00,
  0x00,0x00,0x3f,0x00,0x00,0x00,0x3f,0x00,0x00,0x00,0x3f,0x00,0x00,0x00,0x3f,0x00,
  0x00,0x00,0x3f,0x00,0x00,0x00,0x3f,0x00,0x00,0x00,0x3f,0x00,0x00,0x00,0x3f,0x00,
  0x00,0x00,0x3f,0x00,0x00,0x00,0x3f,0x00,0x00,0x00,0x3f,0x00,0x00,0x00,0x3f,0x00,
  0x00,0x00,0x3f,0x00,0x00,0x00,0x3f,0x00,0x00,0x00,0x3f,0x00,0x00,0x00,0x3f,0x00,
  0x00,0x00,0x3f,0x00,0x00,0x00,0x3f,0x00,0x00,0x00,0x3f,0x00,0x00,0x00,0x3f,0x00,
  0x00,0x00,0x3f,0x00,0x00,0x00,0x3f,0x00,0x00,0x00,0x3f,0x00,0x00,0x00,0x3f,0x00,
  0x00,0x00,0x3f,0x00,0x00,0x00,0x3f,0x00,0x00,0x00,0x3f,0x00,0x00,0x00,0x3f,0x00,
  0x00,0x00,0x3f,0x00,0x00,0x00,0x3f,0x00,0x00,0x00,0x3f,0x00,0x00,0x00,0x3f,0x00,
  0x00,0x00,0x3f,0x00,0x00,0x00,0x3f,0x00,0x00,0x00,0x3f,0x00,0x00,0x00,0x3f,0x00,
  0x00,0x00,0x3f,0x00,0x00,0x00,0x3f,0x00,0x00,0x00,0x3f,0x00,0x00,0x00,0x3f,0x00,
  0x00,0x00,0x3f,0x00,0x00,0x00,0x3f,0x00,0x00,0x00,0x3f,0x00,0x00,0x00,0x3f,0x00,
  0x00,0x00,0x3f,0x00,0x00,0x00,0x3f,0x00,0x00,0x00,0x3f,0x00,0x00,0x00,0x3f,0x00,
  0x00,0x00,0x3f,0x00,0x00,0x00,0x3f,0x00,0x00,0x00,0x3f,0x00,0x00,0x00,0x3f,0x00,
  0x00,0x00,0x3f,0x00,0x00,0x00,0x3f,0x00,0x00,0x00,0x3f,0x00,0x00,0x00,0x3f,0x00,
  0x00,0x00,0x3f,0x00,0x00,0x00,0x3f,0x00,0x00,0x00,0x3f,0x00,0x00,0x00,0x3f,0x00,
  0x00,0x00,0x3f,0x00,0x00,0x00,0x3f,0x00,0x00,0x00,0x3f,0x00,0x00,0x00,0x3f,0x00,
  0x00,0x00,0x3f,0x00,0x00,0x00,0x3f,0x00,0x00,0x00,0x3f,0x00,0x00,0x00,0x3f,0x00,
  0x00,0x00,0x3f,0x00,0x00,0x00,0x3f,0x00,0x00,0x00,0x3f,0x00,0x00,0x00,0x3f,0x00,
  0x00,0x00,0x3f,0x00,0x00,0x00,0x3f,0x00,0x00,0x00,0x3f,0x00,0x00,0x00,0x3f,0x00,
  0x00,0x00,0x3f,0x00,0x00,0x00,0x3f,0x00,0x00,0x00,0x3f,0x00,0x00,0x00,0x3f,0x00,
  0x00,0x00,0x3f,0x00,0x00,0x00,0x3f,0x00,0x00,0x00,0x3f,0x00,0x00,0x00,0x3f,0x00,
  0x00,0x00,0x3f,0x00,0x00,0x00,0x3f,0x00,0x00,0x00,0x3f,0x00,0x00,0x00,0x3f,0x00,
  0x00,0x00,0x3f,0x00,0x00,0x00,0x3f,0x00,0x00,0x00,0x3f,0x00,0x00,0x00,0x3f,0x00,
  0x00,0x00,0x3f,0x00,0x00,0x00,0x3f,0x00,0x00,0x00,0x3f,0x00,0x00,0x00,0x3f,0x00,
  0x00,0x00,0x3f,0x00,0x00,0x00,0x3f,0x00,0x00,0x00,0x3f,0x00,0x00,0x00,0x3f,0x00,
  0x00,0x00,0x3f,0x00,0x00,0x00,0x3f,0x00,0x00,0x00,0x3f,0x00,0x00,0x00,0x3f,0x00,
  0x00,0x00,0x3f,0x00,0x00,0x00,0x3f,0x00,0x00,0x00,0x3f,0x00,0x00,0x00,0x3f,0x00,
  0x00,0x00,0x3f,0x00,0x00,0x00,0x3f,0x00,0x00,0x00,0x3f,0x00,0x00,0x00,0x3f,0x00,
  0x00,0x00,0x3f,0x00,0x00,0x00,0x3f,0x00,0x00,0x00,0x3f,0x00,0x00,0x00,0x3f,0x00,
  0x00,0x00,0x3f,0x00,0x00,0x00,0x3f,0x00,0x00,0x00,0x3f,0x00,0x00,0x00,0x3f,0x00,
  0x00,0x00,0x3f,0x00,0x00,0x00,0x3f,0x00,0x00,0x00,0x3f,0x00,0x00,0x00,0x3f,0x00,
  0x00,0x00,0x3f,0x00,0x00,0x00,0x3f,0x00,0x00,0x00,0x3f,0x00,0x00,0x00,0x3f,0x00,
  0x00,0x00,0x3f,0x00,0x00,0x00,0x3f,0x00,0x00,0x00,0x3f,0x00,0x00,0x00,0x3f,0x00,
  0x00,0x00,0x3f,0x00,0x00,0x00,0x3f,0x00,0x00,0x00,0x3f,0x00,0x00,0x00,0x3f,0x00,
  0x00,0x00,0x3f,0x00,0x00,0x00,0x3f,0x00,0x00,0x00,0x3f,0x00,0x00,0x00,0x3f,0x00,
  0x00,0x00,0x3f,0x00,0x00,0x00,0x3f,0x00,0x00,0x00,0x3f,0x00,0x00,0x00,0x3f,0x00,
  0x00,0x00,0x3f,0x00,0x00,0x00,0x3f,0x00,0x00,0x00,0x3f,0x00,0x00,0x00,0x3f,0x00,
  0x00,0x00,0x3f,0x00,0x00,0x00,0x3f,0x00,0x00,0x00,0x3f,0x00,0x00,0x00,0x3f,0x00,
  0x00,0x00,0x3f,0x00,0x00,0x00,0x3f,0x00,0x00,0x00,0x3f,0x00,0x00,0x00,0x3f,0x00,
  0x00,0x00,0x3f,0x00,0x00,0x00,0x3f,0x00,0x00,0x00,0x3f,0x00,0x00,0x00,0x3f,0x00,
  0x00,0x00,0x3f,0x00,0x00,0x00,0x3f,0x00,0x00,0x00,0x3f,0x00,0x00,0x00,0x3f,0x00,
  0x00,0x00,0x3f,0x00,0x00,0x00,0x3f,0x00,0x00,0x00,0x3f,0x00,0x00,0x00,0x3f,0x00,
  0x00,0x00,0x3f,0x00,0x00,0x00,0x3f,0x00,0x00,0x00,0x3f,0x00,0x00,0x00,0x3f,0x00,
  0x00,0x00,0x3f,0x00,0x00,0x00,0x3f,0x00,0x00,0x00,0x3f,0x00,0x00,0x00,0x3f,0x00,
  0x00,0x00,0x3f,0x00,0x00,0x00,0x3f,0x00,0x00,0x00,0x3f,0x00,0x00,0x00,0x3f,0x00,
  0x00,0x00,0x3f,0x00,0x00,0x00,0x3f,0x00,0x00,0x00,0x3f,0x00,0x00,0x00,0x3f,0x00,
  0x00,0x00,0x3f,0x00,0x00,0x00,0x3f,0x00,0x00,0x00,0x3f,0x00,0x00,0x00,0x3f,0x00,
  0x00,0x00,0x3f,0x00,0x00,0x00,0x3f,0x00,0x00,0x00,0x3f,0x00,0x00,0x00,0x3f,0x00,
  0x00,0x00,0x3f,0x00,0x00,0x00,0x3f,0x00,0x00,0x00,0x3f,0x00,0x00,0x00,0x3f,0x00,
  0x00,0x00,0x3f,0x00,0x00,0x00,0x3f,0x00,0x00,0x00,0x3f,0x00,0x00,0x00,0x3f,0x00,
  0x00,0x00,0x3f,0x00,0x00,0x00,0x3f,0x00,0x00,0x00,0x3f,0x00,0x00,0x00,0x3f,0x00,
  0x00,0x00,0x3f,0x00,0x00,0x00,0x3f,0x00,0x00,0x00,0x3f,0x00,0x00,0x00,0x3f,0x00,
  0x00,0x00,0x3f,0x00,0x00,0x00,0x3f,0x00,0x00,0x00,0x3f,0x00,0x00,0x00,0x3f,0x00,
  0x00,0x00,0x3f,0x00,0x00,0x00,0x3f,0x00,0x00,0x00,0x3f,0x00,0x00,0x00,0x3f,0x00,
  0x00,0x00,0x3f,0x00,0x00,0x00,0x3f,0x00,0x00,0x00,0x3f,0x00,0x00,0x00,0x3f,0x00,
  0x00,0x00,0x3f,0x00,0x00,0x00,0x3f,0x00,0x00,0x00,0x3f,0x00,0x00,0x00,0x3f,0x00,
  0x00,0x00,0x3f,0x00,0x00,0x00,0x3f,0x00,0x00,0x00,0x3f,0x00,0x00,0x00,0x3f,0x00,
  0x00,0x00,0x3f,0x00,0x00,0x00,0x3f,0x00,0x00,0x00,0x3f,0x00,0x00,0x00,0x3f,0x00,
  0x00,0x00,0x3f,0x00,0x00,0x00,0x3f,0x00,0x00,0x00,0x3f,0x00,0x00,0x00,0x3f,0x00,
  0x00,0x00,0x3f,0x00,0x00,0x00,0x3f,0x00,0x00,0x00,0x3f,0x00,0x00,0x00,0x3f,0x00,
  0x00,0x00,0x3f,0x00,0x00,0x00,0x3f,0x00,0x00,0x00,0x3f,0x00,0x00,0x00,0x3f,0x00,
  0x00,0x00,0x3f,0x00,0x00,0x00,0x3f,0x00,0x00,0x00,0x3f,0x00,0x00,0x00,0x3f,0x00,
  0x00,0x00,0x3f,0x00,0x00,0x00,0x3f,0x00,0x00,0x00,0x3f,0x00,0x00,0x00,0x3f,0x00,
  0x00,0x00,0x3f,0x00,0x00,0x00,0x3f,0x00,0x00,0x00,0x3f,0x00,0x00,0x00,0x3f,0x00,
  0x00,0x00,0x3f,0x00,0x00,0x00,0x3f,0x00,0x00,0x00,0x3f,0x00,0x00,0x00,0x3f,0x00,
  0x00,0x00,0x3f,0x00,0x00,0x00,0x3f,0x00,0x00,0x00,0x3f,0x00,0x00,0x00,0x3f,0x00,
  0x00,0x00,0x3f,0x00,0x00,0x00,0x3f,0x00,0x00,0x00,0x3f,0x00,0x00,0x00,0x3f,0x00,
  0x00,0x00,0x3f,0x00,0x00,0x00,0x3f,0x00,0x00,0x00,0x3f,0x00,0x00,0x00,0x3f,0x00,
  0x00,0x00,0x3f,0x00,0x00,0x00,0x3f,0x00,0x00,0x00,0x3f,0x00,0x00,0x00,0x3f,0x00,
  0x00,0x00,0x3f,0x00,0x00,0x00,0x3f,0x00,0x00,0x00,0x3f,0x00,0x00,0x00,0x3f,0x00,
  0x00,0x00,0x3f,0x00,0x00,0x00,0x3f,0x00,0x00,0x00,0x3f,0x00,0x00,0x00,0x3f,0x00,
  0x00,0x00,0x3f,0x00,0x00,0x00,0x3f,0x00,0x00,0x00,0x3f,0x00,0x00,0x00,0x3f,0x00,
  0x00,0x00,0x3f,0x00,0x00,0x00,0x3f,0x00,0x00,0x00,0x3f,0x00,0x00,0x00,0x3f,0x00,
  0x00,0x00,0x3f,0x00,0x00,0x00,0x3f,0x00,0x00,0x00,0x3f,0x00,0x00,0x00,0x3f,0x00,
  0x00,0x00,0x3f,0x00,0x00,0x00,0x3f,0x00,0x00,0x00,0x3f,0x00,0x00,0x00,0x3f,0x00,
  0x00,0x00,0x3f,0x00,0x00,0x00,0x3f,0x00,0x00,0x00,0x3f,0x00,0x00,0x00,0x3f,0x00,
  0x00,0x00,0x3f,0x00,0x00,0x00,0x3f,0x00,0x00,0x00,0x3f,0x00,0x00,0x00,0x3f,0x00,
  0x00,0x00,0x3f,0x00,0x00,0x00,0x3f,0x00,0x00,0x00,0x3f,0x00,0x00,0x00,0x3f,0x00,
  0x00,0x00,0x3f,0x00,0x00,0x00,0x3f,0x00,0x00,0x00,0x3f,0x00,0x00,0x00,0x3f,0x00,
  0x00,0x00,0x3f,0x00,0x00,0x00,0x3f,0x00,0x00,0x00,0x3f,0x00,0x00,0x00,0x3f,0x00,
  0x00,0x00,0x3f,0x00,0x00,0x00,0x3f,0x00,0x00,0x00,0x3f,0x00,0x00,0x00,0x3f,0x00,
  0x00,0x00,0x3f,0x00,0x00,0x00,0x3f,0x00,0x00,0x00,0x3f,0x00,0x00,0x00,0x3f,0x00,
  0x00,0x00,0x3f,0x00,0x00,0x00,0x3f,0x00,0x00,0x00,0x3f,0x00,0x00,0x00,0x3f,0x00,
  0x00,0x00,0x3f,0x00,0x00,0x00,0x3f,0x00,0x00,0x00,0x3f,0x00,0x00,0x00,0x3f,0x00,
  0x00,0x00,0x3f,0x00,0x00,0x00,0x3f,0x00,0x00,0x00,0x3f,0x00,0x00,0x00,0x3f,0x00,
  0x00,0x00,0x3f,0x00,0x00,0x00,0x3f,0x00,0x00,0x00,0x3f,0x00,0x00,0x00,0x3f,0x00,
  0x00,0x00,0x3f,0x00,0x00,0x00,0x3f,0x00,0x00,0x00,0x3f,0x00,0x00,0x00,0x3f,0x00,
  0x00,0x00,0x3f,0x00,0x00,0x00,0x3f,0x00,0x00,0x00,0x3f,0x00,0x00,0x00,0x3f,0x00,
  0x00,0x00,0x3f,0x00,0x00,0x00,0x3f,0x00,0x00,0x00,0x3f,0x00,0x00,0x00,0x3f,0x00,
  0x00,0x00,0x3f,0x00,0x00,0x00,0x3f,0x00,0x00,0x00,0x3f,0x00,0x00,0x00,0x3f,0x00,
  0x00,0x00,0x3f,0x00,0x00,0x00,0x3f,0x00,0x00,0x00,0x3f,0x00,0x00,0x00,0x3f,0x00,
  0x00,0x00,0x3f,0x00,0x00,0x00,0x3f,0x00,0x00,0x00,0x3f,0x00,0x00,0x00,0x3f,0x00,
  0x00,0x00,0x3f,0x00,0x00,0x00,0x3f,0x00,0x00,0x00,0x3f,0x00,0x00,0x00,0x3f,0x00,
  0x00,0x00,0x3f,0x00,0x00,0x00,0x3f,0x00,0x00,0x00,0x3f,0x00,0x00,0x00,0x3f,0x00,
  0x00,0x00,0x3f,0x00,0x00,0x00,0x3f,0x00,0x00,0x00,0x3f,0x00,0x00,0x00,0x3f,0x00,
  0x00,0x00,0x3f,0x00,0x00,0x00,0x3f,0x00,0x00,0x00,0x3f,0x00,0x00,0x00,0x3f,0x00,
  0x00,0x00,0x3f,0x00,0x00,0x00,0x3f,0x00,0x00,0x00,0x3f,0x00,0x00,0x00,0x3f,0x00,
  0x00,0x00,0x3f,0x00,0x00,0x00,0x3f,0x00,0x00,0x00,0x3f,0x00,0x00,0x00,0x3f,0x00,
  0x00,0x00,0x3f,0x00,0x00,0x00,0x3f,0x00,0x00,0x00,0x3f,0x00,0x00,0x00,0x3f,0x00,
  0x00,0x00,0x3f,0x00,0x00,0x00,0x3f,0x00,0x00,0x00,0x3f,0x00,0x00,0x00,0x3f,0x00,
  0x00,0x00,0x3f,0x00,0x00,0x00,0x3f,0x00,0x00,0x00,0x3f,0x00,0x00,0x00,0x3f,0x00,
  0x00,0x00,0x3f,0x00,0x00,0x00,0x3f,0x00,0x00,0x00,0x3f,0x00,0x00,0x00,0x3f,0x00,
  0x00,0x00,0x3f,0x00,0x00,0x00,0x3f,0x00,0x00,0x00,0x3f,0x00,0x00,0x00,0x3f,0x00,
  0x00,0x00,0x3f,0x00,0x00,0x00,0x3f,0x00,0x00,0x00,0x3f,0x00,0x00,0x00,0x3f,0x00,
  0x00,0x00,0x3f,0x00,0x00,0x00,0x3f,0x00,0x00,0x00,0x3f,0x00,0x00,0x00,0x3f,0x00,
  0x00,0x00,0x3f,0x00,0x00,0x00,0x3f,0x00,0x00,0x00,0x3f,0x00,0x00,0x00,0x3f,0x00,
  0x00,0x00,0x3f,0x00,0x00,0x00,0x3f,0x00,0x00,0x00,0x3f,0x00,0x00,0x00,0x3f,0x00,
  0x00,0x00,0x3f,0x00,0x00,0x00,0x3f,0x00,0x00,0x00,0x3f,0x00,0x00,0x00,0x3f,0x00,
  0x00,0x00,0x3f,0x00,0x00,0x00,0x3f,0x00,0x00,0x00,0x3f,0x00,0x00,0x00,0x3f,0x00,
  0x00,0x00,0x3f,0x00,0x00,0x00,0x3f,0x00,0x00,0x00,0x3f,0x00,0x00,0x00,0x3f,0x00,
  0x00,0x00,0x3f,0x00,0x00,0x00,0x3f,0x00,0x00,0x00,0x3f,0x00,0x00,0x00,0x3f,0x00,
  0x00,0x00,0x3f,0x00,0x00,0x00,0x3f,0x00,0x00,0x00,0x3f,0x00,0x00,0x00,0x3f,0x00,
  0x00,0x00,0x3f,0x00,0x00,0x00,0x3f,0x00,0x00,0x00,0x3f,0x00,0x00,0x00,0x3f,0x00,
  0x00,0x00,0x3f,0x00,0x00,0x00,0x3f,0x00,0x00,0x00,0x3f,0x00,0x00,0x00,0x3f,0x00,
  0x00,0x00,0x3f,0x00,0x00,0x00,0x3f,0x00,0x00,0x00,0x3f,0x00,0x00,0x00,0x3f,0x00,
  0x00,0x00,0x3f,0x00,0x00,0x00,0x3f,0x00,0x00,0x00,0x3f,0x00,0x00,0x00,0x3f,0x00,
  0x00,0x00,0x3f,0x00,0x00,0x00,0x3f,0x00,0x00,0x00,0x3f,0x00,0x00,0x00,0x3f,0x00,
  0x00,0x00,0x3f,0x00,0x00,0x00,0x3f,0x00,0x00,0x00,0x3f,0x00,0x00,0x00,0x3f,0x00,
  0x00,0x00,0x3f,0x00,0x00,0x00,0x3f,0x00,0x00,0x00,0x3f,0x00,0x00,0x00,0x3f,0x00,
  0x00,0x00,0x3f,0x00,0x00,0x00,0x3f,0x00,0x00,0x00,0x3f,0x00,0x00,0x00,0x3f,0x00,
  0x00,0x00,0x3f,0x00,0x00,0x00,0x3f,0x00,0x00,0x00,0x3f,0x00,0x00,0x00,0x3f,0x00,
  0x00,0x00,0x3f,0x00,0x00,0x00,0x3f,0x00,0x00,0x00,0x3f,0x00,0x00,0x00,0x3f,0x00,
  0x00,0x00,0x3f,0x00,0x00,0x00,0x3f,0x00,0x00,0x00,0x3f,0x00,0x00,0x00,0x3f,0x00,
  0x00,0x00,0x3f,0x00,0x00,0x00,0x3f,0x00,0x00,0x00,0x3f,0x00,0x00,0x00,0x3f,0x00,
  0x00,0x00,0x3f,0x00,0x00,0x00,0x3f,0x00,0x00,0x00,0x3f,0x00,0x00,0x00,0x3f,0x00,
  0x00,0x00,0x3f,0x00,0x00,0x00,0x3f,0x00,0x00,0x00,0x3f,0x00,0x00,0x00,0x3f,0x00,
  0x00,0x00,0x3f,0x00,0x00,0x00,0x3f,0x00,0x00,0x00,0x3f,0x00,0x00,0x00,0x3f,0x00,
  0x00,0x00,0x3f,0x00,0x00,0x00,0x3f,0x00,0x00,0x00,0x3f,0x00,0x00,0x00,0x3f,0x00,
  0x00,0x00,0x3f,0x00,0x00,0x00,0x3f,0x00,0x00,0x00,0x3f,0x00,0x00,0x00,0x3f,0x00,
  0x00,0x00,0x3f,0x00,0x00,0x00,0x3f,0x00,0x00,0x00,0x3f,0x00,0x00,0x00,0x3f,0x00,
  0x00,0x00,0x3f,0x00,0x00,0x00,0x3f,0x00,0x00,0x00,0x3f,0x00,0x00,0x00,0x3f,0x00,
  0x00,0x00,0x3f,0x00,0x00,0x00,0x3f,0x00,0x00,0x00,0x3f,0x00,0x00,0x00,0x3f,0x00,
  0x00,0x00,0x3f,0x00,0x00,0x00,0x3f,0x00,0x00,0x00,0x3f,0x00,0x00,0x00,0x3f,0x00,
  0x00,0x00,0x3f,0x00,0x00,0x00,0x3f,0x00,0x00,0x00,0x3f,0x00,0x00,0x00,0x3f,0x00,
  0x00,0x00,0x3f,0x00,0x00,0x00,0x3f,0x00,0x00,0x00,0x3f,0x00,0x00,0x00,0x3f,0x00,
  0x00,0x00,0x3f,0x00,0x00,0x00,0x3f,0x00,0x00,0x00,0x3f,0x00,0x00,0x00,0x3f,0x00,
  0x00,0x00,0x3f,0x00,0x00,0x00,0x3f,0x00,0x00,0x00,0x3f,0x00,0x00,0x00,0x3f,0x00,
  0x00,0x00,0x3f,0x00,0x00,0x00,0x3f,0x00,0x00,0x00,0x3f,0x00,0x00,0x00,0x3f,0x00,
  0x00,0x00,0x3f,0x00,0x00,0x00,0x3f,0x00,0x00,0x00,0x3f,0x00,0x00,0x00,0x3f,0x00,
  0x00,0x00,0x3f,0x00,0x00,0x00,0x3f,0x00,0x00,0x00,0x3f,0x00,0x00,0x00,0x3f,0x00,
  0x00,0x00,0x3f,0x00,0x00,0x00,0x3f,0x00,0x00,0x00,0x3f,0x00,0x00,0x00,0x3f,0x00,
  0x00,0x00,0x3f,0x00,0x00,0x00,0x3f,0x00,0x00,0x00,0x3f,0x00,0x00,0x00,0x3f,0x00,
  0x00,0x00,0x3f,0x00,0x00,0x00,0x3f,0x00,0x00,0x00,0x3f,0x00,0x00,0x00,0x3f,0x00,
  0x00,0x00,0x3f,0x00,0x00,0x00,0x3f,0x00,0x00,0x00,0x3f,0x00,0x00,0x00,0x3f,0x00,
  0x00,0x00,0x3f,0x00,0x00,0x00,0x3f,0x00,0x00,0x00,0x3f,0x00,0x00,0x00,0x3f,0x00,
  0x00,0x00,0x3f,0x00,0x00,0x00,0x3f,0x00,0x00,0x00,0x3f,0x00,0x00,0x00,0x3f,0x00,
  0x00,0x00,0x3f,0x00,0x00,0x00,0x3f,0x00,0x00,0x00,0x3f,0x00,0x00,0x00,0x3f,0x00,
  0x00,0x00,0x3f,0x00,0x00,0x00,0x3f,0x00,0x00,0x00,0x3f,0x00,0x00,0x00,0x3f,0x00,
  0x00,0x00,0x3f,0x00,0x00,0x00,0x3f,0x00,0x00,0x00,0x3f,0x00,0x00,0x00,0x3f,0x00,
  0x00,0x00,0x3f,0x00,0x00,0x00,0x3f,0x00,0x00,0x00,0x3f,0x00,0x00,0x00,0x3f,0x00,
  0x00,0x00,0x3f,0x00,0x00,0x00,0x3f,0x00,0x00,0x00,0x3f,0x00,0x00,0x00,0x3f,0x00,
  0x00,0x00,0x3f,0x00,0x00,0x00,0x3f,0x00,0x00,0x00,0x3f,0x00,0x00,0x00,0x3f,0x00,
  0x00,0x00,0x3f,0x00,0x00,0x00,0x3f,0x00,0x00,0x00,0x3f,0x00,0x00,0x00,0x3f,0x00,
  0x00,0x00,0x3f,0x00,0x00,0x00,0x3f,0x00,0x00,0x00,0x3f,0x00,0x00,0x00,0x3f,0x00,
  0x00,0x00,0x3f,0x00,0x00,0x00,0x3f,0x00,0x00,0x00,0x3f,0x00,0x00,0x00,0x3f,0x00,
  0x00,0x00,0x3f,0x00,0x00,0x00,0x3f,0x00,0x00,0x00,0x3f,0x00,0x00,0x00,0x3f,0x00,
  0x00,0x00,0x3f,0x00,0x00,0x00,0x3f,0x00,0x00,0x00,0x3f,0x00,0x00,0x00,0x3f,0x00,
  0x00,0x00,0x3f,0x00,0x00,0x00,0x3f,0x00,0x00,0x00,0x3f,0x00,0x00,0x00,0x3f,0x00,
  0x00,0x00,0x3f,0x00,0x00,0x00,0x3f,0x00,0x00,0x00,0x3f,0x00,0x00,0x00,0x3f,0x00,
  0x00,0x00,0x3f,0x00,0x00,0x00,0x3f,0x00,0x00,0x00,0x3f,0x00,0x00,0x00,0x3f,0x00,
  0x00,0x00,0x3f,0x00,0x00,0x00,0x3f,0x00,0x00,0x00,0x3f,0x00,0x00,0x00,0x3f,0x00,
  0x00,0x00,0x3f,0x00,0x00,0x00,0x3f,0x00,0x00,0x00,0x3f,0x00,0x00,0x00,0x3f,0x00,
  0x00,0x00,0x3f,0x00,0x00,0x00,0x3f,0x00,0x00,0x00,0x3f,0x00,0x00,0x00,0x3f,0x00,
  0x00,0x00,0x3f,0x00,0x00,0x00,0x3f,0x00,0x00,0x00,0x3f,0x00,0x00,0x00,0x3f,0x00,
  0x00,0x00,0x3f,0x00,0x00,0x00,0x3f,0x00,0x00,0x00,0x3f,0x00,0x00,0x00,0x3f,0x00,
  0x00,0x00,0x3f,0x00,0x00,0x00,0x3f,0x00,0x00,0x00,0x3f,0x00,0x00,0x00,0x3f,0x00,
  0x00,0x00,0x3f,0x00,0x00,0x00,0x3f,0x00,0x00,0x00,0x3f,0x00,0x00,0x00,0x3f,0x00,
  0x00,0x00,0x3f,0x00,0x00,0x00,0x3f,0x00,0x00,0x00,0x3f,0x00,0x00,0x00,0x3f,0x00,
  0x00,0x00,0x3f,0x00,0x00,0x00,0x3f,0x00,0x00,0x00,0x3f,0x00,0x00,0x00,0x3f,0x00,
  0x00,0x00,0x3f,0x00,0x00,0x00,0x3f,0x00,0x00,0x00,0x3f,0x00,0x00,0x00,0x3f,0x00,
  0x00,0x00,0x3f,0x00,0x00,0x00,0x3f,0x00,0x00,0x00,0x3f,0x00,0x00,0x00,0x3f,0x00,
  0x00,0x00,0x3f,0x00,0x00,0x00,0x3f,0x00,0x00,0x00,0x3f,0x00,0x00,0x00,0x3f,0x00,
  0x00,0x00,0x3f,0x00,0x00,0x00,0x3f,0x00,0x00,0x00,0x3f,0x00,0x00,0x00,0x3f,0x00,
  0x00,0x00,0x3f,0x00,0x00,0x00,0x3f,0x00,0x00,0x00,0x3f,0x00,0x00,0x00,0x3f,0x00,
  0x00,0x00,0x3f,0x00,0x00,0x00,0x3f,0x00,0x00,0x00,0x3f,0x00,0x00,0x00,0x3f,0x00,
  0x00,0x00,0x3f,0x00,0x00,0x00,0x3f,0x00,0x00,0x00,0x3f,0x00,0x00,0x00,0x3f,0x00,
  0x00,0x00,0x3f,0x00,0x00,0x00,0x3f,0x00,0x00,0x00,0x3f,0x00,0x00,0x00,0x3f,0x00,
  0x00,0x00,0x3f,0x00,0x00,0x00,0x3f,0x00,0x00,0x00,0x3f,0x00,0x00,0x00,0x3f,0x00,
  0x00,0x00,0x3f,0x00,0x00,0x00,0x3f,0x00,0x00,0x00,0x3f,0x00,0x00,0x00,0x3f,0x00,
  0x00,0x00,0x3f,0x00,0x00,0x00,0x3f,0x00,0x00,0x00,0x3f,0x00,0x00,0x00,0x3f,0x00,
  0x00,0x00,0x3f,0x00,0x00,0x00,0x3f,0x00,0x00,0x00,0x3f,0x00,0x00,0x00,0x3f,0x00,
  0x00,0x00,0x3f,0x00,0x00,0x00,0x3f,0x00,0x00,0x00,0x3f,0x00,0x00,0x00,0x3f,0x00,
  0x00,0x00,0x3f,0x00,0x00,0x00,0x3f,0x00,0x00,0x00,0x3f,0x00,0x00,0x00,0x3f,0x00,
  0x00,0x00,0x3f,0x00,0x00,0x00,0x3f,0x00,0x00,0x00,0x3f,0x00,0x00,0x00,0x3f,0x00,
  0x00,0x00,0x3f,0x00,0x00,0x00,0x3f,0x00,0x00,0x00,0x3f,0x00,0x00,0x00,0x3f,0x00,
  0x00,0x00,0x3f,0x00,0x00,0x00,0x3f,0x00,0x00,0x00,0x3f,0x00,0x00,0x00,0x3f,0x00,
  0x00,0x00,0x3f,0x00,0x00,0x00,0x3f,0x00,0x00,0x00,0x3f,0x00,0x00,0x00,0x3f,0x00,
  0x00,0x00,0x3f,0x00,0x00,0x00,0x3f,0x00,0x00,0x00,0x3f,0x00,0x00,0x00,0x3f,0x00,
  0x00,0x00,0x3f,0x00,0x00,0x00,0x3f,0x00,0x00,0x00,0x3f,0x00,0x00,0x00,0x3f,0x00,
  0x00,0x00,0x3f,0x00,0x00,0x00,0x3f,0x00,0x00,0x00,0x3f,0x00,0x00,0x00,0x3f,0x00,
  0x00,0x00,0x3f,0x00,0x00,0x00,0x3f,0x00,0x00,0x00,0x3f,0x00,0x00,0x00,0x3f,0x00,
  0x00,0x00,0x3f,0x00,0x00,0x00,0x3f,0x00,0x00,0x00,0x3f,0x00,0x00,0x00,0x3f,0x00,
  0x00,0x00,0x3f,0x00,0x00,0x00,0x3f,0x00,0x00,0x00,0x3f,0x00,0x00,0x00,0x3f,0x00,
  0x00,0x00,0x3f,0x00,0x00,0x00,0x3f,0x00,0x00,0x00,0x3f,0x00,0x00,0x00,0x3f,0x00,
  0x00,0x00,0x3f,0x00,0x00,0x00,0x3f,0x00,0x00,0x00,0x3f,0x00,0x00,0x00,0x3f,0x00,
  0x00,0x00,0x3f,0x00,0x00,0x00,0x3f,0x00,0x00,0x00,0x3f,0x00,0x00,0x00,0x3f,0x00,
  0x00,0x00,0x3f,0x00,0x00,0x00,0x3f,0x00,0x00,0x00,0x3f,0x00,0x00,0x00,0x3f,0x00,
  0x00,0x00,0x3f,0x00,0x00,0x00,0x3f,0x00,0x00,0x00,0x3f,0x00,0x00,0x00,0x3f,0x00,
  0x00,0x00,0x3f,0x00,0x00,0x00,0x3f,0x00,0x00,0x00,0x3f,0x00,0x00,0x00,0x3f,0x00,
  0x00,0x00,0x3f,0x00,0x00,0x00,0x3f,0x00,0x00,0x00,0x3f,0x00,0x00,0x00,0x3f,0x00,
  0x00,0x00,0x3f,0x00,0x00,0x00,0x3f,0x00,0x00,0x00,0x3f,0x00,0x00,0x00,0x3f,0x00,
  0x00,0x00,0x3f,0x00,0x00,0x00,0x3f,0x00,0x00,0x00,0x3f,0x00,0x00,0x00,0x3f,0x00,
  0x00,0x00,0x3f,0x00,0x00,0x00,0x3f,0x00,0x00,0x00,0x3f,0x00,0x00,0x00,0x3f,0x00,
  0x00,0x00,0x3f,0x00,0x00,0x00,0x3f,0x00,0x00,0x00,0x3f,0x00,0x00,0x00,0x3f,0x00,
  0x00,0x00,0x3f,0x00,0x00,0x00,0x3f,0x00,0x00,0x00,0x3f,0x00,0x00,0x00,0x3f,0x00,
  0x00,0x00,0x3f,0x00,0x00,0x00,0x3f,0x00,0x00,0x00,0x3f,0x00,0x00,0x00,0x3f,0x00,
  0x00,0x00,0x3f,0x00,0x00,0x00,0x3f,0x00,0x00,0x00,0x3f,0x00,0x00,0x00,0x3f,0x00,
  0x00,0x00,0x3f,0x00,0x00,0x00,0x3f,0x00,0x00,0x00,0x3f,0x00,0x00,0x00,0x3f,0x00,
  0x00,0x00,0x3f,0x00,0x00,0x00,0x3f,0x00,0x00,0x00,0x3f,0x00,0x00,0x00,0x3f,0x00,
  0x00,0x00,0x3f,0x00,0x00,0x00,0x3f,0x00,0x00,0x00,0x3f,0x00,0x00,0x00,0x3f,0x00,
  0x00,0x00,0x3f,0x00,0x00,0x00,0x3f,0x00,0x00,0x00,0x3f,0x00,0x00,0x00,0x3f,0x00,
  0x00,0x00,0x3f,0x00,0x00,0x00,0x3f,0x00,0x00,0x00,0x3f,0x00,0x00,0x00,0x3f,0x00,
  0x00,0x00,0x3f,0x00,0x00,0x00,0x3f,0x00,0x00,0x00,0x3f,0x00,0x00,0x00,0x3f,0x00,
  0x00,0x00,0x3f,0x00,0x00,0x00,0x3f,0x00,0x00,0x00,0x3f,0x00,0x00,0x00,0x3f,0x00,
  0x00,0x00,0x3f,0x00,0x00,0x00,0x3f,0x00,0x00,0x00,0x3f,0x00,0x00,0x00,0x3f,0x00,
  0x00,0x00,0x3f,0x00,0x00,0x00,0x3f,0x00,0x00,0x00,0x3f,0x00,0x00,0x00,0x3f,0x00,
  0x00,0x00,0x3f,0x00,0x00,0x00,0x3f,0x00,0x00,0x00,0x3f,0x00,0x00,0x00,0x3f,0x00,
  0x00,0x00,0x3f,0x00,0x00,0x00,0x3f,0x00,0x00,0x00,0x3f,0x00,0x00,0x00,0x3f,0x00,
  0x00,0x00,0x3f,0x00,0x00,0x00,0x3f,0x00,0x00,0x00,0x3f,0x00,0x00,0x00,0x3f,0x00,
  0x00,0x00,0x3f,0x00,0x00,0x00,0x3f,0x00,0x00,0x00,0x3f,0x00,0x00,0x00,0x3f,0x00,
  0x00,0x00,0x3f,0x00,0x00,0x00,0x3f,0x00,0x00,0x00,0x3f,0x00,0x00,0x00,0x3f,0x00,
  0x00,0x00,0x3f,0x00,0x00,0x00,0x3f,0x00,0x00,0x00,0x3f,0x00,0x00,0x00,0x3f,0x00,
  0x00,0x00,0x3f,0x00,0x00,0x00,0x3f,0x00,0x00,0x00,0x3f,0x00,0x00,0x00,0x3f,0x00,
  0x00,0x00,0x3f,0x00,0x00,0x00,0x3f,0x00,0x00,0x00,0x3f,0x00,0x00,0x00,0x3f,0x00,
  0x00,0x00,0x3f,0x00,0x00,0x00,0x3f,0x00,0x00,0x00,0x3f,0x00,0x00,0x00,0x3f,0x00,
  0x00,0x00,0x3f,0x00,0x00,0x00,0x3f,0x00,0x00,0x00,0x3f,0x00,0x00,0x00,0x3f,0x00,
  0x00,0x00,0x3f,0x00,0x00,0x00,0x3f,0x00,0x00,0x00,0x3f,0x00,0x00,0x00,0x3f,0x00,
  0x00,0x00,0x3f,0x00,0x00,0x00,0x3f,0x00,0x00,0x00,0x3f,0x00,0x00,0x00,0x3f,0x00,
  0x00,0x00,0x3f,0x00,0x00,0x00,0x3f,0x00,0x00,0x00,0x3f,0x00,0x00,0x00,0x3f,0x00,
  0x00,0x00,0x3f,0x00,0x00,0x00,0x3f,0x00,0x00,0x00,0x3f,0x00,0x00,0x00,0x3f,0x00,
  0x00,0x00,0x3f,0x00,0x00,0x00,0x3f,0x00,0x00,0x00,0x3f,0x00,0x00,0x00,0x3f,0x00,
  0x00,0x00,0x3f,0x00,0x00,0x00,0x3f,0x00,0x00,0x00,0x3f,0x00,0x00,0x00,0x3f,0x00,
  0x00,0x00,0x3f,0x00,0x00,0x00,0x3f,0x00,0x00,0x00,0x3f,0x00,0x00,0x00,0x3f,0x00,
  0x00,0x00,0x3f,0x00,0x00,0x00,0x3f,0x00,0x00,0x00,0x3f,0x00,0x00,0x00,0x3f,0x00,
  0x00,0x00,0x3f,0x00,0x00,0x00,0x3f,0x00,0x00,0x00,0x3f,0x00,0x00,0x00,0x3f,0x00,
  0x00,0x00,0x3f,0x00,0x00,0x00,0x3f,0x00,0x00,0x00,0x3f,0x00,0x00,0x00,0x3f,0x00,
  0x00,0x00,0x3f,0x00,0x00,0x00,0x3f,0x00,0x00,0x00,0x3f,0x00,0x00,0x00,0x3f,0x00,
  0x00,0x00,0x3f,0x00,0x00,0x00,0x3f,0x00,0x00,0x00,0x3f,0x00,0x00,0x00,0x3f,0x00,
  0x00,0x00,0x3f,0x00,0x00,0x00,0x3f,0x00,0x00,0x00,0x3f,0x00,0x00,0x00,0x3f,0x00,
  0x00,0x00,0x3f,0x00,0x00,0x00,0x3f,0x00,0x00,0x00,0x3f,0x00,0x00,0x00,0x3f,0x00,
  0x00,0x00,0x3f,0x00,0x00,0x00,0x3f,0x00,0x00,0x00,0x3f,0x00,0x00,0x00,0x3f,0x00,
  0x00,0x00,0x3f,0x00,0x00,0x00,0x3f,0x00,0x00,0x00,0x3f,0x00,0x00,0x00,0x3f,0x00,
  0x00,0x00,0x3f,0x00,0x00,0x00,0x3f,0x00,0x00,0x00,0x3f,0x00,0x00,0x00,0x3f,0x00,
  0x00,0x00,0x3f,0x00,0x00,0x00,0x3f,0x00,0x00,0x00,0x3f,0x00,0x00,0x00,0x3f,0x00,
  0x00,0x00,0x3f,0x00,0x00,0x00,0x3f,0x00,0x00,0x00,0x3f,0x00,0x00,0x00,0x3f,0x00,
  0x00,0x00,0x3f,0x00,0x00,0x00,0x3f,0x00,0x00,0x00,0x3f,0x00,0x00,0x00,0x3f,0x58,
  0x00,0x00,0x3f,0xc6,0x00,0x00,0x40,0x36,0x00,0x00,0x40,0xa7,0x00,0x00,0x41,0x1a,
  0x00,0x00,0x41,0x8e,0x00,0x00,0x42,0x04,0x00,0x00,0x42,0x7c,0x00,0x00,0x42,0xf5,
  0x00,0x00,0x43,0x70,0x00,0x00,0x43,0xed,0x00,0x00,0x44,0x6c,0x00,0x00,0x44,0xed,
  0x00,0x00,0x45,0x6f,0x00,0x00,0x45,0xf3,0x00,0x00,0x46,0x7a,0x00,0x00,0x47,0x02,
  0x00,0x00,0x47,0x8d,0x00,0x00,0x48,0x1a,0x00,0x00,0x48,0xa8,0x00,0x00,0x49,0x39,
  0x00,0x00,0x49,0xcd,0x00,0x00,0x4a,0x62,0x00,0x00,0x4a,0xfa,0x00,0x00,0x4b,0x95,
  0x00,0x00,0x4c,0x32,0x00,0x00,0x4c,0xd2,0x00,0x00,0x4d,0x74,0x00,0x00,0x4e,0x19,
  0x00,0x00,0x4e,0xc0,0x00,0x00,0x4f,0x6b,0x00,0x00,0x50,0x18,0x00,0x00,0x50,0xc9,
  0x00,0x00,0x51,0x7c,0x00,0x00,0x52,0x33,0x00,0x00,0x52,0xed,0x00,0x00,0x53,0xaa,
  0x00,0x00,0x54,0x6a,0x00,0x00,0x55,0x2e,0x00,0x00,0x55,0xf6,0x00,0x00,0x56,0xc1,
  0x00,0x00,0x57,0x90,0x00,0x00,0x58,0x64,0x00,0x00,0x59,0x3b,0x00,0x00,0x5a,0x16,
  0x00,0x00,0x5a,0xf5,0x00,0x00,0x5b,0xd9,0x00,0x00,0x5c,0xc1,0x00,0x00,0x5d,0xae,
  0x00,0x00,0x5e,0xa0,0x00,0x00,0x5f,0x96,0x00,0x00,0x60,0x92,0x00,0x00,0x61,0x93,
  0x00,0x00,0x62,0x99,0x00,0x00,0x63,0xa5,0x00,0x00,0x64,0xb7,0x00,0x00,0x65,0xce,
  0x00,0x00,0x66,0xec,0x00,0x00,0x68,0x10,0x00,0x00,0x69,0x3a,0x00,0x00,0x6a,0x6c,
  0x00,0x00,0x6b,0xa4,0x00,0x00,0x6c,0xe4,0x00,0x00,0x6e,0x2b,0x00,0x00,0x6f,0x79,
  0x00,0x00,0x70,0xd0,0x00,0x00,0x72,0x30,0x00,0x00,0x73,0x97,0x00,0x00,0x75,0x08,
  0x00,0x00,0x76,0x82,0x00,0x00,0x78,0x06,0x00,0x00,0x79,0x94,0x00,0x00,0x7b,0x2c,
  0x00,0x00,0x7c,0xcf,0x00,0x00,0x7e,0x7e,0x00,0x00,0x80,0x38,0x00,0x00,0x81,0xfe,
  0x00,0x00,0x83,0xd2,0x00,0x00,0x85,0xb2,0x00,0x00,0x87,0xa1,0x00,0x00,0x89,0x9d,
  0x00,0x00,0x8b,0xa9,0x00,0x00,0x8d,0xc5,0x00,0x00,0x8f,0xf2,0x00,0x00,0x92,0x2f,
  0x00,0x00,0x94,0x7f,0x00,0x00,0x96,0xe2,0x00,0x00,0x99,0x59,0x00,0x00,0x9b,0xe4,
  0x00,0x00,0x9e,0x86,0x00,0x00,0xa1,0x3f,0x00,0x00,0xa4,0x10,0x00,0x00,0xa6,0xfb,
  0x00,0x00,0xaa,0x01,0x00,0x00,0xad,0x24,0x00,0x00,0xb0,0x64,0x00,0x00,0xb3,0xc5,
  0x00,0x00,0xb7,0x47,0x00,0x00,0xba,0xed,0x00,0x00,0xbe,0xb9,0x00,0x00,0xc2,0xad,
  0x00,0x00,0xc6,0xcd,0x00,0x00,0xcb,0x19,0x00,0x00,0xcf,0x97,0x00,0x00,0xd4,0x48,
  0x00,0x00,0xd9,0x31,0x00,0x00,0xde,0x56,0x00,0x00,0xe3,0xba,0x00,0x00,0xe9,0x63,
  0x00,0x00,0xef,0x56,0x00,0x00,0xf5,0x99,0x00,0x00,0xfc,0x31,0x00,0x01,0x03,0x27,
  0x00,0x01,0x0a,0x82,0x00,0x01,0x12,0x4b,0x00,0x01,0x1a,0x8c,0x00,0x01,0x23,0x50,
  0x00,0x01,0x2c,0xa4,0x00,0x01,0x36,0x96,0x00,0x01,0x41,0x35,0x00,0x01,0x4c,0x96,
  0x00,0x01,0x58,0xcc,0x00,0x01,0x65,0xf1,0x00,0x01,0x74,0x21,0x00,0x01,0x83,0x7c,
  0x00,0x01,0x94,0x29,0x00,0x01,0xa6,0x57,0x00,0x01,0xba,0x3b,0x00,0x01,0xd0,0x16,
  0x00,0x01,0xe8,0x38,0x00,0x02,0x02,0xfe,0x00,0x02,0x20,0xe1,0x00,0x02,0x42,0x71,
  0x00,0x02,0x68,0x6a,0x00,0x02,0x93,0xb9,0x00,0x02,0xc5,0x94,0x00,0x02,0xff,0x95,
  0x00,0x03,0x43,0xea,0x00,0x03,0x95,0x9a,0x80,0x03,0xf8,0xfb,
};

static const unsigned char TAIL_600[4588] = {
  0x80,0x00,0x7e,0x00,0x00,0x00,0x7e,0x00,0x00,0x00,0x7e,0x00,0x00,0x00,0x7e,0x00,
  0x00,0x00,0x7e,0x00,0x00,0x00,0x7e,0x00,0x00,0x00,0x7e,0x00,0x00,0x00,0x7e,0x00,
  0x00,0x00,0x7e,0x00,0x00,0x00,0x7e,0x00,0x00,0x00,0x7e,0x00,0x00,0x00,0x7e,0x00,
  0x00,0x00,0x7e,0x00,0x00,0x00,0x7e,0x00,0x00,0x00,0x7e,0x00,0x00,0x00,0x7e,0x00,
  0x00,0x00,0x7e,0x00,0x00,0x00,0x7e,0x00,0x00,0x00,0x7e,0x00,0x00,0x00,0x7e,0x00,
  0x00,0x00,0x7e,0x00,0x00,0x00,0x7e,0x00,0x00,0x00,0x7e,0x00,0x00,0x00,0x7e,0x00,
  0x00,0x00,0x7e,0x00,0x00,0x00,0x7e,0x00,0x00,0x00,0x7e,0x00,0x00,0x00,0x7e,0x00,
  0x00,0x00,0x7e,0x00,0x00,0x00,0x7e,0x00,0x00,0x00,0x7e,0x00,0x00,0x00,0x7e,0x00,
  0x00,0x00,0x7e,0x00,0x00,0x00,0x7e,0x00,0x00,0x00,0x7e,0x00,0x00,0x00,0x7e,0x00,
  0x00,0x00,0x7e,0x00,0x00,0x00,0x7e,0x00,0x00,0x00,0x7e,0x00,0x00,0x00,0x7e,0x00,
  0x00,0x00,0x7e,0x00,0x00,0x00,0x7e,0x00,0x00,0x00,0x7e,0x00,0x00,0x00,0x7e,0x00,
  0x00,0x00,0x7e,0x00,0x00,0x00,0x7e,0x00,0x00,0x00,0x7e,0x00,0x00,0x00,0x7e,0x00,
  0x00,0x00,0x7e,0x00,0x00,0x00,0x7e,0x00,0x00,0x00,0x7e,0x00,0x00,0x00,0x7e,0x00,
  0x00,0x00,0x7e,0x00,0x00,0x00,0x7e,0x00,0x00,0x00,0x7e,0x00,0x00,0x00,0x7e,0x00,
  0x00,0x00,0x7e,0x00,0x00,0x00,0x7e,0x00,0x00,0x00,0x7e,0x00,0x00,0x00,0x7e,0x00,
  0x00,0x00,0x7e,0x00,0x00,0x00,0x7e,0x00,0x00,0x00,0x7e,0x00,0x00,0x00,0x7e,0x00,
  0x00,0x00,0x7e,0x00,0x00,0x00,0x7e,0x00,0x00,0x00,0x7e,0x00,0x00,0x00,0x7e,0x00,
  0x00,0x00,0x7e,0x00,0x00,0x00,0x7e,0x00,0x00,0x00,0x7e,0x00,0x00,0x00,0x7e,0x00,
  0x00,0x00,0x7e,0x00,0x00,0x00,0x7e,0x00,0x00,0x00,0x7e,0x00,0x00,0x00,0x7e,0x00,
  0x00,0x00,0x7e,0x00,0x00,0x00,0x7e,0x00,0x00,0x00,0x7e,0x00,0x00,0x00,0x7e,0x00,
  0x00,0x00,0x7e,0x00,0x00,0x00,0x7e,0x00,0x00,0x00,0x7e,0x00,0x00,0x00,0x7e,0x00,
  0x00,0x00,0x7e,0x00,0x00,0x00,0x7e,0x00,0x00,0x00,0x7e,0x00,0x00,0x00,0x7e,0x00,
  0x00,0x00,0x7e,0x00,0x00,0x00,0x7e,0x00,0x00,0x00,0x7e,0x00,0x00,0x00,0x7e,0x00,
  0x00,0x00,0x7e,0x00,0x00,0x00,0x7e,0x00,0x00,0x00,0x7e,0x00,0x00,0x00,0x7e,0x00,
  0x00,0x00,0x7e,0x00,0x00,0x00,0x7e,0x00,0x00,0x00,0x7e,0x00,0x00,0x00,0x7e,0x00,
  0x00,0x00,0x7e,0x00,0x00,0x00,0x7e,0x00,0x00,0x00,0x7e,0x00,0x00,0x00,0x7e,0x00,
  0x00,0x00,0x7e,0x00,0x00,0x00,0x7e,0x00,0x00,0x00,0x7e,0x00,0x00,0x00,0x7e,0x00,
  0x00,0x00,0x7e,0x00,0x00,0x00,0x7e,0x00,0x00,0x00,0x7e,0x00,0x00,0x00,0x7e,0x00,
  0x00,0x00,0x7e,0x00,0x00,0x00,0x7e,0x00,0x00,0x00,0x7e,0x00,0x00,0x00,0x7e,0x00,
  0x00,0x00,0x7e,0x00,0x00,0x00,0x7e,0x00,0x00,0x00,0x7e,0x00,0x00,0x00,0x7e,0x00,
  0x00,0x00,0x7e,0x00,0x00,0x00,0x7e,0x00,0x00,0x00,0x7e,0x00,0x00,0x00,0x7e,0x00,
  0x00,0x00,0x7e,0x00,0x00,0x00,0x7e,0x00,0x00,0x00,0x7e,0x00,0x00,0x00,0x7e,0x00,
  0x00,0x00,0x7e,0x00,0x00,0x00,0x7e,0x00,0x00,0x00,0x7e,0x00,0x00,0x00,0x7e,0x00,
  0x00,0x00,0x7e,0x00,0x00,0x00,0x7e,0x00,0x00,0x00,0x7e,0x00,0x00,0x00,0x7e,0x00,
  0x00,0x00,0x7e,0x00,0x00,0x00,0x7e,0x00,0x00,0x00,0x7e,0x00,0x00,0x00,0x7e,0x00,
  0x00,0x00,0x7e,0x00,0x00,0x00,0x7e,0x00,0x00,0x00,0x7e,0x00,0x00,0x00,0x7e,0x00,
  0x00,0x00,0x7e,0x00,0x00,0x00,0x7e,0x00,0x00,0x00,0x7e,0x00,0x00,0x00,0x7e,0x00,
  0x00,0x00,0x7e,0x00,0x00,0x00,0x7e,0x00,0x00,0x00,0x7e,0x00,0x00,0x00,0x7e,0x00,
  0x00,0x00,0x7e,0x00,0x00,0x00,0x7e,0x00,0x00,0x00,0x7e,0x00,0x00,0x00,0x7e,0x00,
  0x00,0x00,0x7e,0x00,0x00,0x00,0x7e,0x00,0x00,0x00,0x7e,0x00,0x00,0x00,0x7e,0x00,
  0x00,0x00,0x7e,0x00,0x00,0x00,0x7e,0x00,0x00,0x00,0x7e,0x00,0x00,0x00,0x7e,0x00,
  0x00,0x00,0x7e,0x00,0x00,0x00,0x7e,0x00,0x00,0x00,0x7e,0x00,0x00,0x00,0x7e,0x00,
  0x00,0x00,0x7e,0x00,0x00,0x00,0x7e,0x00,0x00,0x00,0x7e,0x00,0x00,0x00,0x7e,0x00,
  0x00,0x00,0x7e,0x00,0x00,0x00,0x7e,0x00,0x00,0x00,0x7e,0x00,0x00,0x00,0x7e,0x00,
  0x00,0x00,0x7e,0x00,0x00,0x00,0x7e,0x00,0x00,0x00,0x7e,0x00,0x00,0x00,0x7e,0x00,
  0x00,0x00,0x7e,0x00,0x00,0x00,0x7e,0x00,0x00,0x00,0x7e,0x00,0x00,0x00,0x7e,0x00,
  0x00,0x00,0x7e,0x00,0x00,0x00,0x7e,0x00,0x00,0x00,0x7e,0x00,0x00,0x00,0x7e,0x00,
  0x00,0x00,0x7e,0x00,0x00,0x00,0x7e,0x00,0x00,0x00,0x7e,0x00,0x00,0x00,0x7e,0x00,
  0x00,0x00,0x7e,0x00,0x00,0x00,0x7e,0x00,0x00,0x00,0x7e,0x00,0x00,0x00,0x7e,0x00,
  0x00,0x00,0x7e,0x00,0x00,0x00,0x7e,0x00,0x00,0x00,0x7e,0x00,0x00,0x00,0x7e,0x00,
  0x00,0x00,0x7e,0x00,0x00,0x00,0x7e,0x00,0x00,0x00,0x7e,0x00,0x00,0x00,0x7e,0x00,
  0x00,0x00,0x7e,0x00,0x00,0x00,0x7e,0x00,0x00,0x00,0x7e,0x00,0x00,0x00,0x7e,0x00,
  0x00,0x00,0x7e,0x00,0x00,0x00,0x7e,0x00,0x00,0x00,0x7e,0x00,0x00,0x00,0x7e,0x00,
  0x00,0x00,0x7e,0x00,0x00,0x00,0x7e,0x00,0x00,0x00,0x7e,0x00,0x00,0x00,0x7e,0x00,
  0x00,0x00,0x7e,0x00,0x00,0x00,0x7e,0x00,0x00,0x00,0x7e,0x00,0x00,0x00,0x7e,0x00,
  0x00,0x00,0x7e,0x00,0x00,0x00,0x7e,0x00,0x00,0x00,0x7e,0x00,0x00,0x00,0x7e,0x00,
  0x00,0x00,0x7e,0x00,0x00,0x00,0x7e,0x00,0x00,0x00,0x7e,0x00,0x00,0x00,0x7e,0x00,
  0x00,0x00,0x7e,0x00,0x00,0x00,0x7e,0x00,0x00,0x00,0x7e,0x00,0x00,0x00,0x7e,0x00,
  0x00,0x00,0x7e,0x00,0x00,0x00,0x7e,0x00,0x00,0x00,0x7e,0x00,0x00,0x00,0x7e,0x00,
  0x00,0x00,0x7e,0x00,0x00,0x00,0x7e,0x00,0x00,0x00,0x7e,0x00,0x00,0x00,0x7e,0x00,
  0x00,0x00,0x7e,0x00,0x00,0x00,0x7e,0x00,0x00,0x00,0x7e,0x00,0x00,0x00,0x7e,0x00,
  0x00,0x00,0x7e,0x00,0x00,0x00,0x7e,0x00,0x00,0x00,0x7e,0x00,0x00,0x00,0x7e,0x00,
  0x00,0x00,0x7e,0x00,0x00,0x00,0x7e,0x00,0x00,0x00,0x7e,0x00,0x00,0x00,0x7e,0x00,
  0x00,0x00,0x7e,0x00,0x00,0x00,0x7e,0x00,0x00,0x00,0x7e,0x00,0x00,0x00,0x7e,0x00,
  0x00,0x00,0x7e,0x00,0x00,0x00,0x7e,0x00,0x00,0x00,0x7e,0x00,0x00,0x00,0x7e,0x00,
  0x00,0x00,0x7e,0x00,0x00,0x00,0x7e,0x00,0x00,0x00,0x7e,0x00,0x00,0x00,0x7e,0x00,
  0x00,0x00,0x7e,0x00,0x00,0x00,0x7e,0x00,0x00,0x00,0x7e,0x00,0x00,0x00,0x7e,0x00,
  0x00,0x00,0x7e,0x00,0x00,0x00,0x7e,0x00,0x00,0x00,0x7e,0x00,0x00,0x00,0x7e,0x00,
  0x00,0x00,0x7e,0x00,0x00,0x00,0x7e,0x00,0x00,0x00,0x7e,0x00,0x00,0x00,0x7e,0x00,
  0x00,0x00,0x7e,0x00,0x00,0x00,0x7e,0x00,0x00,0x00,0x7e,0x00,0x00,0x00,0x7e,0x00,
  0x00,0x00,0x7e,0x00,0x00,0x00,0x7e,0x00,0x00,0x00,0x7e,0x00,0x00,0x00,0x7e,0x00,
  0x00,0x00,0x7e,0x00,0x00,0x00,0x7e,0x00,0x00,0x00,0x7e,0x00,0x00,0x00,0x7e,0x00,
  0x00,0x00,0x7e,0x00,0x00,0x00,0x7e,0x00,0x00,0x00,0x7e,0x00,0x00,0x00,0x7e,0x00,
  0x00,0x00,0x7e,0x00,0x00,0x00,0x7e,0x00,0x00,0x00,0x7e,0x00,0x00,0x00,0x7e,0x00,
  0x00,0x00,0x7e,0x00,0x00,0x00,0x7e,0x00,0x00,0x00,0x7e,0x00,0x00,0x00,0x7e,0x00,
  0x00,0x00,0x7e,0x00,0x00,0x00,0x7e,0x00,0x00,0x00,0x7e,0x00,0x00,0x00,0x7e,0x00,
  0x00,0x00,0x7e,0x00,0x00,0x00,0x7e,0x00,0x00,0x00,0x7e,0x00,0x00,0x00,0x7e,0x00,
  0x00,0x00,0x7e,0x00,0x00,0x00,0x7e,0x00,0x00,0x00,0x7e,0x00,0x00,0x00,0x7e,0x00,
  0x00,0x00,0x7e,0x00,0x00,0x00,0x7e,0x00,0x00,0x00,0x7e,0x00,0x00,0x00,0x7e,0x00,
  0x00,0x00,0x7e,0x00,0x00,0x00,0x7e,0x00,0x00,0x00,0x7e,0x00,0x00,0x00,0x7e,0x00,
  0x00,0x00,0x7e,0x00,0x00,0x00,0x7e,0x00,0x00,0x00,0x7e,0x00,0x00,0x00,0x7e,0x00,
  0x00,0x00,0x7e,0x00,0x00,0x00,0x7e,0x00,0x00,0x00,0x7e,0x00,0x00,0x00,0x7e,0x00,
  0x00,0x00,0x7e,0x00,0x00,0x00,0x7e,0x00,0x00,0x00,0x7e,0x00,0x00,0x00,0x7e,0x00,
  0x00,0x00,0x7e,0x00,0x00,0x00,0x7e,0x00,0x00,0x00,0x7e,0x00,0x00,0x00,0x7e,0x00,
  0x00,0x00,0x7e,0x00,0x00,0x00,0x7e,0x00,0x00,0x00,0x7e,0x00,0x00,0x00,0x7e,0x00,
  0x00,0x00,0x7e,0x00,0x00,0x00,0x7e,0x00,0x00,0x00,0x7e,0x00,0x00,0x00,0x7e,0x00,
  0x00,0x00,0x7e,0x00,0x00,0x00,0x7e,0x00,0x00,0x00,0x7e,0x00,0x00,0x00,0x7e,0x00,
  0x00,0x00,0x7e,0x00,0x00,0x00,0x7e,0x00,0x00,0x00,0x7e,0x00,0x00,0x00,0x7e,0x00,
  0x00,0x00,0x7e,0x00,0x00,0x00,0x7e,0x00,0x00,0x00,0x7e,0x00,0x00,0x00,0x7e,0x00,
  0x00,0x00,0x7e,0x00,0x00,0x00,0x7e,0x00,0x00,0x00,0x7e,0x00,0x00,0x00,0x7e,0x00,
  0x00,0x00,0x7e,0x00,0x00,0x00,0x7e,0x00,0x00,0x00,0x7e,0x00,0x00,0x00,0x7e,0x00,
  0x00,0x00,0x7e,0x00,0x00,0x00,0x7e,0x00,0x00,0x00,0x7e,0x00,0x00,0x00,0x7e,0x00,
  0x00,0x00,0x7e,0x00,0x00,0x00,0x7e,0x00,0x00,0x00,0x7e,0x00,0x00,0x00,0x7e,0x00,
  0x00,0x00,0x7e,0x00,0x00,0x00,0x7e,0x00,0x00,0x00,0x7e,0x00,0x00,0x00,0x7e,0x00,
  0x00,0x00,0x7e,0x00,0x00,0x00,0x7e,0x00,0x00,0x00,0x7e,0x00,0x00,0x00,0x7e,0x00,
  0x00,0x00,0x7e,0x00,0x00,0x00,0x7e,0x00,0x00,0x00,0x7e,0x00,0x00,0x00,0x7e,0x00,
  0x00,0x00,0x7e,0x00,0x00,0x00,0x7e,0x00,0x00,0x00,0x7e,0x00,0x00,0x00,0x7e,0x00,
  0x00,0x00,0x7e,0x00,0x00,0x00,0x7e,0x00,0x00,0x00,0x7e,0x00,0x00,0x00,0x7e,0x00,
  0x00,0x00,0x7e,0x00,0x00,0x00,0x7e,0x00,0x00,0x00,0x7e,0x00,0x00,0x00,0x7e,0x00,
  0x00,0x00,0x7e,0x00,0x00,0x00,0x7e,0x00,0x00,0x00,0x7e,0x00,0x00,0x00,0x7e,0x00,
  0x00,0x00,0x7e,0x00,0x00,0x00,0x7e,0x00,0x00,0x00,0x7e,0x00,0x00,0x00,0x7e,0x00,
  0x00,0x00,0x7e,0x00,0x00,0x00,0x7e,0x00,0x00,0x00,0x7e,0x00,0x00,0x00,0x7e,0x00,
  0x00,0x00,0x7e,0x00,0x00,0x00,0x7e,0x00,0x00,0x00,0x7e,0x00,0x00,0x00,0x7e,0x00,
  0x00,0x00,0x7e,0x00,0x00,0x00,0x7e,0x00,0x00,0x00,0x7e,0x00,0x00,0x00,0x7e,0x00,
  0x00,0x00,0x7e,0x00,0x00,0x00,0x7e,0x00,0x00,0x00,0x7e,0x00,0x00,0x00,0x7e,0x00,
  0x00,0x00,0x7e,0x00,0x00,0x00,0x7e,0x00,0x00,0x00,0x7e,0x00,0x00,0x00,0x7e,0x00,
  0x00,0x00,0x7e,0x00,0x00,0x00,0x7e,0x00,0x00,0x00,0x7e,0x00,0x00,0x00,0x7e,0x00,
  0x00,0x00,0x7e,0x00,0x00,0x00,0x7e,0x00,0x00,0x00,0x7e,0x00,0x00,0x00,0x7e,0x00,
  0x00,0x00,0x7e,0x00,0x00,0x00,0x7e,0x00,0x00,0x00,0x7e,0x00,0x00,0x00,0x7e,0x00,
  0x00,0x00,0x7e,0x00,0x00,0x00,0x7e,0x00,0x00,0x00,0x7e,0x00,0x00,0x00,0x7e,0x00,
  0x00,0x00,0x7e,0x00,0x00,0x00,0x7e,0x00,0x00,0x00,0x7e,0x00,0x00,0x00,0x7e,0x00,
  0x00,0x00,0x7e,0x00,0x00,0x00,0x7e,0x00,0x00,0x00,0x7e,0x00,0x00,0x00,0x7e,0x00,
  0x00,0x00,0x7e,0x00,0x00,0x00,0x7e,0x00,0x00,0x00,0x7e,0x00,0x00,0x00,0x7e,0x00,
  0x00,0x00,0x7e,0x00,0x00,0x00,0x7e,0x00,0x00,0x00,0x7e,0x00,0x00,0x00,0x7e,0x00,
  0x00,0x00,0x7e,0x00,0x00,0x00,0x7e,0x00,0x00,0x00,0x7e,0x00,0x00,0x00,0x7e,0x00,
  0x00,0x00,0x7e,0x00,0x00,0x00,0x7e,0x00,0x00,0x00,0x7e,0x00,0x00,0x00,0x7e,0x00,
  0x00,0x00,0x7e,0x00,0x00,0x00,0x7e,0x00,0x00,0x00,0x7e,0x00,0x00,0x00,0x7e,0x00,
  0x00,0x00,0x7e,0x00,0x00,0x00,0x7e,0x00,0x00,0x00,0x7e,0x00,0x00,0x00,0x7e,0x00,
  0x00,0x00,0x7e,0x00,0x00,0x00,0x7e,0x00,0x00,0x00,0x7e,0x00,0x00,0x00,0x7e,0x00,
  0x00,0x00,0x7e,0x00,0x00,0x00,0x7e,0x00,0x00,0x00,0x7e,0x00,0x00,0x00,0x7e,0x00,
  0x00,0x00,0x7e,0x00,0x00,0x00,0x7e,0x00,0x00,0x00,0x7e,0x00,0x00,0x00,0x7e,0x00,
  0x00,0x00,0x7e,0x00,0x00,0x00,0x7e,0x00,0x00,0x00,0x7e,0x00,0x00,0x00,0x7e,0x00,
  0x00,0x00,0x7e,0x00,0x00,0x00,0x7e,0x00,0x00,0x00,0x7e,0x00,0x00,0x00,0x7e,0x00,
  0x00,0x00,0x7e,0x00,0x00,0x00,0x7e,0x00,0x00,0x00,0x7e,0x00,0x00,0x00,0x7e,0x00,
  0x00,0x00,0x7e,0x00,0x00,0x00,0x7e,0x00,0x00,0x00,0x7e,0x00,0x00,0x00,0x7e,0x00,
  0x00,0x00,0x7e,0x00,0x00,0x00,0x7e,0x00,0x00,0x00,0x7e,0x00,0x00,0x00,0x7e,0x00,
  0x00,0x00,0x7e,0x00,0x00,0x00,0x7e,0x00,0x00,0x00,0x7e,0x00,0x00,0x00,0x7e,0x00,
  0x00,0x00,0x7e,0x00,0x00,0x00,0x7e,0x00,0x00,0x00,0x7e,0x00,0x00,0x00,0x7e,0x00,
  0x00,0x00,0x7e,0x00,0x00,0x00,0x7e,0x00,0x00,0x00,0x7e,0x00,0x00,0x00,0x7e,0x00,
  0x00,0x00,0x7e,0x00,0x00,0x00,0x7e,0x00,0x00,0x00,0x7e,0x00,0x00,0x00,0x7e,0x00,
  0x00,0x00,0x7e,0x00,0x00,0x00,0x7e,0x00,0x00,0x00,0x7e,0x00,0x00,0x00,0x7e,0x00,
  0x00,0x00,0x7e,0x00,0x00,0x00,0x7e,0x00,0x00,0x00,0x7e,0x00,0x00,0x00,0x7e,0x00,
  0x00,0x00,0x7e,0x00,0x00,0x00,0x7e,0x00,0x00,0x00,0x7e,0x00,0x00,0x00,0x7e,0x00,
  0x00,0x00,0x7e,0x00,0x00,0x00,0x7e,0x00,0x00,0x00,0x7e,0x00,0x00,0x00,0x7e,0x00,
  0x00,0x00,0x7e,0x00,0x00,0x00,0x7e,0x00,0x00,0x00,0x7e,0x00,0x00,0x00,0x7e,0x00,
  0x00,0x00,0x7e,0x00,0x00,0x00,0x7e,0x00,0x00,0x00,0x7e,0x00,0x00,0x00,0x7e,0x00,
  0x00,0x00,0x7e,0x00,0x00,0x00,0x7e,0x00,0x00,0x00,0x7e,0x00,0x00,0x00,0x7e,0x00,
  0x00,0x00,0x7e,0x00,0x00,0x00,0x7e,0x00,0x00,0x00,0x7e,0x00,0x00,0x00,0x7e,0x00,
  0x00,0x00,0x7e,0x00,0x00,0x00,0x7e,0x00,0x00,0x00,0x7e,0x00,0x00,0x00,0x7e,0x00,
  0x00,0x00,0x7e,0x00,0x00,0x00,0x7e,0x00,0x00,0x00,0x7e,0x00,0x00,0x00,0x7e,0x00,
  0x00,0x00,0x7e,0x00,0x00,0x00,0x7e,0x00,0x00,0x00,0x7e,0x00,0x00,0x00,0x7e,0x00,
  0x00,0x00,0x7e,0x00,0x00,0x00,0x7e,0x00,0x00,0x00,0x7e,0x00,0x00,0x00,0x7e,0x00,
  0x00,0x00,0x7e,0x00,0x00,0x00,0x7e,0x00,0x00,0x00,0x7e,0x00,0x00,0x00,0x7e,0x00,
  0x00,0x00,0x7e,0x00,0x00,0x00,0x7e,0x00,0x00,0x00,0x7e,0x00,0x00,0x00,0x7e,0x00,
  0x00,0x00,0x7e,0x00,0x00,0x00,0x7e,0x00,0x00,0x00,0x7e,0x00,0x00,0x00,0x7e,0x00,
  0x00,0x00,0x7e,0x00,0x00,0x00,0x7e,0x00,0x00,0x00,0x7e,0x00,0x00,0x00,0x7e,0x00,
  0x00,0x00,0x7e,0x00,0x00,0x00,0x7e,0x00,0x00,0x00,0x7e,0x00,0x00,0x00,0x7e,0x00,
  0x00,0x00,0x7e,0x00,0x00,0x00,0x7e,0x00,0x00,0x00,0x7e,0x00,0x00,0x00,0x7e,0x00,
  0x00,0x00,0x7e,0x00,0x00,0x00,0x7e,0x00,0x00,0x00,0x7e,0x00,0x00,0x00,0x7e,0x00,
  0x00,0x00,0x7e,0x00,0x00,0x00,0x7e,0x00,0x00,0x00,0x7e,0x00,0x00,0x00,0x7e,0x00,
  0x00,0x00,0x7e,0x00,0x00,0x00,0x7e,0x00,0x00,0x00,0x7e,0x00,0x00,0x00,0x7e,0x00,
  0x00,0x00,0x7e,0x00,0x00,0x00,0x7e,0x00,0x00,0x00,0x7e,0x00,0x00,0x00,0x7e,0x00,
  0x00,0x00,0x7e,0x00,0x00,0x00,0x7e,0x00,0x00,0x00,0x7e,0x00,0x00,0x00,0x7e,0x00,
  0x00,0x00,0x7e,0x00,0x00,0x00,0x7e,0x00,0x00,0x00,0x7e,0x00,0x00,0x00,0x7e,0x00,
  0x00,0x00,0x7e,0x00,0x00,0x00,0x7e,0x00,0x00,0x00,0x7e,0x00,0x00,0x00,0x7e,0x00,
  0x00,0x00,0x7e,0x00,0x00,0x00,0x7e,0x00,0x00,0x00,0x7e,0x00,0x00,0x00,0x7e,0x00,
  0x00,0x00,0x7e,0x00,0x00,0x00,0x7e,0x00,0x00,0x00,0x7e,0x00,0x00,0x00,0x7e,0x00,
  0x00,0x00,0x7e,0x00,0x00,0x00,0x7e,0x00,0x00,0x00,0x7e,0x00,0x00,0x00,0x7e,0x00,
  0x00,0x00,0x7e,0x00,0x00,0x00,0x7e,0x00,0x00,0x00,0x7e,0x00,0x00,0x00,0x7e,0x00,
  0x00,0x00,0x7e,0x00,0x00,0x00,0x7e,0x00,0x00,0x00,0x7e,0x00,0x00,0x00,0x7e,0x00,
  0x00,0x00,0x7e,0x00,0x00,0x00,0x7e,0x00,0x00,0x00,0x7e,0x00,0x00,0x00,0x7e,0x00,
  0x00,0x00,0x7e,0x00,0x00,0x00,0x7e,0x00,0x00,0x00,0x7e,0x00,0x00,0x00,0x7e,0x00,
  0x00,0x00,0x7e,0x00,0x00,0x00,0x7e,0x00,0x00,0x00,0x7e,0x00,0x00,0x00,0x7e,0x00,
  0x00,0x00,0x7e,0x00,0x00,0x00,0x7e,0x00,0x00,0x00,0x7e,0x00,0x00,0x00,0x7e,0x00,
  0x00,0x00,0x7e,0x00,0x00,0x00,0x7e,0x00,0x00,0x00,0x7e,0x00,0x00,0x00,0x7e,0x00,
  0x00,0x00,0x7e,0x00,0x00,0x00,0x7e,0x00,0x00,0x00,0x7e,0x00,0x00,0x00,0x7e,0x00,
  0x00,0x00,0x7e,0x00,0x00,0x00,0x7e,0x00,0x00,0x00,0x7e,0x00,0x00,0x00,0x7e,0x00,
  0x00,0x00,0x7e,0x00,0x00,0x00,0x7e,0x00,0x00,0x00,0x7e,0x00,0x00,0x00,0x7e,0x00,
  0x00,0x00,0x7e,0x00,0x00,0x00,0x7e,0x00,0x00,0x00,0x7e,0x00,0x00,0x00,0x7e,0x00,
  0x00,0x00,0x7e,0x00,0x00,0x00,0x7e,0x00,0x00,0x00,0x7e,0x00,0x00,0x00,0x7e,0x00,
  0x00,0x00,0x7e,0x00,0x00,0x00,0x7e,0x00,0x00,0x00,0x7e,0x00,0x00,0x00,0x7e,0x00,
  0x00,0x00,0x7e,0x00,0x00,0x00,0x7e,0x00,0x00,0x00,0x7e,0x00,0x00,0x00,0x7e,0x00,
  0x00,0x00,0x7e,0x00,0x00,0x00,0x7e,0x00,0x00,0x00,0x7e,0x00,0x00,0x00,0x7e,0x00,
  0x00,0x00,0x7e,0x00,0x00,0x00,0x7e,0x00,0x00,0x00,0x7e,0x00,0x00,0x00,0x7e,0x00,
  0x00,0x00,0x7e,0x00,0x00,0x00,0x7e,0x00,0x00,0x00,0x7e,0x00,0x00,0x00,0x7e,0x00,
  0x00,0x00,0x7e,0x00,0x00,0x00,0x7e,0x00,0x00,0x00,0x7e,0x00,0x00,0x00,0x7e,0x00,
  0x00,0x00,0x7e,0x00,0x00,0x00,0x7e,0x00,0x00,0x00,0x7e,0x00,0x00,0x00,0x7e,0x00,
  0x00,0x00,0x7e,0x00,0x00,0x00,0x7e,0x00,0x00,0x00,0x7e,0x00,0x00,0x00,0x7e,0x00,
  0x00,0x00,0x7e,0x00,0x00,0x00,0x7e,0x00,0x00,0x00,0x7e,0x00,0x00,0x00,0x7e,0x00,
  0x00,0x00,0x7e,0x00,0x00,0x00,0x7e,0x00,0x00,0x00,0x7e,0x00,0x00,0x00,0x7e,0x00,
  0x00,0x00,0x7e,0x00,0x00,0x00,0x7e,0x00,0x00,0x00,0x7e,0x00,0x00,0x00,0x7e,0x00,
  0x00,0x00,0x7e,0x00,0x00,0x00,0x7e,0x00,0x00,0x00,0x7e,0x00,0x00,0x00,0x7e,0x00,
  0x00,0x00,0x7e,0x00,0x00,0x00,0x7e,0x00,0x00,0x00,0x7e,0x00,0x00,0x00,0x7e,0x00,
  0x00,0x00,0x7e,0x00,0x00,0x00,0x7e,0x00,0x00,0x00,0x7e,0x00,0x00,0x00,0x7e,0x00,
  0x00,0x00,0x7e,0x00,0x00,0x00,0x7e,0x00,0x00,0x00,0x7e,0x00,0x00,0x00,0x7e,0x00,
  0x00,0x00,0x7e,0x00,0x00,0x00,0x7e,0x00,0x00,0x00,0x7e,0x00,0x00,0x00,0x7e,0x00,
  0x00,0x00,0x7e,0x00,0x00,0x00,0x7e,0x00,0x00,0x00,0x7e,0x00,0x00,0x00,0x7e,0x00,
  0x00,0x00,0x7e,0x00,0x00,0x00,0x7e,0x00,0x00,0x00,0x7e,0x00,0x00,0x00,0x7e,0x00,
  0x00,0x00,0x7e,0x00,0x00,0x00,0x7e,0x00,0x00,0x00,0x7e,0x00,0x00,0x00,0x7e,0x00,
  0x00,0x00,0x7e,0x00,0x00,0x00,0x7e,0x00,0x00,0x00,0x7e,0x00,0x00,0x00,0x7e,0x00,
  0x00,0x00,0x7e,0x00,0x00,0x00,0x7e,0x00,0x00,0x00,0x7e,0x00,0x00,0x00,0x7e,0x00,
  0x00,0x00,0x7e,0x00,0x00,0x00,0x7e,0x00,0x00,0x00,0x7e,0x00,0x00,0x00,0x7e,0x00,
  0x00,0x00,0x7e,0x00,0x00,0x00,0x7e,0x00,0x00,0x00,0x7e,0x00,0x00,0x00,0x7e,0x00,
  0x00,0x00,0x7e,0x00,0x00,0x00,0x7e,0x00,0x00,0x00,0x7e,0x00,0x00,0x00,0x7e,0x00,
  0x00,0x00,0x7e,0x00,0x00,0x00,0x7e,0x00,0x00,0x00,0x7e,0x00,0x00,0x00,0x7e,0x00,
  0x00,0x00,0x7e,0x00,0x00,0x00,0x7e,0x00,0x00,0x00,0x7e,0x00,0x00,0x00,0x7e,0x00,
  0x00,0x00,0x7e,0x00,0x00,0x00,0x7e,0x00,0x00,0x00,0x7e,0x00,0x00,0x00,0x7e,0x00,
  0x00,0x00,0x7e,0x00,0x00,0x00,0x7e,0x00,0x00,0x00,0x7e,0x00,0x00,0x00,0x7e,0x00,
  0x00,0x00,0x7e,0x00,0x00,0x00,0x7e,0x00,0x00,0x00,0x7e,0x00,0x00,0x00,0x7e,0x00,
  0x00,0x00,0x7e,0x00,0x00,0x00,0x7e,0x00,0x00,0x00,0x7e,0x00,0x00,0x00,0x7e,0x00,
  0x00,0x00,0x7e,0x00,0x00,0x00,0x7e,0x00,0x00,0x00,0x7e,0x00,0x00,0x00,0x7e,0x00,
  0x00,0x00,0x7e,0x00,0x00,0x00,0x7e,0x00,0x00,0x00,0x7e,0x00,0x00,0x00,0x7e,0x00,
  0x00,0x00,0x7e,0x00,0x00,0x00,0x7e,0x00,0x00,0x00,0x7e,0x00,0x00,0x00,0x7e,0x00,
  0x00,0x00,0x7e,0x00,0x00,0x00,0x7e,0x00,0x00,0x00,0x7e,0x00,0x00,0x00,0x7e,0x00,
  0x00,0x00,0x7e,0x00,0x00,0x00,0x7e,0x00,0x00,0x00,0x7e,0x00,0x00,0x00,0x7e,0x00,
  0x00,0x00,0x7e,0x00,0x00,0x00,0x7e,0x00,0x00,0x00,0x7e,0x00,0x00,0x00,0x7e,0x00,
  0x00,0x00,0x7e,0x00,0x00,0x00,0x7e,0x00,0x00,0x00,0x7e,0x00,0x00,0x00,0x7e,0x00,
  0x00,0x00,0x7e,0x00,0x00,0x00,0x7e,0x00,0x00,0x00,0x7e,0x00,0x00,0x00,0x7e,0x00,
  0x00,0x00,0x7e,0x00,0x00,0x00,0x7e,0x00,0x00,0x00,0x7e,0x00,0x00,0x00,0x7e,0x00,
  0x00,0x00,0x7e,0x00,0x00,0x00,0x7e,0x00,0x00,0x00,0x7e,0x00,0x00,0x00,0x7e,0x00,
  0x00,0x00,0x7e,0x00,0x00,0x00,0x7e,0x00,0x00,0x00,0x7e,0x00,0x00,0x00,0x7e,0x00,
  0x00,0x00,0x7e,0x00,0x00,0x00,0x7e,0x00,0x00,0x00,0x7e,0x00,0x00,0x00,0x7e,0x00,
  0x00,0x00,0x7e,0x00,0x00,0x00,0x7e,0x00,0x00,0x00,0x7e,0x00,0x00,0x00,0x7e,0x00,
  0x00,0x00,0x7e,0x00,0x00,0x00,0x7e,0x00,0x00,0x00,0x7e,0x00,0x00,0x00,0x7e,0x00,
  0x00,0x00,0x7e,0x00,0x00,0x00,0x7e,0x00,0x00,0x00,0x7e,0x00,0x00,0x00,0x7e,0x00,
  0x00,0x00,0x7e,0x00,0x00,0x00,0x7e,0x00,0x00,0x00,0x7e,0x00,0x00,0x00,0x7e,0x00,
  0x00,0x00,0x7e,0x00,0x00,0x00,0x7e,0x00,0x00,0x00,0x7e,0x00,0x00,0x00,0x7e,0x00,
  0x00,0x00,0x7e,0x00,0x00,0x00,0x7e,0x00,0x00,0x00,0x7e,0x00,0x00,0x00,0x7e,0x00,
  0x00,0x00,0x7e,0x00,0x00,0x00,0x7e,0x00,0x00,0x00,0x7e,0x00,0x00,0x00,0x7e,0x00,
  0x00,0x00,0x7e,0x00,0x00,0x00,0x7e,0x00,0x00,0x00,0x7e,0x00,0x00,0x00,0x7e,0x00,
  0x00,0x00,0x7e,0x00,0x00,0x00,0x7e,0x00,0x00,0x00,0x7e,0x00,0x00,0x00,0x7e,0x00,
  0x00,0x00,0x7e,0x00,0x00,0x00,0x7e,0x00,0x00,0x00,0x7e,0x00,0x00,0x00,0x7e,0x00,
  0x00,0x00,0x7e,0x00,0x00,0x00,0x7e,0x00,0x00,0x00,0x7e,0x00,0x00,0x00,0x7e,0x00,
  0x00,0x00,0x7e,0x00,0x00,0x00,0x7e,0x00,0x00,0x00,0x7e,0x00,0x00,0x00,0x7e,0x00,
  0x00,0x00,0x7e,0x00,0x00,0x00,0x7e,0x00,0x00,0x00,0x7e,0x00,0x00,0x00,0x7e,0x00,
  0x00,0x00,0x7e,0x00,0x00,0x00,0x7e,0x00,0x00,0x00,0x7e,0x00,0x00,0x00,0x7e,0x00,
  0x00,0x00,0x7e,0x00,0x00,0x00,0x7e,0x00,0x00,0x00,0x7e,0x00,0x00,0x00,0x7e,0x00,
  0x00,0x00,0x7e,0x00,0x00,0x00,0x7e,0x00,0x00,0x00,0x7e,0x00,0x00,0x00,0x7e,0x00,
  0x00,0x00,0x7e,0x00,0x00,0x00,0x7e,0x00,0x00,0x00,0x7e,0x00,0x00,0x00,0x7e,0x00,
  0x00,0x00,0x7e,0x00,0x00,0x00,0x7e,0x00,0x00,0x00,0x7e,0x00,0x00,0x00,0x7e,0x00,
  0x00,0x00,0x7e,0x00,0x00,0x00,0x7e,0x00,0x00,0x00,0x7e,0x00,0x00,0x00,0x7e,0x00,
  0x00,0x00,0x7e,0x00,0x00,0x00,0x7e,0x00,0x00,0x00,0x7e,0x00,0x00,0x00,0x7e,0x00,
  0x00,0x00,0x7e,0x00,0x00,0x00,0x7e,0x00,0x00,0x00,0x7e,0x00,0x00,0x00,0x7e,0x00,
  0x00,0x00,0x7e,0x00,0x00,0x00,0x7e,0x00,0x00,0x00,0x7e,0x00,0x00,0x00,0x7e,0x00,
  0x00,0x00,0x7e,0x00,0x00,0x00,0x7e,0x00,0x00,0x00,0x7e,0x00,0x00,0x00,0x7e,0x00,
  0x00,0x00,0x7e,0x00,0x00,0x00,0x7e,0x00,0x00,0x00,0x7e,0x00,0x00,0x00,0x7e,0x00,
  0x00,0x00,0x7e,0x00,0x00,0x00,0x7e,0x00,0x00,0x00,0x7e,0x00,0x00,0x00,0x7e,0x00,
  0x00,0x00,0x7e,0x00,0x00,0x00,0x7e,0x00,0x00,0x00,0x7e,0x00,0x00,0x00,0x7e,0x00,
  0x00,0x00,0x7e,0x00,0x00,0x00,0x7e,0x00,0x00,0x00,0x7e,0x00,0x00,0x00,0x7e,0x00,
  0x00,0x00,0x7e,0x00,0x00,0x00,0x7e,0x00,0x00,0x00,0x7e,0x00,0x00,0x00,0x7e,0x00,
  0x00,0x00,0x7e,0x00,0x00,0x00,0x7e,0x00,0x00,0x00,0x7e,0x00,0x00,0x00,0x7e,0x00,
  0x00,0x00,0x7e,0x00,0x00,0x00,0x7e,0x00,0x00,0x00,0x7e,0x00,0x00,0x00,0x7e,0x00,
  0x00,0x00,0x7e,0x00,0x00,0x00,0x7e,0x00,0x00,0x00,0x7e,0x00,0x00,0x00,0x7e,0x00,
  0x00,0x00,0x7e,0x00,0x00,0x00,0x7e,0x00,0x00,0x00,0x7e,0x00,0x00,0x00,0x7e,0x00,
  0x00,0x00,0x7e,0x00,0x00,0x00,0x7e,0x00,0x00,0x00,0x7e,0x00,0x00,0x00,0x7e,0x00,
  0x00,0x00,0x7e,0x00,0x00,0x00,0x7e,0x00,0x00,0x00,0x7e,0x00,0x00,0x00,0x7e,0x00,
  0x00,0x00,0x7e,0x00,0x00,0x00,0x7e,0x00,0x00,0x00,0x7e,0x00,0x00,0x00,0x7e,0x00,
  0x00,0x00,0x7e,0x00,0x00,0x00,0x7e,0x00,0x00,0x00,0x7e,0x00,0x00,0x00,0x7e,0x00,
  0x00,0x00,0x7e,0x00,0x00,0x00,0x7e,0x00,0x00,0x00,0x7e,0x00,0x00,0x00,0x7e,0x00,
  0x00,0x00,0x7e,0x00,0x00,0x00,0x7e,0x00,0x00,0x00,0x7e,0x00,0x00,0x00,0x7e,0x00,
  0x00,0x00,0x7e,0x00,0x00,0x00,0x7e,0x00,0x00,0x00,0x7e,0x00,0x00,0x00,0x7e,0x00,
  0x00,0x00,0x7e,0x00,0x00,0x00,0x7e,0x00,0x00,0x00,0x7e,0x00,0x00,0x00,0x7e,0x00,
  0x00,0x00,0x7e,0x00,0x00,0x00,0x7e,0x00,0x00,0x00,0x7e,0x00,0x00,0x00,0x7e,0x00,
  0x00,0x00,0x7e,0x00,0x00,0x00,0x7e,0x00,0x00,0x00,0x7e,0x00,0x00,0x00,0x7e,0x00,
  0x00,0x00,0x7e,0x00,0x00,0x00,0x7e,0x00,0x00,0x00,0x7e,0x00,0x00,0x00,0x7e,0x00,
  0x00,0x00,0x7e,0x00,0x00,0x00,0x7e,0x00,0x00,0x00,0x7e,0x00,0x00,0x00,0x7e,0x00,
  0x00,0x00,0x7e,0x00,0x00,0x00,0x7e,0x00,0x00,0x00,0x7e,0x00,0x00,0x00,0x7e,0x00,
  0x00,0x00,0x7e,0x00,0x00,0x00,0x7e,0x00,0x00,0x00,0x7e,0x00,0x00,0x00,0x7e,0x00,
  0x00,0x00,0x7e,0x00,0x00,0x00,0x7e,0x00,0x00,0x00,0x7e,0x00,0x00,0x00,0x7e,0x00,
  0x00,0x00,0x7e,0x00,0x00,0x00,0x7e,0x00,0x00,0x00,0x7e,0x00,0x00,0x00,0x7e,0x00,
  0x00,0x00,0x7e,0x00,0x00,0x00,0x7e,0x00,0x00,0x00,0x7e,0x00,0x00,0x00,0x7e,0x00,
  0x00,0x00,0x7e,0x00,0x00,0x00,0x7e,0x00,0x00,0x00,0x7e,0x00,0x00,0x00,0x7e,0x00,
  0x00,0x00,0x7e,0x00,0x00,0x00,0x7e,0x00,0x00,0x00,0x7e,0x00,0x00,0x00,0x7e,0x00,
  0x00,0x00,0x7e,0x00,0x00,0x00,0x7e,0x00,0x00,0x00,0x7e,0x00,0x00,0x00,0x7e,0x00,
  0x00,0x00,0x7e,0x00,0x00,0x00,0x7e,0x00,0x00,0x00,0x7e,0x00,0x00,0x00,0x7e,0x00,
  0x00,0x00,0x7e,0x00,0x00,0x00,0x7e,0x00,0x00,0x00,0x7e,0x00,0x00,0x00,0x7e,0x00,
  0x00,0x00,0x7e,0x00,0x00,0x00,0x7e,0x00,0x00,0x00,0x7e,0x00,0x00,0x00,0x7e,0x00,
  0x00,0x00,0x7e,0x00,0x00,0x00,0x7e,0x00,0x00,0x00,0x7e,0x00,0x00,0x00,0x7e,0x00,
  0x00,0x00,0x7e,0x00,0x00,0x00,0x7e,0x00,0x00,0x00,0x7e,0x00,0x00,0x00,0x7e,0x00,
  0x00,0x00,0x7e,0x00,0x00,0x00,0x7e,0x00,0x00,0x00,0x7e,0x00,0x00,0x00,0x7e,0x00,
  0x00,0x00,0x7e,0x00,0x00,0x00,0x7e,0x7e,0x00,0x00,0x80,0x38,0x00,0x00,0x81,0xfe,
  0x00,0x00,0x83,0xd2,0x00,0x00,0x85,0xb2,0x00,0x00,0x87,0xa1,0x00,0x00,0x89,0x9d,
  0x00,0x00,0x8b,0xa9,0x00,0x00,0x8d,0xc5,0x00,0x00,0x8f,0xf2,0x00,0x00,0x92,0x2f,
  0x00,0x00,0x94,0x7f,0x00,0x00,0x96,0xe2,0x00,0x00,0x99,0x59,0x00,0x00,0x9b,0xe4,
  0x00,0x00,0x9e,0x86,0x00,0x00,0xa1,0x3f,0x00,0x00,0xa4,0x10,0x00,0x00,0xa6,0xfb,
  0x00,0x00,0xaa,0x01,0x00,0x00,0xad,0x24,0x00,0x00,0xb0,0x64,0x00,0x00,0xb3,0xc5,
  0x00,0x00,0xb7,0x47,0x00,0x00,0xba,0xed,0x00,0x00,0xbe,0xb9,0x00,0x00,0xc2,0xad,
  0x00,0x00,0xc6,0xcd,0x00,0x00,0xcb,0x19,0x00,0x00,0xcf,0x97,0x00,0x00,0xd4,0x48,
  0x00,0x00,0xd9,0x31,0x00,0x00,0xde,0x56,0x00,0x00,0xe3,0xba,0x00,0x00,0xe9,0x63,
  0x00,0x00,0xef,0x56,0x00,0x00,0xf5,0x99,0x00,0x00,0xfc,0x31,0x00,0x01,0x03,0x27,
  0x00,0x01,0x0a,0x82,0x00,0x01,0x12,0x4b,0x00,0x01,0x1a,0x8c,0x00,0x01,0x23,0x50,
  0x00,0x01,0x2c,0xa4,0x00,0x01,0x36,0x96,0x00,0x01,0x41,0x35,0x00,0x01,0x4c,0x96,
  0x00,0x01,0x58,0xcc,0x00,0x01,0x65,0xf1,0x00,0x01,0x74,0x21,0x00,0x01,0x83,0x7c,
  0x00,0x01,0x94,0x29,0x00,0x01,0xa6,0x57,0x00,0x01,0xba,0x3b,0x00,0x01,0xd0,0x16,
  0x00,0x01,0xe8,0x38,0x00,0x02,0x02,0xfe,0x00,0x02,0x20,0xe1,0x00,0x02,0x42,0x71,
  0x00,0x02,0x68,0x6a,0x00,0x02,0x93,0xb9,0x00,0x02,0xc5,0x94,0x00,0x02,0xff,0x95,
  0x00,0x03,0x43,0xea,0x00,0x03,0x95,0x9a,0x80,0x03,0xf8,0xfb,
};

static const unsigned char TAIL_1200[4588] = {
  0x80,0x00,0xfc,0x00,0x00,0x00,0xfc,0x00,0x00,0x00,0xfc,0x00,0x00,0x00,0xfc,0x00,
  0x00,0x00,0xfc,0x00,0x00,0x00,0xfc,0x00,0x00,0x00,0xfc,0x00,0x00,0x00,0xfc,0x00,
  0x00,0x00,0xfc,0x00,0x00,0x00,0xfc,0x00,0x00,0x00,0xfc,0x00,0x00,0x00,0xfc,0x00,
  0x00,0x00,0xfc,0x00,0x00,0x00,0xfc,0x00,0x00,0x00,0xfc,0x00,0x00,0x00,0xfc,0x00,
  0x00,0x00,0xfc,0x00,0x00,0x00,0xfc,0x00,0x00,0x00,0xfc,0x00,0x00,0x00,0xfc,0x00,
  0x00,0x00,0xfc,0x00,0x00,0x00,0xfc,0x00,0x00,0x00,0xfc,0x00,0x00,0x00,0xfc,0x00,
  0x00,0x00,0xfc,0x00,0x00,0x00,0xfc,0x00,0x00,0x00,0xfc,0x00,0x00,0x00,0xfc,0x00,
  0x00,0x00,0xfc,0x00,0x00,0x00,0xfc,0x00,0x00,0x00,0xfc,0x00,0x00,0x00,0xfc,0x00,
  0x00,0x00,0xfc,0x00,0x00,0x00,0xfc,0x00,0x00,0x00,0xfc,0x00,0x00,0x00,0xfc,0x00,
  0x00,0x00,0xfc,0x00,0x00,0x00,0xfc,0x00,0x00,0x00,0xfc,0x00,0x00,0x00,0xfc,0x00,
  0x00,0x00,0xfc,0x00,0x00,0x00,0xfc,0x00,0x00,0x00,0xfc,0x00,0x00,0x00,0xfc,0x00,
  0x00,0x00,0xfc,0x00,0x00,0x00,0xfc,0x00,0x00,0x00,0xfc,0x00,0x00,0x00,0xfc,0x00,
  0x00,0x00,0xfc,0x00,0x00,0x00,0xfc,0x00,0x00,0x00,0xfc,0x00,0x00,0x00,0xfc,0x00,
  0x00,0x00,0xfc,0x00,0x00,0x00,0xfc,0x00,0x00,0x00,0xfc,0x00,0x00,0x00,0xfc,0x00,
  0x00,0x00,0xfc,0x00,0x00,0x00,0xfc,0x00,0x00,0x00,0xfc,0x00,0x00,0x00,0xfc,0x00,
  0x00,0x00,0xfc,0x00,0x00,0x00,0xfc,0x00,0x00,0x00,0xfc,0x00,0x00,0x00,0xfc,0x00,
  0x00,0x00,0xfc,0x00,0x00,0x00,0xfc,0x00,0x00,0x00,0xfc,0x00,0x00,0x00,0xfc,0x00,
  0x00,0x00,0xfc,0x00,0x00,0x00,0xfc,0x00,0x00,0x00,0xfc,0x00,0x00,0x00,0xfc,0x00,
  0x00,0x00,0xfc,0x00,0x00,0x00,0xfc,0x00,0x00,0x00,0xfc,0x00,0x00,0x00,0xfc,0x00,
  0x00,0x00,0xfc,0x00,0x00,0x00,0xfc,0x00,0x00,0x00,0xfc,0x00,0x00,0x00,0xfc,0x00,
  0x00,0x00,0xfc,0x00,0x00,0x00,0xfc,0x00,0x00,0x00,0xfc,0x00,0x00,0x00,0xfc,0x00,
  0x00,0x00,0xfc,0x00,0x00,0x00,0xfc,0x00,0x00,0x00,0xfc,0x00,0x00,0x00,0xfc,0x00,
  0x00,0x00,0xfc,0x00,0x00,0x00,0xfc,0x00,0x00,0x00,0xfc,0x00,0x00,0x00,0xfc,0x00,
  0x00,0x00,0xfc,0x00,0x00,0x00,0xfc,0x00,0x00,0x00,0xfc,0x00,0x00,0x00,0xfc,0x00,
  0x00,0x00,0xfc,0x00,0x00,0x00,0xfc,0x00,0x00,0x00,0xfc,0x00,0x00,0x00,0xfc,0x00,
  0x00,0x00,0xfc,0x00,0x00,0x00,0xfc,0x00,0x00,0x00,0xfc,0x00,0x00,0x00,0xfc,0x00,
  0x00,0x00,0xfc,0x00,0x00,0x00,0xfc,0x00,0x00,0x00,0xfc,0x00,0x00,0x00,0xfc,0x00,
  0x00,0x00,0xfc,0x00,0x00,0x00,0xfc,0x00,0x00,0x00,0xfc,0x00,0x00,0x00,0xfc,0x00,
  0x00,0x00,0xfc,0x00,0x00,0x00,0xfc,0x00,0x00,0x00,0xfc,0x00,0x00,0x00,0xfc,0x00,
  0x00,0x00,0xfc,0x00,0x00,0x00,0xfc,0x00,0x00,0x00,0xfc,0x00,0x00,0x00,0xfc,0x00,
  0x00,0x00,0xfc,0x00,0x00,0x00,0xfc,0x00,0x00,0x00,0xfc,0x00,0x00,0x00,0xfc,0x00,
  0x00,0x00,0xfc,0x00,0x00,0x00,0xfc,0x00,0x00,0x00,0xfc,0x00,0x00,0x00,0xfc,0x00,
  0x00,0x00,0xfc,0x00,0x00,0x00,0xfc,0x00,0x00,0x00,0xfc,0x00,0x00,0x00,0xfc,0x00,
  0x00,0x00,0xfc,0x00,0x00,0x00,0xfc,0x00,0x00,0x00,0xfc,0x00,0x00,0x00,0xfc,0x00,
  0x00,0x00,0xfc,0x00,0x00,0x00,0xfc,0x00,0x00,0x00,0xfc,0x00,0x00,0x00,0xfc,0x00,
  0x00,0x00,0xfc,0x00,0x00,0x00,0xfc,0x00,0x00,0x00,0xfc,0x00,0x00,0x00,0xfc,0x00,
  0x00,0x00,0xfc,0x00,0x00,0x00,0xfc,0x00,0x00,0x00,0xfc,0x00,0x00,0x00,0xfc,0x00,
  0x00,0x00,0xfc,0x00,0x00,0x00,0xfc,0x00,0x00,0x00,0xfc,0x00,0x00,0x00,0xfc,0x00,
  0x00,0x00,0xfc,0x00,0x00,0x00,0xfc,0x00,0x00,0x00,0xfc,0x00,0x00,0x00,0xfc,0x00,
  0x00,0x00,0xfc,0x00,0x00,0x00,0xfc,0x00,0x00,0x00,0xfc,0x00,0x00,0x00,0xfc,0x00,
  0x00,0x00,0xfc,0x00,0x00,0x00,0xfc,0x00,0x00,0x00,0xfc,0x00,0x00,0x00,0xfc,0x00,
  0x00,0x00,0xfc,0x00,0x00,0x00,0xfc,0x00,0x00,0x00,0xfc,0x00,0x00,0x00,0xfc,0x00,
  0x00,0x00,0xfc,0x00,0x00,0x00,0xfc,0x00,0x00,0x00,0xfc,0x00,0x00,0x00,0xfc,0x00,
  0x00,0x00,0xfc,0x00,0x00,0x00,0xfc,0x00,0x00,0x00,0xfc,0x00,0x00,0x00,0xfc,0x00,
  0x00,0x00,0xfc,0x00,0x00,0x00,0xfc,0x00,0x00,0x00,0xfc,0x00,0x00,0x00,0xfc,0x00,
  0x00,0x00,0xfc,0x00,0x00,0x00,0xfc,0x00,0x00,0x00,0xfc,0x00,0x00,0x00,0xfc,0x00,
  0x00,0x00,0xfc,0x00,0x00,0x00,0xfc,0x00,0x00,0x00,0xfc,0x00,0x00,0x00,0xfc,0x00,
  0x00,0x00,0xfc,0x00,0x00,0x00,0xfc,0x00,0x00,0x00,0xfc,0x00,0x00,0x00,0xfc,0x00,
  0x00,0x00,0xfc,0x00,0x00,0x00,0xfc,0x00,0x00,0x00,0xfc,0x00,0x00,0x00,0xfc,0x00,
  0x00,0x00,0xfc,0x00,0x00,0x00,0xfc,0x00,0x00,0x00,0xfc,0x00,0x00,0x00,0xfc,0x00,
  0x00,0x00,0xfc,0x00,0x00,0x00,0xfc,0x00,0x00,0x00,0xfc,0x00,0x00,0x00,0xfc,0x00,
  0x00,0x00,0xfc,0x00,0x00,0x00,0xfc,0x00,0x00,0x00,0xfc,0x00,0x00,0x00,0xfc,0x00,
  0x00,0x00,0xfc,0x00,0x00,0x00,0xfc,0x00,0x00,0x00,0xfc,0x00,0x00,0x00,0xfc,0x00,
  0x00,0x00,0xfc,0x00,0x00,0x00,0xfc,0x00,0x00,0x00,0xfc,0x00,0x00,0x00,0xfc,0x00,
  0x00,0x00,0xfc,0x00,0x00,0x00,0xfc,0x00,0x00,0x00,0xfc,0x00,0x00,0x00,0xfc,0x00,
  0x00,0x00,0xfc,0x00,0x00,0x00,0xfc,0x00,0x00,0x00,0xfc,0x00,0x00,0x00,0xfc,0x00,
  0x00,0x00,0xfc,0x00,0x00,0x00,0xfc,0x00,0x00,0x00,0xfc,0x00,0x00,0x00,0xfc,0x00,
  0x00,0x00,0xfc,0x00,0x00,0x00,0xfc,0x00,0x00,0x00,0xfc,0x00,0x00,0x00,0xfc,0x00,
  0x00,0x00,0xfc,0x00,0x00,0x00,0xfc,0x00,0x00,0x00,0xfc,0x00,0x00,0x00,0xfc,0x00,
  0x00,0x00,0xfc,0x00,0x00,0x00,0xfc,0x00,0x00,0x00,0xfc,0x00,0x00,0x00,0xfc,0x00,
  0x00,0x00,0xfc,0x00,0x00,0x00,0xfc,0x00,0x00,0x00,0xfc,0x00,0x00,0x00,0xfc,0x00,
  0x00,0x00,0xfc,0x00,0x00,0x00,0xfc,0x00,0x00,0x00,0xfc,0x00,0x00,0x00,0xfc,0x00,
  0x00,0x00,0xfc,0x00,0x00,0x00,0xfc,0x00,0x00,0x00,0xfc,0x00,0x00,0x00,0xfc,0x00,
  0x00,0x00,0xfc,0x00,0x00,0x00,0xfc,0x00,0x00,0x00,0xfc,0x00,0x00,0x00,0xfc,0x00,
  0x00,0x00,0xfc,0x00,0x00,0x00,0xfc,0x00,0x00,0x00,0xfc,0x00,0x00,0x00,0xfc,0x00,
  0x00,0x00,0xfc,0x00,0x00,0x00,0xfc,0x00,0x00,0x00,0xfc,0x00,0x00,0x00,0xfc,0x00,
  0x00,0x00,0xfc,0x00,0x00,0x00,0xfc,0x00,0x00,0x00,0xfc,0x00,0x00,0x00,0xfc,0x00,
  0x00,0x00,0xfc,0x00,0x00,0x00,0xfc,0x00,0x00,0x00,0xfc,0x00,0x00,0x00,0xfc,0x00,
  0x00,0x00,0xfc,0x00,0x00,0x00,0xfc,0x00,0x00,0x00,0xfc,0x00,0x00,0x00,0xfc,0x00,
  0x00,0x00,0xfc,0x00,0x00,0x00,0xfc,0x00,0x00,0x00,0xfc,0x00,0x00,0x00,0xfc,0x00,
  0x00,0x00,0xfc,0x00,0x00,0x00,0xfc,0x00,0x00,0x00,0xfc,0x00,0x00,0x00,0xfc,0x00,
  0x00,0x00,0xfc,0x00,0x00,0x00,0xfc,0x00,0x00,0x00,0xfc,0x00,0x00,0x00,0xfc,0x00,
  0x00,0x00,0xfc,0x00,0x00,0x00,0xfc,0x00,0x00,0x00,0xfc,0x00,0x00,0x00,0xfc,0x00,
  0x00,0x00,0xfc,0x00,0x00,0x00,0xfc,0x00,0x00,0x00,0xfc,0x00,0x00,0x00,0xfc,0x00,
  0x00,0x00,0xfc,0x00,0x00,0x00,0xfc,0x00,0x00,0x00,0xfc,0x00,0x00,0x00,0xfc,0x00,
  0x00,0x00,0xfc,0x00,0x00,0x00,0xfc,0x00,0x00,0x00,0xfc,0x00,0x00,0x00,0xfc,0x00,
  0x00,0x00,0xfc,0x00,0x00,0x00,0xfc,0x00,0x00,0x00,0xfc,0x00,0x00,0x00,0xfc,0x00,
  0x00,0x00,0xfc,0x00,0x00,0x00,0xfc,0x00,0x00,0x00,0xfc,0x00,0x00,0x00,0xfc,0x00,
  0x00,0x00,0xfc,0x00,0x00,0x00,0xfc,0x00,0x00,0x00,0xfc,0x00,0x00,0x00,0xfc,0x00,
  0x00,0x00,0xfc,0x00,0x00,0x00,0xfc,0x00,0x00,0x00,0xfc,0x00,0x00,0x00,0xfc,0x00,
  0x00,0x00,0xfc,0x00,0x00,0x00,0xfc,0x00,0x00,0x00,0xfc,0x00,0x00,0x00,0xfc,0x00,
  0x00,0x00,0xfc,0x00,0x00,0x00,0xfc,0x00,0x00,0x00,0xfc,0x00,0x00,0x00,0xfc,0x00,
  0x00,0x00,0xfc,0x00,0x00,0x00,0xfc,0x00,0x00,0x00,0xfc,0x00,0x00,0x00,0xfc,0x00,
  0x00,0x00,0xfc,0x00,0x00,0x00,0xfc,0x00,0x00,0x00,0xfc,0x00,0x00,0x00,0xfc,0x00,
  0x00,0x00,0xfc,0x00,0x00,0x00,0xfc,0x00,0x00,0x00,0xfc,0x00,0x00,0x00,0xfc,0x00,
  0x00,0x00,0xfc,0x00,0x00,0x00,0xfc,0x00,0x00,0x00,0xfc,0x00,0x00,0x00,0xfc,0x00,
  0x00,0x00,0xfc,0x00,0x00,0x00,0xfc,0x00,0x00,0x00,0xfc,0x00,0x00,0x00,0xfc,0x00,
  0x00,0x00,0xfc,0x00,0x00,0x00,0xfc,0x00,0x00,0x00,0xfc,0x00,0x00,0x00,0xfc,0x00,
  0x00,0x00,0xfc,0x00,0x00,0x00,0xfc,0x00,0x00,0x00,0xfc,0x00,0x00,0x00,0xfc,0x00,
  0x00,0x00,0xfc,0x00,0x00,0x00,0xfc,0x00,0x00,0x00,0xfc,0x00,0x00,0x00,0xfc,0x00,
  0x00,0x00,0xfc,0x00,0x00,0x00,0xfc,0x00,0x00,0x00,0xfc,0x00,0x00,0x00,0xfc,0x00,
  0x00,0x00,0xfc,0x00,0x00,0x00,0xfc,0x00,0x00,0x00,0xfc,0x00,0x00,0x00,0xfc,0x00,
  0x00,0x00,0xfc,0x00,0x00,0x00,0xfc,0x00,0x00,0x00,0xfc,0x00,0x00,0x00,0xfc,0x00,
  0x00,0x00,0xfc,0x00,0x00,0x00,0xfc,0x00,0x00,0x00,0xfc,0x00,0x00,0x00,0xfc,0x00,
  0x00,0x00,0xfc,0x00,0x00,0x00,0xfc,0x00,0x00,0x00,0xfc,0x00,0x00,0x00,0xfc,0x00,
  0x00,0x00,0xfc,0x00,0x00,0x00,0xfc,0x00,0x00,0x00,0xfc,0x00,0x00,0x00,0xfc,0x00,
  0x00,0x00,0xfc,0x00,0x00,0x00,0xfc,0x00,0x00,0x00,0xfc,0x00,0x00,0x00,0xfc,0x00,
  0x00,0x00,0xfc,0x00,0x00,0x00,0xfc,0x00,0x00,0x00,0xfc,0x00,0x00,0x00,0xfc,0x00,
  0x00,0x00,0xfc,0x00,0x00,0x00,0xfc,0x00,0x00,0x00,0xfc,0x00,0x00,0x00,0xfc,0x00,
  0x00,0x00,0xfc,0x00,0x00,0x00,0xfc,0x00,0x00,0x00,0xfc,0x00,0x00,0x00,0xfc,0x00,
  0x00,0x00,0xfc,0x00,0x00,0x00,0xfc,0x00,0x00,0x00,0xfc,0x00,0x00,0x00,0xfc,0x00,
  0x00,0x00,0xfc,0x00,0x00,0x00,0xfc,0x00,0x00,0x00,0xfc,0x00,0x00,0x00,0xfc,0x00,
  0x00,0x00,0xfc,0x00,0x00,0x00,0xfc,0x00,0x00,0x00,0xfc,0x00,0x00,0x00,0xfc,0x00,
  0x00,0x00,0xfc,0x00,0x00,0x00,0xfc,0x00,0x00,0x00,0xfc,0x00,0x00,0x00,0xfc,0x00,
  0x00,0x00,0xfc,0x00,0x00,0x00,0xfc,0x00,0x00,0x00,0xfc,0x00,0x00,0x00,0xfc,0x00,
  0x00,0x00,0xfc,0x00,0x00,0x00,0xfc,0x00,0x00,0x00,0xfc,0x00,0x00,0x00,0xfc,0x00,
  0x00,0x00,0xfc,0x00,0x00,0x00,0xfc,0x00,0x00,0x00,0xfc,0x00,0x00,0x00,0xfc,0x00,
  0x00,0x00,0xfc,0x00,0x00,0x00,0xfc,0x00,0x00,0x00,0xfc,0x00,0x00,0x00,0xfc,0x00,
  0x00,0x00,0xfc,0x00,0x00,0x00,0xfc,0x00,0x00,0x00,0xfc,0x00,0x00,0x00,0xfc,0x00,
  0x00,0x00,0xfc,0x00,0x00,0x00,0xfc,0x00,0x00,0x00,0xfc,0x00,0x00,0x00,0xfc,0x00,
  0x00,0x00,0xfc,0x00,0x00,0x00,0xfc,0x00,0x00,0x00,0xfc,0x00,0x00,0x00,0xfc,0x00,
  0x00,0x00,0xfc,0x00,0x00,0x00,0xfc,0x00,0x00,0x00,0xfc,0x00,0x00,0x00,0xfc,0x00,
  0x00,0x00,0xfc,0x00,0x00,0x00,0xfc,0x00,0x00,0x00,0xfc,0x00,0x00,0x00,0xfc,0x00,
  0x00,0x00,0xfc,0x00,0x00,0x00,0xfc,0x00,0x00,0x00,0xfc,0x00,0x00,0x00,0xfc,0x00,
  0x00,0x00,0xfc,0x00,0x00,0x00,0xfc,0x00,0x00,0x00,0xfc,0x00,0x00,0x00,0xfc,0x00,
  0x00,0x00,0xfc,0x00,0x00,0x00,0xfc,0x00,0x00,0x00,0xfc,0x00,0x00,0x00,0xfc,0x00,
  0x00,0x00,0xfc,0x00,0x00,0x00,0xfc,0x00,0x00,0x00,0xfc,0x00,0x00,0x00,0xfc,0x00,
  0x00,0x00,0xfc,0x00,0x00,0x00,0xfc,0x00,0x00,0x00,0xfc,0x00,0x00,0x00,0xfc,0x00,
  0x00,0x00,0xfc,0x00,0x00,0x00,0xfc,0x00,0x00,0x00,0xfc,0x00,0x00,0x00,0xfc,0x00,
  0x00,0x00,0xfc,0x00,0x00,0x00,0xfc,0x00,0x00,0x00,0xfc,0x00,0x00,0x00,0xfc,0x00,
  0x00,0x00,0xfc,0x00,0x00,0x00,0xfc,0x00,0x00,0x00,0xfc,0x00,0x00,0x00,0xfc,0x00,
  0x00,0x00,0xfc,0x00,0x00,0x00,0xfc,0x00,0x00,0x00,0xfc,0x00,0x00,0x00,0xfc,0x00,
  0x00,0x00,0xfc,0x00,0x00,0x00,0xfc,0x00,0x00,0x00,0xfc,0x00,0x00,0x00,0xfc,0x00,
  0x00,0x00,0xfc,0x00,0x00,0x00,0xfc,0x00,0x00,0x00,0xfc,0x00,0x00,0x00,0xfc,0x00,
  0x00,0x00,0xfc,0x00,0x00,0x00,0xfc,0x00,0x00,0x00,0xfc,0x00,0x00,0x00,0xfc,0x00,
  0x00,0x00,0xfc,0x00,0x00,0x00,0xfc,0x00,0x00,0x00,0xfc,0x00,0x00,0x00,0xfc,0x00,
  0x00,0x00,0xfc,0x00,0x00,0x00,0xfc,0x00,0x00,0x00,0xfc,0x00,0x00,0x00,0xfc,0x00,
  0x00,0x00,0xfc,0x00,0x00,0x00,0xfc,0x00,0x00,0x00,0xfc,0x00,0x00,0x00,0xfc,0x00,
  0x00,0x00,0xfc,0x00,0x00,0x00,0xfc,0x00,0x00,0x00,0xfc,0x00,0x00,0x00,0xfc,0x00,
  0x00,0x00,0xfc,0x00,0x00,0x00,0xfc,0x00,0x00,0x00,0xfc,0x00,0x00,0x00,0xfc,0x00,
  0x00,0x00,0xfc,0x00,0x00,0x00,0xfc,0x00,0x00,0x00,0xfc,0x00,0x00,0x00,0xfc,0x00,
  0x00,0x00,0xfc,0x00,0x00,0x00,0xfc,0x00,0x00,0x00,0xfc,0x00,0x00,0x00,0xfc,0x00,
  0x00,0x00,0xfc,0x00,0x00,0x00,0xfc,0x00,0x00,0x00,0xfc,0x00,0x00,0x00,0xfc,0x00,
  0x00,0x00,0xfc,0x00,0x00,0x00,0xfc,0x00,0x00,0x00,0xfc,0x00,0x00,0x00,0xfc,0x00,
  0x00,0x00,0xfc,0x00,0x00,0x00,0xfc,0x00,0x00,0x00,0xfc,0x00,0x00,0x00,0xfc,0x00,
  0x00,0x00,0xfc,0x00,0x00,0x00,0xfc,0x00,0x00,0x00,0xfc,0x00,0x00,0x00,0xfc,0x00,
  0x00,0x00,0xfc,0x00,0x00,0x00,0xfc,0x00,0x00,0x00,0xfc,0x00,0x00,0x00,0xfc,0x00,
  0x00,0x00,0xfc,0x00,0x00,0x00,0xfc,0x00,0x00,0x00,0xfc,0x00,0x00,0x00,0xfc,0x00,
  0x00,0x00,0xfc,0x00,0x00,0x00,0xfc,0x00,0x00,0x00,0xfc,0x00,0x00,0x00,0xfc,0x00,
  0x00,0x00,0xfc,0x00,0x00,0x00,0xfc,0x00,0x00,0x00,0xfc,0x00,0x00,0x00,0xfc,0x00,
  0x00,0x00,0xfc,0x00,0x00,0x00,0xfc,0x00,0x00,0x00,0xfc,0x00,0x00,0x00,0xfc,0x00,
  0x00,0x00,0xfc,0x00,0x00,0x00,0xfc,0x00,0x00,0x00,0xfc,0x00,0x00,0x00,0xfc,0x00,
  0x00,0x00,0xfc,0x00,0x00,0x00,0xfc,0x00,0x00,0x00,0xfc,0x00,0x00,0x00,0xfc,0x00,
  0x00,0x00,0xfc,0x00,0x00,0x00,0xfc,0x00,0x00,0x00,0xfc,0x00,0x00,0x00,0xfc,0x00,
  0x00,0x00,0xfc,0x00,0x00,0x00,0xfc,0x00,0x00,0x00,0xfc,0x00,0x00,0x00,0xfc,0x00,
  0x00,0x00,0xfc,0x00,0x00,0x00,0xfc,0x00,0x00,0x00,0xfc,0x00,0x00,0x00,0xfc,0x00,
  0x00,0x00,0xfc,0x00,0x00,0x00,0xfc,0x00,0x00,0x00,0xfc,0x00,0x00,0x00,0xfc,0x00,
  0x00,0x00,0xfc,0x00,0x00,0x00,0xfc,0x00,0x00,0x00,0xfc,0x00,0x00,0x00,0xfc,0x00,
  0x00,0x00,0xfc,0x00,0x00,0x00,0xfc,0x00,0x00,0x00,0xfc,0x00,0x00,0x00,0xfc,0x00,
  0x00,0x00,0xfc,0x00,0x00,0x00,0xfc,0x00,0x00,0x00,0xfc,0x00,0x00,0x00,0xfc,0x00,
  0x00,0x00,0xfc,0x00,0x00,0x00,0xfc,0x00,0x00,0x00,0xfc,0x00,0x00,0x00,0xfc,0x00,
  0x00,0x00,0xfc,0x00,0x00,0x00,0xfc,0x00,0x00,0x00,0xfc,0x00,0x00,0x00,0xfc,0x00,
  0x00,0x00,0xfc,0x00,0x00,0x00,0xfc,0x00,0x00,0x00,0xfc,0x00,0x00,0x00,0xfc,0x00,
  0x00,0x00,0xfc,0x00,0x00,0x00,0xfc,0x00,0x00,0x00,0xfc,0x00,0x00,0x00,0xfc,0x00,
  0x00,0x00,0xfc,0x00,0x00,0x00,0xfc,0x00,0x00,0x00,0xfc,0x00,0x00,0x00,0xfc,0x00,
  0x00,0x00,0xfc,0x00,0x00,0x00,0xfc,0x00,0x00,0x00,0xfc,0x00,0x00,0x00,0xfc,0x00,
  0x00,0x00,0xfc,0x00,0x00,0x00,0xfc,0x00,0x00,0x00,0xfc,0x00,0x00,0x00,0xfc,0x00,
  0x00,0x00,0xfc,0x00,0x00,0x00,0xfc,0x00,0x00,0x00,0xfc,0x00,0x00,0x00,0xfc,0x00,
  0x00,0x00,0xfc,0x00,0x00,0x00,0xfc,0x00,0x00,0x00,0xfc,0x00,0x00,0x00,0xfc,0x00,
  0x00,0x00,0xfc,0x00,0x00,0x00,0xfc,0x00,0x00,0x00,0xfc,0x00,0x00,0x00,0xfc,0x00,
  0x00,0x00,0xfc,0x00,0x00,0x00,0xfc,0x00,0x00,0x00,0xfc,0x00,0x00,0x00,0xfc,0x00,
  0x00,0x00,0xfc,0x00,0x00,0x00,0xfc,0x00,0x00,0x00,0xfc,0x00,0x00,0x00,0xfc,0x00,
  0x00,0x00,0xfc,0x00,0x00,0x00,0xfc,0x00,0x00,0x00,0xfc,0x00,0x00,0x00,0xfc,0x00,
  0x00,0x00,0xfc,0x00,0x00,0x00,0xfc,0x00,0x00,0x00,0xfc,0x00,0x00,0x00,0xfc,0x00,
  0x00,0x00,0xfc,0x00,0x00,0x00,0xfc,0x00,0x00,0x00,0xfc,0x00,0x00,0x00,0xfc,0x00,
  0x00,0x00,0xfc,0x00,0x00,0x00,0xfc,0x00,0x00,0x00,0xfc,0x00,0x00,0x00,0xfc,0x00,
  0x00,0x00,0xfc,0x00,0x00,0x00,0xfc,0x00,0x00,0x00,0xfc,0x00,0x00,0x00,0xfc,0x00,
  0x00,0x00,0xfc,0x00,0x00,0x00,0xfc,0x00,0x00,0x00,0xfc,0x00,0x00,0x00,0xfc,0x00,
  0x00,0x00,0xfc,0x00,0x00,0x00,0xfc,0x00,0x00,0x00,0xfc,0x00,0x00,0x00,0xfc,0x00,
  0x00,0x00,0xfc,0x00,0x00,0x00,0xfc,0x00,0x00,0x00,0xfc,0x00,0x00,0x00,0xfc,0x00,
  0x00,0x00,0xfc,0x00,0x00,0x00,0xfc,0x00,0x00,0x00,0xfc,0x00,0x00,0x00,0xfc,0x00,
  0x00,0x00,0xfc,0x00,0x00,0x00,0xfc,0x00,0x00,0x00,0xfc,0x00,0x00,0x00,0xfc,0x00,
  0x00,0x00,0xfc,0x00,0x00,0x00,0xfc,0x00,0x00,0x00,0xfc,0x00,0x00,0x00,0xfc,0x00,
  0x00,0x00,0xfc,0x00,0x00,0x00,0xfc,0x00,0x00,0x00,0xfc,0x00,0x00,0x00,0xfc,0x00,
  0x00,0x00,0xfc,0x00,0x00,0x00,0xfc,0x00,0x00,0x00,0xfc,0x00,0x00,0x00,0xfc,0x00,
  0x00,0x00,0xfc,0x00,0x00,0x00,0xfc,0x00,0x00,0x00,0xfc,0x00,0x00,0x00,0xfc,0x00,
  0x00,0x00,0xfc,0x00,0x00,0x00,0xfc,0x00,0x00,0x00,0xfc,0x00,0x00,0x00,0xfc,0x00,
  0x00,0x00,0xfc,0x00,0x00,0x00,0xfc,0x00,0x00,0x00,0xfc,0x00,0x00,0x00,0xfc,0x00,
  0x00,0x00,0xfc,0x00,0x00,0x00,0xfc,0x00,0x00,0x00,0xfc,0x00,0x00,0x00,0xfc,0x00,
  0x00,0x00,0xfc,0x00,0x00,0x00,0xfc,0x00,0x00,0x00,0xfc,0x00,0x00,0x00,0xfc,0x00,
  0x00,0x00,0xfc,0x00,0x00,0x00,0xfc,0x00,0x00,0x00,0xfc,0x00,0x00,0x00,0xfc,0x00,
  0x00,0x00,0xfc,0x00,0x00,0x00,0xfc,0x00,0x00,0x00,0xfc,0x00,0x00,0x00,0xfc,0x00,
  0x00,0x00,0xfc,0x00,0x00,0x00,0xfc,0x00,0x00,0x00,0xfc,0x00,0x00,0x00,0xfc,0x00,
  0x00,0x00,0xfc,0x00,0x00,0x00,0xfc,0x00,0x00,0x00,0xfc,0x00,0x00,0x00,0xfc,0x00,
  0x00,0x00,0xfc,0x00,0x00,0x00,0xfc,0x00,0x00,0x00,0xfc,0x00,0x00,0x00,0xfc,0x00,
  0x00,0x00,0xfc,0x00,0x00,0x00,0xfc,0x00,0x00,0x00,0xfc,0x00,0x00,0x00,0xfc,0x00,
  0x00,0x00,0xfc,0x00,0x00,0x00,0xfc,0x00,0x00,0x00,0xfc,0x00,0x00,0x00,0xfc,0x00,
  0x00,0x00,0xfc,0x00,0x00,0x00,0xfc,0x00,0x00,0x00,0xfc,0x00,0x00,0x00,0xfc,0x00,
  0x00,0x00,0xfc,0x00,0x00,0x00,0xfc,0x00,0x00,0x00,0xfc,0x00,0x00,0x00,0xfc,0x00,
  0x00,0x00,0xfc,0x00,0x00,0x00,0xfc,0x00,0x00,0x00,0xfc,0x00,0x00,0x00,0xfc,0x00,
  0x00,0x00,0xfc,0x00,0x00,0x00,0xfc,0x00,0x00,0x00,0xfc,0x00,0x00,0x00,0xfc,0x00,
  0x00,0x00,0xfc,0x00,0x00,0x00,0xfc,0x00,0x00,0x00,0xfc,0x00,0x00,0x00,0xfc,0x00,
  0x00,0x00,0xfc,0x00,0x00,0x00,0xfc,0x00,0x00,0x00,0xfc,0x00,0x00,0x00,0xfc,0x00,
  0x00,0x00,0xfc,0x00,0x00,0x00,0xfc,0x00,0x00,0x00,0xfc,0x00,0x00,0x00,0xfc,0x00,
  0x00,0x00,0xfc,0x00,0x00,0x00,0xfc,0x00,0x00,0x00,0xfc,0x00,0x00,0x00,0xfc,0x00,
  0x00,0x00,0xfc,0x00,0x00,0x00,0xfc,0x00,0x00,0x00,0xfc,0x00,0x00,0x00,0xfc,0x00,
  0x00,0x00,0xfc,0x00,0x00,0x00,0xfc,0x00,0x00,0x00,0xfc,0x00,0x00,0x00,0xfc,0x00,
  0x00,0x00,0xfc,0x00,0x00,0x00,0xfc,0x00,0x00,0x00,0xfc,0x00,0x00,0x00,0xfc,0x00,
  0x00,0x00,0xfc,0x00,0x00,0x00,0xfc,0x00,0x00,0x00,0xfc,0x00,0x00,0x00,0xfc,0x00,
  0x00,0x00,0xfc,0x00,0x00,0x00,0xfc,0x00,0x00,0x00,0xfc,0x00,0x00,0x00,0xfc,0x00,
  0x00,0x00,0xfc,0x00,0x00,0x00,0xfc,0x00,0x00,0x00,0xfc,0x00,0x00,0x00,0xfc,0x00,
  0x00,0x00,0xfc,0x00,0x00,0x00,0xfc,0x00,0x00,0x00,0xfc,0x00,0x00,0x00,0xfc,0x00,
  0x00,0x00,0xfc,0x00,0x00,0x00,0xfc,0x00,0x00,0x00,0xfc,0x00,0x00,0x00,0xfc,0x00,
  0x00,0x00,0xfc,0x00,0x00,0x00,0xfc,0x00,0x00,0x00,0xfc,0x00,0x00,0x00,0xfc,0x00,
  0x00,0x00,0xfc,0x00,0x00,0x00,0xfc,0x00,0x00,0x00,0xfc,0x00,0x00,0x00,0xfc,0x00,
  0x00,0x00,0xfc,0x00,0x00,0x00,0xfc,0x00,0x00,0x00,0xfc,0x00,0x00,0x00,0xfc,0x00,
  0x00,0x00,0xfc,0x00,0x00,0x00,0xfc,0x00,0x00,0x00,0xfc,0x00,0x00,0x00,0xfc,0x00,
  0x00,0x00,0xfc,0x00,0x00,0x00,0xfc,0x00,0x00,0x00,0xfc,0x00,0x00,0x00,0xfc,0x00,
  0x00,0x00,0xfc,0x00,0x00,0x00,0xfc,0x00,0x00,0x00,0xfc,0x00,0x00,0x00,0xfc,0x00,
  0x00,0x00,0xfc,0x00,0x00,0x00,0xfc,0x00,0x00,0x00,0xfc,0x00,0x00,0x00,0xfc,0x00,
  0x00,0x00,0xfc,0x00,0x00,0x00,0xfc,0x00,0x00,0x00,0xfc,0x00,0x00,0x00,0xfc,0x00,
  0x00,0x00,0xfc,0x00,0x00,0x00,0xfc,0x00,0x00,0x00,0xfc,0x00,0x00,0x00,0xfc,0x00,
  0x00,0x00,0xfc,0x00,0x00,0x00,0xfc,0x00,0x00,0x00,0xfc,0x00,0x00,0x00,0xfc,0x00,
  0x00,0x00,0xfc,0x00,0x00,0x00,0xfc,0x00,0x00,0x00,0xfc,0x00,0x00,0x00,0xfc,0x00,
  0x00,0x00,0xfc,0x00,0x00,0x00,0xfc,0x00,0x00,0x00,0xfc,0x00,0x00,0x00,0xfc,0x00,
  0x00,0x00,0xfc,0x00,0x00,0x00,0xfc,0x00,0x00,0x00,0xfc,0x00,0x00,0x00,0xfc,0x00,
  0x00,0x00,0xfc,0x00,0x00,0x00,0xfc,0x00,0x00,0x00,0xfc,0x00,0x00,0x00,0xfc,0x00,
  0x00,0x00,0xfc,0x00,0x00,0x00,0xfc,0x00,0x00,0x00,0xfc,0x00,0x00,0x00,0xfc,0x00,
  0x00,0x00,0xfc,0x00,0x00,0x00,0xfc,0x00,0x00,0x00,0xfc,0x00,0x00,0x00,0xfc,0x00,
  0x00,0x00,0xfc,0x00,0x00,0x00,0xfc,0x00,0x00,0x00,0xfc,0x00,0x00,0x00,0xfc,0x00,
  0x00,0x00,0xfc,0x00,0x00,0x00,0xfc,0x00,0x00,0x00,0xfc,0x00,0x00,0x00,0xfc,0x00,
  0x00,0x00,0xfc,0x00,0x00,0x00,0xfc,0x00,0x00,0x00,0xfc,0x00,0x00,0x00,0xfc,0x00,
  0x00,0x00,0xfc,0x00,0x00,0x00,0xfc,0x00,0x00,0x00,0xfc,0x00,0x00,0x00,0xfc,0x00,
  0x00,0x00,0xfc,0x00,0x00,0x00,0xfc,0x00,0x00,0x00,0xfc,0x00,0x00,0x00,0xfc,0x00,
  0x00,0x00,0xfc,0x00,0x00,0x00,0xfc,0x00,0x00,0x00,0xfc,0x00,0x00,0x00,0xfc,0x00,
  0x00,0x00,0xfc,0x00,0x00,0x00,0xfc,0x00,0x00,0x00,0xfc,0x00,0x00,0x00,0xfc,0x00,
  0x00,0x00,0xfc,0x00,0x00,0x00,0xfc,0x00,0x00,0x00,0xfc,0x00,0x00,0x00,0xfc,0x00,
  0x00,0x00,0xfc,0x00,0x00,0x00,0xfc,0x00,0x00,0x00,0xfc,0x00,0x00,0x00,0xfc,0x00,
  0x00,0x00,0xfc,0x00,0x00,0x00,0xfc,0x00,0x00,0x00,0xfc,0x00,0x00,0x00,0xfc,0x00,
  0x00,0x00,0xfc,0x00,0x00,0x00,0xfc,0x00,0x00,0x00,0xfc,0x00,0x00,0x00,0xfc,0x00,
  0x00,0x00,0xfc,0x00,0x00,0x00,0xfc,0x00,0x00,0x00,0xfc,0x00,0x00,0x00,0xfc,0x00,
  0x00,0x00,0xfc,0x00,0x00,0x00,0xfc,0x00,0x00,0x00,0xfc,0x00,0x00,0x00,0xfc,0x00,
  0x00,0x00,0xfc,0x00,0x00,0x00,0xfc,0x00,0x00,0x00,0xfc,0x00,0x00,0x00,0xfc,0x00,
  0x00,0x00,0xfc,0x00,0x00,0x00,0xfc,0x00,0x00,0x00,0xfc,0x00,0x00,0x00,0xfc,0x00,
  0x00,0x00,0xfc,0x00,0x00,0x00,0xfc,0x00,0x00,0x00,0xfc,0x00,0x00,0x00,0xfc,0x00,
  0x00,0x00,0xfc,0x00,0x00,0x00,0xfc,0x00,0x00,0x00,0xfc,0x00,0x00,0x00,0xfc,0x00,
  0x00,0x00,0xfc,0x00,0x00,0x00,0xfc,0x00,0x00,0x00,0xfc,0x00,0x00,0x00,0xfc,0x00,
  0x00,0x00,0xfc,0x00,0x00,0x00,0xfc,0x00,0x00,0x00,0xfc,0x00,0x00,0x00,0xfc,0x00,
  0x00,0x00,0xfc,0x00,0x00,0x00,0xfc,0x00,0x00,0x00,0xfc,0x00,0x00,0x00,0xfc,0x00,
  0x00,0x00,0xfc,0x00,0x00,0x00,0xfc,0x00,0x00,0x00,0xfc,0x00,0x00,0x00,0xfc,0x00,
  0x00,0x00,0xfc,0x00,0x00,0x00,0xfc,0x00,0x00,0x00,0xfc,0x00,0x00,0x00,0xfc,0x00,
  0x00,0x00,0xfc,0x00,0x00,0x00,0xfc,0x00,0x00,0x00,0xfc,0x00,0x00,0x00,0xfc,0x00,
  0x00,0x00,0xfc,0x00,0x00,0x00,0xfc,0x00,0x00,0x00,0xfc,0x00,0x00,0x00,0xfc,0x00,
  0x00,0x00,0xfc,0x00,0x00,0x00,0xfc,0x00,0x00,0x00,0xfc,0x00,0x00,0x00,0xfc,0x00,
  0x00,0x00,0xfc,0x00,0x00,0x00,0xfc,0x00,0x00,0x00,0xfc,0x00,0x00,0x00,0xfc,0x00,
  0x00,0x00,0xfc,0x00,0x00,0x00,0xfc,0x00,0x00,0x00,0xfc,0x00,0x00,0x00,0xfc,0x00,
  0x00,0x00,0xfc,0x00,0x00,0x00,0xfc,0x00,0x00,0x00,0xfc,0x00,0x00,0x00,0xfc,0x00,
  0x00,0x00,0xfc,0x00,0x00,0x00,0xfc,0x00,0x00,0x00,0xfc,0x00,0x00,0x00,0xfc,0x00,
  0x00,0x00,0xfc,0x00,0x00,0x00,0xfc,0x00,0x00,0x00,0xfc,0x00,0x00,0x00,0xfc,0x00,
  0x00,0x00,0xfc,0x00,0x00,0x00,0xfc,0x00,0x00,0x00,0xfc,0x00,0x00,0x00,0xfc,0x00,
  0x00,0x00,0xfc,0x00,0x00,0x00,0xfc,0x00,0x00,0x00,0xfc,0x00,0x00,0x00,0xfc,0x00,
  0x00,0x00,0xfc,0x00,0x00,0x00,0xfc,0x00,0x00,0x00,0xfc,0x00,0x00,0x00,0xfc,0x00,
  0x00,0x00,0xfc,0x00,0x00,0x00,0xfc,0x00,0x00,0x00,0xfc,0x00,0x00,0x00,0xfc,0x00,
  0x00,0x00,0xfc,0x00,0x00,0x00,0xfc,0x00,0x00,0x00,0xfc,0x00,0x00,0x00,0xfc,0x00,
  0x00,0x00,0xfc,0x00,0x00,0x00,0xfc,0x00,0x00,0x00,0xfc,0x00,0x00,0x00,0xfc,0x00,
  0x00,0x00,0xfc,0x00,0x00,0x00,0xfc,0x00,0x00,0x00,0xfc,0x00,0x00,0x00,0xfc,0x00,
  0x00,0x00,0xfc,0x00,0x00,0x00,0xfc,0x00,0x00,0x00,0xfc,0x00,0x00,0x00,0xfc,0x00,
  0x00,0x00,0xfc,0x00,0x00,0x00,0xfc,0x00,0x00,0x00,0xfc,0x00,0x00,0x00,0xfc,0x00,
  0x00,0x00,0xfc,0x00,0x00,0x00,0xfc,0x00,0x00,0x00,0xfc,0x00,0x00,0x00,0xfc,0x00,
  0x00,0x00,0xfc,0x00,0x00,0x00,0xfc,0x00,0x00,0x00,0xfc,0x00,0x00,0x00,0xfc,0x00,
  0x00,0x00,0xfc,0x00,0x00,0x00,0xfc,0x00,0x00,0x00,0xfc,0x00,0x00,0x00,0xfc,0x00,
  0x00,0x00,0xfc,0x00,0x00,0x00,0xfc,0x00,0x00,0x00,0xfc,0x00,0x00,0x00,0xfc,0x00,
  0x00,0x00,0xfc,0x00,0x00,0x00,0xfc,0x00,0x00,0x00,0xfc,0x00,0x00,0x00,0xfc,0x00,
  0x00,0x00,0xfc,0x00,0x00,0x00,0xfc,0x00,0x00,0x00,0xfc,0x00,0x00,0x00,0xfc,0x00,
  0x00,0x00,0xfc,0x00,0x00,0x00,0xfc,0x00,0x00,0x00,0xfc,0x00,0x00,0x00,0xfc,0x00,
  0x00,0x00,0xfc,0x00,0x00,0x00,0xfc,0x00,0x00,0x00,0xfc,0x00,0x00,0x00,0xfc,0x00,
  0x00,0x00,0xfc,0x00,0x00,0x00,0xfc,0x00,0x00,0x00,0xfc,0x00,0x00,0x00,0xfc,0x00,
  0x00,0x00,0xfc,0x00,0x00,0x00,0xfc,0x00,0x00,0x00,0xfc,0x00,0x00,0x00,0xfc,0x00,
  0x00,0x00,0xfc,0x00,0x00,0x00,0xfc,0x00,0x00,0x00,0xfc,0x00,0x00,0x00,0xfc,0x00,
  0x00,0x00,0xfc,0x00,0x00,0x00,0xfc,0x00,0x00,0x00,0xfc,0x00,0x00,0x00,0xfc,0x00,
  0x00,0x00,0xfc,0x00,0x00,0x00,0xfc,0x00,0x00,0x00,0xfc,0x00,0x00,0x00,0xfc,0x00,
  0x00,0x00,0xfc,0x00,0x00,0x00,0xfc,0x00,0x00,0x00,0xfc,0x00,0x00,0x00,0xfc,0x00,
  0x00,0x00,0xfc,0x00,0x00,0x00,0xfc,0x00,0x00,0x00,0xfc,0x00,0x00,0x00,0xfc,0x00,
  0x00,0x00,0xfc,0x00,0x00,0x00,0xfc,0x00,0x00,0x00,0xfc,0x00,0x00,0x00,0xfc,0x00,
  0x00,0x00,0xfc,0x00,0x00,0x00,0xfc,0x00,0x00,0x00,0xfc,0x00,0x00,0x00,0xfc,0x00,
  0x00,0x00,0xfc,0x00,0x00,0x00,0xfc,0x00,0x00,0x00,0xfc,0x00,0x00,0x00,0xfc,0x00,
  0x00,0x00,0xfc,0x00,0x00,0x00,0xfc,0x00,0x00,0x00,0xfc,0x00,0x00,0x00,0xfc,0x00,
  0x00,0x00,0xfc,0x00,0x00,0x00,0xfc,0x00,0x00,0x00,0xfc,0x00,0x00,0x00,0xfc,0x00,
  0x00,0x00,0xfc,0x00,0x00,0x00,0xfc,0x00,0x00,0x00,0xfc,0x00,0x00,0x00,0xfc,0x00,
  0x00,0x00,0xfc,0x00,0x00,0x00,0xfc,0x00,0x00,0x00,0xfc,0x31,0x00,0x01,0x03,0x27,
  0x00,0x01,0x0a,0x82,0x00,0x01,0x12,0x4b,0x00,0x01,0x1a,0x8c,0x00,0x01,0x23,0x50,
  0x00,0x01,0x2c,0xa4,0x00,0x01,0x36,0x96,0x00,0x01,0x41,0x35,0x00,0x01,0x4c,0x96,
  0x00,0x01,0x58,0xcc,0x00,0x01,0x65,0xf1,0x00,0x01,0x74,0x21,0x00,0x01,0x83,0x7c,
  0x00,0x01,0x94,0x29,0x00,0x01,0xa6,0x57,0x00,0x01,0xba,0x3b,0x00,0x01,0xd0,0x16,
  0x00,0x01,0xe8,0x38,0x00,0x02,0x02,0xfe,0x00,0x02,0x20,0xe1,0x00,0x02,0x42,0x71,
  0x00,0x02,0x68,0x6a,0x00,0x02,0x93,0xb9,0x00,0x02,0xc5,0x94,0x00,0x02,0xff,0x95,
  0x00,0x03,0x43,0xea,0x00,0x03,0x95,0x9a,0x80,0x03,0xf8,0xfb,
};

static inline const unsigned char *slope_for(int rung,int *len){
  if(rung==75){*len=sizeof(SLOPE_75);return SLOPE_75;}
  if(rung==150){*len=sizeof(SLOPE_150);return SLOPE_150;}
  if(rung==300){*len=sizeof(SLOPE_300);return SLOPE_300;}
  if(rung==600){*len=sizeof(SLOPE_600);return SLOPE_600;}
  if(rung==1200){*len=sizeof(SLOPE_1200);return SLOPE_1200;}
  *len=sizeof(SLOPE_300);return SLOPE_300;
}
static inline const unsigned char *tail_for(int rung,int *len){
  if(rung==75){*len=sizeof(TAIL_75);return TAIL_75;}
  if(rung==150){*len=sizeof(TAIL_150);return TAIL_150;}
  if(rung==300){*len=sizeof(TAIL_300);return TAIL_300;}
  if(rung==600){*len=sizeof(TAIL_600);return TAIL_600;}
  if(rung==1200){*len=sizeof(TAIL_1200);return TAIL_1200;}
  *len=sizeof(TAIL_300);return TAIL_300;
}

#endif
